# Blender 5.2.1 LTS
# www.blender.org
o sofa_0
v -1.895632 7.487010 10.852398
v -1.893963 7.424020 10.776209
v -1.894994 7.482215 10.823241
v -1.894452 7.468560 10.798524
v -1.894090 7.448125 10.782008
v -1.264392 7.424020 11.363369
v -1.343750 7.487010 11.367425
v -1.270433 7.448125 11.363678
v -1.287637 7.468560 11.364557
v -1.313382 7.482215 11.365872
v -2.070706 7.487010 18.085539
v -2.055495 7.424021 18.148529
v -2.064885 7.482215 18.109646
v -2.059950 7.468561 18.130081
v -2.056653 7.448125 18.143736
v -4.677563 7.424021 17.522190
v -4.653617 7.487010 17.463930
v -4.675741 7.448125 17.517757
v -4.670550 7.468561 17.505127
v -4.662782 7.482215 17.486227
v -3.541387 7.487010 10.116149
v -3.524225 7.424020 10.055369
v -3.534820 7.482215 10.092890
v -3.529252 7.468560 10.073171
v -3.525531 7.448125 10.059996
v -3.141870 7.487010 18.085539
v -3.154316 7.424021 18.148529
v -3.146633 7.482215 18.109646
v -3.150671 7.468561 18.130081
v -3.153369 7.448125 18.143736
v -4.442131 7.424020 9.898681
v -4.444088 7.487010 9.962048
v -4.442280 7.448125 9.903503
v -4.442704 7.468560 9.917239
v -4.443339 7.482215 9.937798
v -7.242692 7.424020 10.041229
v -7.237401 7.487010 10.104219
v -7.242289 7.448125 10.046024
v -7.241142 7.468560 10.059679
v -7.239426 7.482215 10.080114
v -8.692038 7.424021 16.844151
v -8.686485 7.487010 16.778189
v -8.691615 7.448125 16.839127
v -8.690412 7.468561 16.824829
v -8.688610 7.482215 16.803429
v -6.999548 7.487010 16.778070
v -6.997163 7.424021 16.844151
v -6.998635 7.482215 16.803360
v -6.997861 7.468561 16.824799
v -6.997344 7.448125 16.839123
v -9.876875 7.424020 10.041229
v -9.876875 7.487010 10.104219
v -9.876875 7.448125 10.046024
v -9.876875 7.468560 10.059679
v -9.876875 7.482215 10.080114
v -10.217773 7.487010 17.134239
v -10.204790 7.424021 17.195890
v -10.212805 7.482215 17.157835
v -10.208592 7.468561 17.177834
v -10.205778 7.448125 17.191200
v -10.351780 7.424020 10.041229
v -10.404970 7.487010 10.104219
v -10.355829 7.448125 10.046023
v -10.367359 7.468560 10.059679
v -10.384615 7.482215 10.080114
v -12.449667 7.487010 17.553806
v -12.436750 7.424021 17.615471
v -12.444724 7.482215 17.577404
v -12.440534 7.468561 17.597410
v -12.437734 7.448125 17.610777
v -11.250300 7.424020 9.519485
v -11.263092 7.487010 9.606774
v -11.251274 7.448125 9.526130
v -11.254047 7.468560 9.545052
v -11.258197 7.482215 9.573371
v -16.269100 7.424020 7.158290
v -16.244532 7.487010 6.982972
v -16.267231 7.448124 7.144951
v -16.261906 7.468560 7.106947
v -16.253935 7.482214 7.050070
v -16.269100 7.424020 6.707212
v -16.246069 7.487010 6.851281
v -16.267345 7.448124 6.718186
v -16.262352 7.468560 6.749419
v -16.254883 7.482214 6.796155
v -15.965830 7.487010 8.203168
v -16.028820 7.424020 8.210268
v -15.989935 7.482214 8.205885
v -16.010370 7.468560 8.208188
v -16.024025 7.448124 8.209727
v -15.965830 7.424020 5.954877
v -15.890570 7.487010 5.968120
v -15.960101 7.448124 5.955885
v -15.943787 7.468560 5.958756
v -15.919371 7.482214 5.963052
v -15.965830 7.487010 9.086666
v -16.028820 7.424020 9.083348
v -15.989935 7.482214 9.085397
v -16.010370 7.468560 9.084320
v -16.024025 7.448124 9.083601
v -16.045952 7.487010 18.385149
v -16.033670 7.424021 18.446960
v -16.041252 7.482215 18.408802
v -16.037268 7.468561 18.428856
v -16.034605 7.448125 18.442253
v -15.066490 7.424020 5.319653
v -15.071618 7.487010 5.389246
v -15.066880 7.448124 5.324951
v -15.067992 7.468560 5.340036
v -15.069655 7.482214 5.362614
v -14.193010 7.424020 5.221117
v -14.202721 7.487010 5.290888
v -14.193749 7.448124 5.226429
v -14.195854 7.468560 5.241553
v -14.199005 7.482214 5.264188
v -13.317100 7.424020 5.621314
v -13.331441 7.487010 5.689024
v -13.318192 7.448124 5.626468
v -13.321301 7.468560 5.641145
v -13.325953 7.482214 5.663113
v -16.028168 7.487010 9.676476
v -16.103939 7.424020 9.794089
v -16.057163 7.482215 9.721484
v -16.081747 7.468560 9.759643
v -16.098173 7.448125 9.785140
v -12.538520 7.424020 6.334477
v -12.579268 7.487010 6.378177
v -12.541622 7.448124 6.337804
v -12.550455 7.468560 6.347276
v -12.563675 7.482214 6.361454
v -19.502159 7.424021 19.025240
v -19.523220 7.487010 18.964891
v -19.503761 7.448125 19.020647
v -19.508327 7.468561 19.007565
v -19.515160 7.482215 18.987988
v -16.292740 7.487010 10.215924
v -16.243660 7.424020 10.081210
v -16.273956 7.482215 10.164365
v -16.258034 7.468560 10.120664
v -16.247395 7.448125 10.091464
v -16.673922 7.487010 10.986212
v -16.647490 7.424020 10.911079
v -16.663807 7.482215 10.957463
v -16.655231 7.468560 10.933082
v -16.649502 7.448125 10.916794
v -16.878853 7.424020 11.160507
v -16.855988 7.487010 11.181716
v -16.973232 7.487010 11.282425
v -16.983870 7.424020 11.216763
v -16.877111 7.448125 11.162122
v -16.872156 7.468560 11.166718
v -16.899981 7.424020 11.178947
v -16.900219 7.448454 11.183175
v -16.898024 7.468545 11.189983
v -16.924532 7.468538 11.210275
v -16.892258 7.487010 11.218862
v -16.927275 7.487010 11.251044
v -16.864738 7.482215 11.173599
v -16.895872 7.479949 11.203169
v -16.925442 7.479944 11.228443
v -16.977303 7.482215 11.257297
v -16.980755 7.468560 11.235994
v -16.955709 7.487010 11.273365
v -16.952122 7.479949 11.244898
v -16.952324 7.468545 11.224622
v -16.956816 7.424020 11.209393
v -16.927357 7.424020 11.196113
v -16.983059 7.448125 11.221761
v -16.953413 7.448454 11.213792
v -16.925480 7.448450 11.200976
v -17.534851 7.487010 11.380255
v -17.514919 7.424020 11.302799
v -17.527224 7.482215 11.350614
v -17.520758 7.468560 11.325484
v -17.516436 7.448125 11.308696
v -12.196880 7.424020 7.085197
v -12.199755 7.487010 7.211368
v -12.197099 7.448124 7.094801
v -12.197722 7.468560 7.122152
v -12.198655 7.482214 7.163084
v -11.817680 7.424020 8.655289
v -11.824572 7.487010 8.755027
v -11.818205 7.448124 8.662880
v -11.819698 7.468560 8.684501
v -11.821935 7.482214 8.716859
v -18.090397 7.487010 11.124997
v -18.075840 7.424020 11.043539
v -18.084826 7.482215 11.093823
v -18.080103 7.468560 11.067397
v -18.076948 7.448125 11.049739
v -18.453863 7.487010 10.518612
v -18.442511 7.424020 10.426489
v -18.449518 7.482215 10.483357
v -18.445835 7.468560 10.453471
v -18.443375 7.448125 10.433501
v -18.540613 7.487010 9.981631
v -18.528530 7.424020 9.867990
v -18.535990 7.482215 9.938149
v -18.532070 7.468560 9.901282
v -18.529449 7.448125 9.876647
v -18.852440 7.487010 7.957746
v -18.798290 7.424020 8.109715
v -18.831718 7.482214 8.015904
v -18.814150 7.468560 8.065204
v -18.802412 7.448124 8.098147
v -19.113482 7.487010 3.779959
v -19.054720 7.424020 3.756830
v -19.090996 7.482214 3.771108
v -19.071932 7.468560 3.763605
v -19.059193 7.448124 3.758591
v -18.623030 7.424020 5.133892
v -18.686590 7.487010 5.141716
v -18.627867 7.448124 5.134487
v -18.641647 7.468560 5.136183
v -18.662266 7.482214 5.138721
v -19.831125 7.487009 2.280640
v -19.778790 7.424019 2.244083
v -19.811098 7.482214 2.266651
v -19.794121 7.468559 2.254792
v -19.782774 7.448124 2.246867
v -19.921848 7.424021 19.361420
v -19.971010 7.424021 19.463791
v -20.034000 7.487010 19.463791
v -19.961226 7.487010 19.312260
v -19.940664 7.424021 19.381285
v -19.956614 7.424021 19.407715
v -19.924845 7.448125 19.357677
v -19.945997 7.448455 19.379625
v -19.962343 7.448450 19.404964
v -19.972216 7.468539 19.400225
v -19.975807 7.448125 19.463791
v -19.989462 7.468561 19.463791
v -19.967270 7.424021 19.436687
v -19.971899 7.448455 19.433561
v -19.982635 7.468546 19.431143
v -20.028460 7.487010 19.423672
v -20.012684 7.487010 19.380787
v -20.009897 7.482215 19.463791
v -20.002071 7.479950 19.426634
v -19.990377 7.479945 19.391499
v -19.946156 7.482215 19.331074
v -19.933382 7.468561 19.347023
v -19.989073 7.487010 19.341663
v -19.970266 7.479950 19.360409
v -19.954599 7.468546 19.372759
v -21.107523 7.487009 0.972247
v -21.067810 7.424019 0.922751
v -21.092325 7.482214 0.953305
v -21.079441 7.468559 0.937248
v -21.070833 7.448124 0.926518
v -19.971010 7.424021 20.535980
v -20.010263 7.424021 20.648235
v -20.034000 7.487010 20.600348
v -19.973999 7.424021 20.563835
v -19.982508 7.424021 20.594950
v -19.975807 7.448125 20.550747
v -19.980558 7.447277 20.574291
v -19.985859 7.446682 20.596367
v -19.990948 7.460246 20.597507
v -20.009350 7.448125 20.641172
v -20.013540 7.468561 20.629591
v -19.995241 7.424021 20.624588
v -19.996761 7.447277 20.618153
v -19.999443 7.465897 20.611469
v -20.009897 7.482215 20.585583
v -19.989462 7.468561 20.568165
v -20.022196 7.482215 20.615255
v -20.004025 7.475246 20.599247
v -19.989002 7.465897 20.584705
v -20.590406 7.424021 21.376345
v -20.690804 7.424021 21.440746
v -20.631256 7.487010 21.350870
v -20.610085 7.424021 21.396351
v -20.636074 7.424021 21.415615
v -20.594189 7.448125 21.375246
v -20.614727 7.447277 21.393948
v -20.634232 7.446682 21.410568
v -20.632879 7.460246 21.403761
v -20.676178 7.448125 21.431408
v -20.659725 7.468561 21.411047
v -20.664419 7.424021 21.431206
v -20.654457 7.447277 21.421040
v -20.644510 7.465897 21.408398
v -20.616295 7.482215 21.361460
v -20.603279 7.468561 21.370018
v -20.643951 7.482215 21.382767
v -20.631121 7.475246 21.387115
v -20.619946 7.465897 21.390633
v -21.655790 7.424021 21.679621
v -21.703266 7.487010 21.616631
v -21.659405 7.448125 21.674824
v -21.669697 7.468561 21.661169
v -21.685099 7.482215 21.640736
v -22.087103 7.487009 0.365442
v -22.060020 7.424019 0.308122
v -22.076738 7.482214 0.343507
v -22.067953 7.468559 0.324911
v -22.062082 7.448124 0.312486
v -22.372589 7.424021 21.679621
v -22.355576 7.487010 21.616631
v -22.371294 7.448125 21.674824
v -22.367605 7.468561 21.661171
v -22.362085 7.482215 21.640736
v -22.975439 7.487009 0.062989
v -22.965010 7.424019 -0.000001
v -22.971447 7.482214 0.038884
v -22.968065 7.468559 0.018449
v -22.965803 7.448124 0.004794
v -23.567921 7.424021 20.983009
v -23.526136 7.487010 20.934456
v -23.564739 7.448125 20.979313
v -23.555681 7.468561 20.968786
v -23.542126 7.482215 20.953035
v -24.023451 7.424020 4.810422
v -23.960461 7.487010 4.817573
v -24.018654 7.448124 4.810967
v -24.005001 7.468560 4.812517
v -23.984564 7.482214 4.814837
v -25.095816 7.487009 0.062989
v -25.143669 7.424019 -0.000001
v -25.114128 7.482214 0.038884
v -25.129654 7.468559 0.018449
v -25.140026 7.448124 0.004794
v -23.960461 7.487010 7.267230
v -24.023451 7.424020 7.263287
v -23.984566 7.482214 7.265721
v -24.004999 7.468560 7.264442
v -24.018654 7.448124 7.263587
v -24.702280 7.424020 3.777426
v -24.714739 7.487010 3.670801
v -24.703228 7.448124 3.769309
v -24.705929 7.468560 3.746196
v -24.709970 7.482214 3.711604
v -24.494711 7.424021 19.830481
v -24.437346 7.487010 19.801304
v -24.490343 7.448125 19.828259
v -24.477909 7.468561 19.821934
v -24.459297 7.482215 19.812469
v -24.398514 7.487010 10.639091
v -24.392950 7.424020 10.107459
v -24.396385 7.482215 10.435624
v -24.394579 7.468560 10.263158
v -24.393373 7.448125 10.147912
v -24.915110 7.487010 14.613563
v -24.978100 7.424020 14.609359
v -24.939217 7.482215 14.611954
v -24.959652 7.468560 14.610590
v -24.973307 7.448125 14.609678
v -24.978100 7.424021 18.041510
v -24.915110 7.487010 18.033146
v -24.973307 7.448125 18.040873
v -24.959652 7.468561 18.039061
v -24.939217 7.482215 18.036346
v -26.010691 7.424019 2.654778
v -25.972797 7.487009 2.591855
v -26.007809 7.448124 2.649990
v -25.999592 7.468559 2.636350
v -25.987301 7.482214 2.615936
v -25.799318 7.487009 0.451252
v -25.790199 7.424019 0.356178
v -25.795830 7.482214 0.414871
v -25.792870 7.468559 0.384026
v -25.790894 7.448124 0.363416
v -26.424290 7.424019 1.104867
v -26.445704 7.487009 1.216723
v -26.465000 7.424019 1.215924
v -26.436905 7.448124 1.126351
v -26.445406 7.468559 1.155152
v -26.439869 7.424019 1.128057
v -26.446266 7.447275 1.144782
v -26.450994 7.465895 1.162643
v -26.454414 7.460245 1.171257
v -26.453091 7.482214 1.216641
v -26.459351 7.468559 1.216461
v -26.448494 7.482214 1.186887
v -26.452820 7.475245 1.187804
v -26.457230 7.465895 1.189345
v -26.461901 7.424019 1.188160
v -26.453075 7.424019 1.157305
v -26.463533 7.448124 1.216209
v -26.459396 7.447275 1.188355
v -26.454391 7.446681 1.163532
v -26.465000 7.424019 1.799869
v -26.444023 7.487009 1.705112
v -26.463404 7.448124 1.792657
v -26.458857 7.468559 1.772117
v -26.452051 7.482214 1.741375
v 0.000000 7.424020 13.567479
v -0.062990 7.487010 13.576580
v -0.004795 7.448125 13.568172
v -0.018450 7.468560 13.570145
v -0.038885 7.482215 13.573097
v 0.000000 7.424020 15.335449
v -0.062990 7.487010 15.324870
v -0.004795 7.448125 15.334644
v -0.018449 7.468560 15.332351
v -0.038885 7.482215 15.328918
v -0.178311 7.487010 13.185815
v -0.119534 7.424020 13.162439
v -0.155818 7.482215 13.176869
v -0.136749 7.468560 13.169286
v -0.124007 7.448125 13.164219
v -0.423618 7.424021 16.561069
v -0.480220 7.487010 16.532013
v -0.427926 7.448125 16.558857
v -0.440196 7.468561 16.552559
v -0.458559 7.482215 16.543133
v -0.746952 7.487010 12.066513
v -0.694184 7.424020 12.031309
v -0.726758 7.482215 12.053041
v -0.709639 7.468560 12.041620
v -0.698201 7.448125 12.033989
v -1.257123 7.424021 17.739040
v -1.299618 7.487010 17.690044
v -1.260358 7.448125 17.735310
v -1.269569 7.468561 17.724689
v -1.283355 7.482215 17.708794
v -2.670932 7.424020 10.364699
v -2.729872 7.487010 10.410334
v -2.675419 7.448125 10.368174
v -2.688196 7.468560 10.378066
v -2.707317 7.482215 10.392871
v -5.613942 7.487010 17.074886
v -5.597892 7.424021 17.144199
v -5.607800 7.482215 17.101410
v -5.602592 7.468561 17.123898
v -5.599113 7.448125 17.138924
v -1.893963 0.062991 10.776210
v -1.895632 0.000001 10.852399
v -1.894090 0.038886 10.782009
v -1.894452 0.018450 10.798525
v -1.894994 0.004796 10.823242
v -1.343750 0.000000 11.367426
v -1.264392 0.062990 11.363370
v -1.313382 0.004795 11.365873
v -1.287637 0.018449 11.364558
v -1.270434 0.038885 11.363679
v -2.055495 0.062991 18.148529
v -2.070706 0.000001 18.085539
v -2.056653 0.038886 18.143736
v -2.059950 0.018451 18.130081
v -2.064885 0.004796 18.109646
v -4.653617 0.000001 17.463930
v -4.677563 0.062991 17.522190
v -4.662782 0.004796 17.486227
v -4.670550 0.018451 17.505127
v -4.675741 0.038886 17.517757
v -3.524225 0.062991 10.055370
v -3.541387 0.000001 10.116150
v -3.525531 0.038885 10.059997
v -3.529252 0.018450 10.073172
v -3.534820 0.004796 10.092891
v -3.154316 0.062991 18.148529
v -3.141870 0.000001 18.085539
v -3.153369 0.038886 18.143736
v -3.150671 0.018451 18.130081
v -3.146633 0.004796 18.109646
v -4.444088 0.000001 9.962049
v -4.442131 0.062991 9.898682
v -4.443339 0.004796 9.937799
v -4.442704 0.018450 9.917240
v -4.442280 0.038885 9.903504
v -7.237401 0.000001 10.104220
v -7.242692 0.062991 10.041230
v -7.239426 0.004796 10.080115
v -7.241142 0.018450 10.059680
v -7.242289 0.038885 10.046025
v -8.686485 0.000001 16.778189
v -8.692038 0.062991 16.844151
v -8.688610 0.004796 16.803429
v -8.690412 0.018451 16.824829
v -8.691615 0.038886 16.839127
v -6.997163 0.062991 16.844149
v -6.999548 0.000001 16.778069
v -6.997344 0.038886 16.839117
v -6.997861 0.018451 16.824793
v -6.998635 0.004796 16.803354
v -9.876875 0.000001 10.104221
v -9.876875 0.062991 10.041231
v -9.876875 0.004796 10.080116
v -9.876875 0.018450 10.059681
v -9.876875 0.038885 10.046026
v -10.204790 0.062991 17.195890
v -10.217773 0.000001 17.134239
v -10.205778 0.038886 17.191200
v -10.208592 0.018451 17.177834
v -10.212805 0.004796 17.157835
v -10.404970 0.000001 10.104220
v -10.351780 0.062991 10.041230
v -10.384615 0.004796 10.080115
v -10.367359 0.018450 10.059680
v -10.355829 0.038885 10.046024
v -12.436750 0.062991 17.615471
v -12.449667 0.000001 17.553806
v -12.437734 0.038886 17.610777
v -12.440534 0.018451 17.597410
v -12.444724 0.004796 17.577404
v -11.263092 0.000001 9.606777
v -11.250300 0.062991 9.519487
v -11.258197 0.004796 9.573374
v -11.254047 0.018450 9.545053
v -11.251274 0.038885 9.526133
v -16.244532 0.000001 6.982973
v -16.269100 0.062990 7.158291
v -16.253935 0.004795 7.050072
v -16.261906 0.018450 7.106948
v -16.267231 0.038885 7.144951
v -16.246069 0.000001 6.851285
v -16.269100 0.062990 6.707216
v -16.254883 0.004795 6.796159
v -16.262352 0.018450 6.749422
v -16.267345 0.038885 6.718189
v -16.028820 0.062991 8.210269
v -15.965830 0.000001 8.203169
v -16.024025 0.038885 8.209728
v -16.010370 0.018450 8.208189
v -15.989935 0.004795 8.205886
v -15.890570 0.000000 5.968121
v -15.965830 0.062990 5.954878
v -15.919371 0.004795 5.963053
v -15.943787 0.018450 5.958757
v -15.960101 0.038885 5.955886
v -16.028820 0.062991 9.083349
v -15.965830 0.000001 9.086667
v -16.024025 0.038885 9.083602
v -16.010370 0.018450 9.084321
v -15.989935 0.004795 9.085398
v -16.033670 0.062990 18.446960
v -16.045952 0.000000 18.385149
v -16.034605 0.038885 18.442253
v -16.037268 0.018450 18.428856
v -16.041252 0.004795 18.408802
v -15.071618 0.000000 5.389247
v -15.066490 0.062990 5.319654
v -15.069655 0.004795 5.362616
v -15.067992 0.018450 5.340038
v -15.066880 0.038885 5.324952
v -14.202721 -0.000001 5.290889
v -14.193010 0.062989 5.221118
v -14.199005 0.004794 5.264189
v -14.195854 0.018449 5.241554
v -14.193749 0.038884 5.226429
v -13.331441 -0.000001 5.689025
v -13.317100 0.062989 5.621314
v -13.325953 0.004794 5.663113
v -13.321301 0.018449 5.641146
v -13.318192 0.038884 5.626468
v -16.103939 0.062991 9.794093
v -16.032120 0.000001 9.713869
v -16.098473 0.038885 9.787987
v -16.082905 0.018450 9.770596
v -16.059605 0.004796 9.744570
v -12.579268 -0.000000 6.378177
v -12.538520 0.062989 6.334478
v -12.563675 0.004794 6.361454
v -12.550455 0.018449 6.347277
v -12.541622 0.038884 6.337804
v -19.573429 0.000001 19.001623
v -19.502159 0.062991 19.025240
v -19.546154 0.004796 19.010662
v -19.523033 0.018451 19.018322
v -19.507584 0.038886 19.023443
v -16.243660 0.062991 10.081297
v -16.337015 0.000001 10.337537
v -16.250774 0.038885 10.100821
v -16.271011 0.018450 10.156368
v -16.301296 0.004796 10.239493
v -16.647490 0.062991 10.911080
v -16.717316 0.000001 11.109554
v -16.652802 0.038886 10.926178
v -16.667936 0.018450 10.969198
v -16.690590 0.004796 11.033588
v -16.878853 0.062991 11.160508
v -16.983870 0.062991 11.216763
v -16.963936 0.000001 11.339798
v -16.836010 0.000001 11.200249
v -16.899981 0.062990 11.178948
v -16.927357 0.062990 11.196114
v -16.875591 0.038886 11.163533
v -16.898281 0.038556 11.186343
v -16.923840 0.038561 11.205235
v -16.922064 0.018473 11.222661
v -16.982353 0.038886 11.226128
v -16.978031 0.018450 11.252798
v -16.956816 0.062990 11.209394
v -16.952072 0.038556 11.219132
v -16.950029 0.018465 11.239428
v -16.954744 0.000001 11.329264
v -16.927206 0.000001 11.299045
v -16.971563 0.004796 11.292714
v -16.949654 0.007061 11.277419
v -16.923765 0.007066 11.256701
v -16.852406 0.004796 11.185040
v -16.866304 0.018450 11.172148
v -16.885511 0.000001 11.253740
v -16.890137 0.007061 11.223806
v -16.894167 0.018465 11.199102
v -17.514919 0.062991 11.302800
v -17.534718 0.000001 11.379736
v -17.516426 0.038886 11.308658
v -17.520718 0.018450 11.325335
v -17.527142 0.004796 11.350295
v -12.199755 -0.000000 7.211369
v -12.196880 0.062990 7.085198
v -12.198655 0.004794 7.163084
v -12.197722 0.018449 7.122152
v -12.197099 0.038884 7.094802
v -11.824572 0.000001 8.755028
v -11.817680 0.062991 8.655290
v -11.821935 0.004795 8.716860
v -11.819698 0.018450 8.684502
v -11.818205 0.038885 8.662881
v -18.075840 0.062991 11.043540
v -18.090309 0.000001 11.124505
v -18.076941 0.038886 11.049704
v -18.080078 0.018450 11.067254
v -18.084772 0.004796 11.093522
v -18.442511 0.062990 10.426495
v -18.453802 -0.000000 10.518120
v -18.443371 0.038885 10.433470
v -18.445818 0.018449 10.453332
v -18.449482 0.004795 10.483057
v -18.528530 0.062991 9.867991
v -18.540562 0.000001 9.981159
v -18.529446 0.038885 9.876606
v -18.532055 0.018450 9.901136
v -18.535957 0.004796 9.937849
v -18.798290 0.062991 8.109715
v -18.852407 0.000001 7.957186
v -18.802406 0.038885 8.098112
v -18.814138 0.018450 8.065047
v -18.831696 0.004795 8.015560
v -19.054720 0.062990 3.756831
v -19.113482 0.000000 3.779960
v -19.059193 0.038885 3.758592
v -19.071932 0.018450 3.763606
v -19.090994 0.004795 3.771109
v -18.686590 0.000000 5.141716
v -18.623030 0.062990 5.133892
v -18.662266 0.004795 5.138722
v -18.641647 0.018450 5.136184
v -18.627867 0.038885 5.134488
v -19.778790 0.062990 2.244084
v -19.831125 0.000000 2.280640
v -19.782774 0.038885 2.246867
v -19.794121 0.018449 2.254792
v -19.811098 0.004795 2.266652
v -19.921848 0.062991 19.361420
v -19.961226 0.000001 19.312260
v -20.034000 0.000001 19.463791
v -19.971010 0.062991 19.463791
v -19.924845 0.038886 19.357677
v -19.933382 0.018451 19.347023
v -19.940664 0.062991 19.381285
v -19.945997 0.038557 19.379625
v -19.954599 0.018466 19.372757
v -19.972218 0.018474 19.400223
v -19.989073 0.000001 19.341663
v -20.012684 0.000001 19.380787
v -19.946156 0.004796 19.331074
v -19.970266 0.007062 19.360409
v -19.990379 0.007067 19.391500
v -20.009897 0.004796 19.463791
v -19.989462 0.018451 19.463791
v -20.028460 0.000001 19.423672
v -20.002071 0.007062 19.426634
v -19.982637 0.018466 19.431143
v -19.967270 0.062991 19.436687
v -19.956614 0.062991 19.407715
v -19.975807 0.038886 19.463791
v -19.971899 0.038557 19.433561
v -19.962343 0.038562 19.404963
v -21.067810 0.062989 0.922752
v -21.107523 -0.000001 0.972248
v -21.070833 0.038884 0.926519
v -21.079441 0.018448 0.937248
v -21.092325 0.004794 0.953306
v -19.971010 0.062991 20.535980
v -20.034000 0.000002 20.600348
v -20.010263 0.062991 20.648235
v -19.975807 0.038886 20.550747
v -19.989462 0.018451 20.568165
v -19.973999 0.062992 20.563835
v -19.980558 0.039736 20.574291
v -19.989004 0.021115 20.584707
v -19.990948 0.026766 20.597507
v -20.022196 0.004796 20.615255
v -20.013540 0.018451 20.629591
v -20.009897 0.004796 20.585583
v -20.004026 0.011766 20.599249
v -19.999443 0.021115 20.611469
v -19.995241 0.062992 20.624588
v -19.982508 0.062992 20.594950
v -20.009350 0.038886 20.641172
v -19.996761 0.039736 20.618153
v -19.985857 0.040330 20.596367
v -20.590406 0.062992 21.376345
v -20.631256 0.000002 21.350870
v -20.690804 0.062991 21.440746
v -20.594189 0.038886 21.375246
v -20.603279 0.018451 21.370018
v -20.610085 0.062991 21.396351
v -20.614727 0.039735 21.393946
v -20.619946 0.021115 21.390633
v -20.632879 0.026766 21.403761
v -20.643950 0.004796 21.382767
v -20.659725 0.018451 21.411047
v -20.616295 0.004796 21.361460
v -20.631121 0.011766 21.387117
v -20.644510 0.021115 21.408398
v -20.664419 0.062991 21.431206
v -20.636074 0.062991 21.415615
v -20.676178 0.038886 21.431408
v -20.654457 0.039735 21.421040
v -20.634232 0.040330 21.410566
v -21.703266 0.000001 21.616631
v -21.655790 0.062991 21.679621
v -21.685099 0.004796 21.640736
v -21.669697 0.018450 21.661169
v -21.659405 0.038885 21.674824
v -22.060020 0.062989 0.308122
v -22.087103 -0.000001 0.365443
v -22.062082 0.038884 0.312487
v -22.067953 0.018448 0.324912
v -22.076740 0.004794 0.343508
v -22.355576 0.000001 21.616631
v -22.372589 0.062992 21.679621
v -22.362085 0.004796 21.640736
v -22.367605 0.018451 21.661171
v -22.371294 0.038886 21.674824
v -22.965010 0.062990 -0.000001
v -22.975439 -0.000000 0.062989
v -22.965803 0.038885 0.004794
v -22.968065 0.018449 0.018449
v -22.971447 0.004795 0.038884
v -23.526136 0.000002 20.934456
v -23.567921 0.062992 20.983009
v -23.542126 0.004796 20.953035
v -23.555683 0.018451 20.968788
v -23.564739 0.038886 20.979313
v -23.960461 0.000000 4.817574
v -24.023451 0.062990 4.810423
v -23.984562 0.004795 4.814837
v -24.004999 0.018450 4.812518
v -24.018654 0.038885 4.810968
v -25.143669 0.062990 -0.000000
v -25.095816 -0.000000 0.062990
v -25.140026 0.038885 0.004794
v -25.129654 0.018449 0.018449
v -25.114128 0.004795 0.038884
v -24.023451 0.062990 7.263287
v -23.960461 0.000001 7.267231
v -24.018654 0.038885 7.263587
v -24.004999 0.018450 7.264442
v -23.984566 0.004795 7.265721
v -24.714739 0.000000 3.670807
v -24.702280 0.062990 3.777431
v -24.709970 0.004795 3.711610
v -24.705929 0.018450 3.746202
v -24.703228 0.038885 3.769315
v -24.437346 0.000001 19.801304
v -24.494711 0.062991 19.830481
v -24.459297 0.004796 19.812469
v -24.477909 0.018451 19.821934
v -24.490343 0.038886 19.828259
v -24.392950 0.062991 10.107460
v -24.398514 0.000001 10.639091
v -24.393373 0.038885 10.147914
v -24.394579 0.018450 10.263159
v -24.396385 0.004796 10.435625
v -24.978100 0.062990 14.609360
v -24.915110 0.000000 14.613564
v -24.973307 0.038885 14.609679
v -24.959652 0.018450 14.610591
v -24.939217 0.004795 14.611955
v -24.915110 0.000001 18.033146
v -24.978100 0.062990 18.041510
v -24.939217 0.004795 18.036346
v -24.959652 0.018450 18.039061
v -24.973307 0.038885 18.040873
v -25.972797 -0.000000 2.591856
v -26.010691 0.062989 2.654779
v -25.987301 0.004794 2.615937
v -25.999592 0.018449 2.636350
v -26.007807 0.038884 2.649991
v -25.790199 0.062989 0.356178
v -25.799318 -0.000001 0.451253
v -25.790894 0.038884 0.363417
v -25.792870 0.018448 0.384027
v -25.795830 0.004794 0.414872
v -26.424290 0.062989 1.104867
v -26.465000 0.062989 1.215925
v -26.445704 -0.000001 1.216723
v -26.439869 0.062989 1.128057
v -26.453075 0.062989 1.157305
v -26.436907 0.038884 1.126351
v -26.446266 0.039733 1.144783
v -26.454391 0.040327 1.163532
v -26.454414 0.026763 1.171258
v -26.463533 0.038884 1.216210
v -26.459351 0.018449 1.216461
v -26.461901 0.062989 1.188161
v -26.459396 0.039733 1.188356
v -26.457230 0.021113 1.189346
v -26.448496 0.004794 1.186887
v -26.445406 0.018448 1.155154
v -26.453091 0.004794 1.216642
v -26.452820 0.011763 1.187805
v -26.450994 0.021113 1.162644
v -26.444023 -0.000000 1.705113
v -26.465000 0.062990 1.799870
v -26.452051 0.004795 1.741376
v -26.458857 0.018449 1.772118
v -26.463404 0.038885 1.792658
v -0.062990 0.000001 13.576581
v 0.000000 0.062991 13.567480
v -0.038885 0.004796 13.573098
v -0.018450 0.018450 13.570146
v -0.004795 0.038886 13.568172
v -0.062990 0.000001 15.324868
v 0.000000 0.062991 15.335447
v -0.038885 0.004796 15.328917
v -0.018449 0.018450 15.332349
v -0.004795 0.038886 15.334642
v -0.119534 0.062991 13.162441
v -0.178311 0.000001 13.185817
v -0.124008 0.038886 13.164221
v -0.136749 0.018450 13.169288
v -0.155818 0.004796 13.176871
v -0.480220 0.000001 16.532011
v -0.423618 0.062991 16.561068
v -0.458559 0.004796 16.543131
v -0.440196 0.018451 16.552557
v -0.427926 0.038886 16.558855
v -0.694184 0.062991 12.031310
v -0.746952 0.000001 12.066514
v -0.698201 0.038886 12.033990
v -0.709639 0.018450 12.041621
v -0.726758 0.004796 12.053042
v -1.299617 0.000001 17.690042
v -1.257123 0.062990 17.739038
v -1.283355 0.004795 17.708794
v -1.269569 0.018450 17.724688
v -1.260358 0.038885 17.735310
v -2.729872 0.000001 10.410336
v -2.670932 0.062991 10.364701
v -2.707316 0.004796 10.392872
v -2.688195 0.018450 10.378067
v -2.675417 0.038886 10.368175
v -5.597892 0.062991 17.144199
v -5.613942 0.000001 17.074886
v -5.599113 0.038886 17.138924
v -5.602592 0.018451 17.123898
v -5.607800 0.004796 17.101410
vn 0.0688 0.9939 -0.0861
vn 0.5730 0.0980 -0.8137
vn 0.2416 0.9159 -0.3205
vn 0.4180 0.6995 -0.5796
vn 0.5318 0.3804 -0.7566
vn 0.7212 0.0938 -0.6863
vn 0.0766 0.9941 -0.0773
vn 0.6740 0.3686 -0.6402
vn 0.5231 0.6887 -0.5021
vn 0.2900 0.9139 -0.2841
vn 0.0257 0.9940 0.1065
vn 0.2336 0.0993 0.9673
vn 0.0935 0.9172 0.3873
vn 0.1672 0.7020 0.6923
vn 0.2170 0.3809 0.8988
vn -0.3783 0.0961 0.9207
vn -0.0377 0.9950 0.0923
vn -0.3519 0.3767 0.8569
vn -0.2707 0.7007 0.6601
vn -0.1472 0.9215 0.3595
vn 0.0263 0.9947 -0.0999
vn 0.2544 0.0977 -0.9621
vn 0.0998 0.9203 -0.3784
vn 0.1819 0.7024 -0.6881
vn 0.2365 0.3796 -0.8944
vn -0.0209 0.9941 0.1060
vn -0.1929 0.0986 0.9763
vn -0.0770 0.9178 0.3895
vn -0.1381 0.7015 0.6992
vn -0.1793 0.3800 0.9074
vn 0.0586 0.0979 -0.9935
vn 0.0064 0.9946 -0.1040
vn 0.0544 0.3797 -0.9235
vn 0.0422 0.7023 -0.7106
vn 0.0236 0.9198 -0.3917
vn -0.0252 0.0983 -0.9948
vn -0.0025 0.9954 -0.0962
vn -0.0233 0.3844 -0.9229
vn -0.0179 0.7093 -0.7047
vn -0.0098 0.9252 -0.3793
vn 0.1149 0.1016 0.9882
vn 0.0089 0.9961 0.0876
vn 0.1070 0.3969 0.9116
vn 0.0795 0.7239 0.6853
vn 0.0400 0.9324 0.3592
vn -0.0085 0.9961 0.0876
vn -0.1058 0.1025 0.9891
vn -0.0370 0.9330 0.3579
vn -0.0728 0.7263 0.6835
vn -0.0982 0.3994 0.9115
vn -0.0000 0.0980 -0.9952
vn -0.0000 0.9952 -0.0980
vn -0.0000 0.3827 -0.9239
vn -0.0000 0.7071 -0.7071
vn -0.0000 0.9239 -0.3827
vn 0.0204 0.9951 0.0972
vn 0.2047 0.0979 0.9739
vn 0.0792 0.9230 0.3767
vn 0.1457 0.7059 0.6932
vn 0.1901 0.3818 0.9045
vn 0.2491 0.1170 -0.9614
vn 0.0212 0.9977 -0.0639
vn 0.2170 0.4454 -0.8686
vn 0.1555 0.7734 -0.6146
vn 0.0809 0.9519 -0.2957
vn 0.0198 0.9953 0.0947
vn 0.2040 0.0982 0.9740
vn 0.0780 0.9248 0.3724
vn 0.1447 0.7085 0.6908
vn 0.1893 0.3837 0.9039
vn 0.6916 0.1124 -0.7135
vn 0.0439 0.9976 -0.0541
vn 0.6345 0.4293 -0.6427
vn 0.4535 0.7600 -0.4654
vn 0.2157 0.9483 -0.2328
vn -0.9887 0.0773 0.1286
vn -0.2379 0.9713 0.0041
vn -0.9413 0.3163 0.1180
vn -0.8131 0.5770 0.0769
vn -0.5836 0.8114 0.0315
vn -0.9732 0.0876 -0.2125
vn -0.2400 0.9708 -0.0041
vn -0.9168 0.3497 -0.1930
vn -0.7832 0.6099 -0.1205
vn -0.5688 0.8211 -0.0468
vn -0.0899 0.9959 0.0101
vn -0.9888 0.0993 0.1115
vn -0.3665 0.9295 0.0413
vn -0.6935 0.7162 0.0782
vn -0.9152 0.3896 0.1032
vn -0.7856 0.1036 -0.6100
vn -0.0824 0.9932 -0.0826
vn -0.7250 0.3937 -0.5651
vn -0.5430 0.7089 -0.4501
vn -0.2988 0.9150 -0.2712
vn -0.0945 0.9955 -0.0050
vn -0.9938 0.0984 -0.0524
vn -0.3762 0.9263 -0.0198
vn -0.7024 0.7109 -0.0370
vn -0.9215 0.3854 -0.0486
vn 0.0195 0.9950 0.0980
vn 0.1940 0.0979 0.9761
vn 0.0752 0.9226 0.3784
vn 0.1382 0.7053 0.6953
vn 0.1802 0.3815 0.9066
vn -0.3477 0.0975 -0.9325
vn -0.0515 0.9930 -0.1063
vn -0.3238 0.3758 -0.8683
vn -0.2654 0.6925 -0.6708
vn -0.1651 0.9103 -0.3796
vn 0.1562 0.1074 -0.9819
vn 0.0166 0.9947 -0.1014
vn 0.1438 0.4046 -0.9031
vn 0.1087 0.7268 -0.6782
vn 0.0602 0.9266 -0.3712
vn 0.5464 0.0994 -0.8316
vn 0.0630 0.9942 -0.0868
vn 0.5066 0.3838 -0.7720
vn 0.3946 0.7047 -0.5896
vn 0.2247 0.9188 -0.3244
vn -0.0959 0.9953 -0.0152
vn -0.9535 0.0536 -0.2965
vn -0.5547 0.8128 -0.1778
vn -0.8425 0.4662 -0.2698
vn -0.9318 0.2032 -0.3006
vn 0.8046 0.0903 -0.5870
vn 0.0985 0.9929 -0.0672
vn 0.7554 0.3536 -0.5517
vn 0.6014 0.6707 -0.4342
vn 0.3492 0.9041 -0.2463
vn 0.4071 0.1017 0.9077
vn 0.0318 0.9967 0.0741
vn 0.3756 0.4011 0.8355
vn 0.2792 0.7301 0.6237
vn 0.1410 0.9371 0.3192
vn -0.3405 0.9251 -0.1679
vn -0.8989 0.0227 -0.4375
vn -0.7449 0.5585 -0.3651
vn -0.8722 0.2403 -0.4261
vn -0.8944 0.1001 -0.4359
vn -0.1384 0.9831 -0.1199
vn -0.8309 0.0324 -0.5554
vn -0.6224 0.6618 -0.4179
vn -0.7948 0.3084 -0.5227
vn -0.8296 0.1303 -0.5430
vn -0.6972 0.0524 -0.7150
vn -0.1494 0.9792 -0.1376
vn -0.0210 0.9951 -0.0968
vn -0.2106 0.1062 -0.9718
vn -0.6853 0.2106 -0.6972
vn -0.6225 0.4773 -0.6202
vn -0.6042 0.0697 -0.7938
vn -0.6033 0.2377 -0.7613
vn -0.5553 0.5193 -0.6495
vn -0.4328 0.6063 -0.6672
vn -0.1513 0.9757 -0.1585
vn -0.1094 0.9834 -0.1446
vn -0.4371 0.7966 -0.4176
vn -0.3906 0.8182 -0.4219
vn -0.2931 0.8660 -0.4052
vn -0.0842 0.9364 -0.3408
vn -0.1704 0.7316 -0.6601
vn -0.0480 0.9919 -0.1178
vn -0.1873 0.9059 -0.3799
vn -0.2934 0.6816 -0.6704
vn -0.3350 0.1057 -0.9363
vn -0.4771 0.0968 -0.8735
vn -0.2086 0.3941 -0.8951
vn -0.3407 0.3476 -0.8735
vn -0.4835 0.2916 -0.8253
vn 0.0090 0.9979 -0.0635
vn 0.1316 0.1232 -0.9836
vn 0.0367 0.9563 -0.2899
vn 0.0758 0.7905 -0.6077
vn 0.1128 0.4667 -0.8772
vn 0.9395 0.0717 -0.3350
vn 0.1822 0.9821 -0.0474
vn 0.8989 0.2979 -0.3213
vn 0.7726 0.5794 -0.2595
vn 0.5218 0.8385 -0.1569
vn 0.9212 0.0689 -0.3829
vn 0.0872 0.9950 -0.0495
vn 0.8920 0.2739 -0.3597
vn 0.7545 0.5787 -0.3094
vn 0.4280 0.8840 -0.1882
vn 0.0409 0.9977 -0.0543
vn 0.6755 0.1101 -0.7291
vn 0.2125 0.9478 -0.2376
vn 0.4507 0.7548 -0.4766
vn 0.6242 0.4237 -0.6564
vn 0.0946 0.9944 -0.0478
vn 0.9445 0.0630 -0.3223
vn 0.4685 0.8670 -0.1698
vn 0.7966 0.5431 -0.2654
vn 0.9197 0.2516 -0.3015
vn 0.2058 0.9780 -0.0328
vn 0.9874 0.0454 -0.1518
vn 0.6309 0.7696 -0.0985
vn 0.8900 0.4347 -0.1376
vn 0.9696 0.1938 -0.1493
vn 0.0977 0.9952 0.0031
vn 0.9959 0.0660 -0.0618
vn 0.4707 0.8821 -0.0193
vn 0.8196 0.5711 -0.0469
vn 0.9632 0.2614 -0.0629
vn 0.0951 0.9948 -0.0374
vn 0.9260 0.0978 -0.3646
vn 0.3623 0.9211 -0.1427
vn 0.6612 0.7036 -0.2604
vn 0.8605 0.3803 -0.3388
vn 0.9877 0.0985 -0.1216
vn 0.1067 0.9942 -0.0131
vn 0.9181 0.3798 -0.1130
vn 0.7074 0.7014 -0.0871
vn 0.3935 0.9180 -0.0484
vn 0.0875 0.9943 -0.0611
vn 0.8158 0.0983 -0.5699
vn 0.3243 0.9184 -0.2265
vn 0.5843 0.7015 -0.4081
vn 0.7584 0.3797 -0.5298
vn 0.6734 0.0981 0.7327
vn 0.9928 0.0992 0.0676
vn 0.1014 0.9948 0.0025
vn 0.0657 0.9948 0.0784
vn 0.7866 0.1092 0.6077
vn 0.8950 0.1190 0.4298
vn 0.6341 0.3720 0.6779
vn 0.7406 0.3654 0.5639
vn 0.8396 0.3640 0.4032
vn 0.6327 0.7123 0.3038
vn 0.9242 0.3753 0.0714
vn 0.6987 0.7130 0.0577
vn 0.9661 0.1092 0.2340
vn 0.9031 0.3655 0.2255
vn 0.6869 0.7064 0.1711
vn 0.1211 0.9924 0.0236
vn 0.1220 0.9908 0.0586
vn 0.3719 0.9280 0.0213
vn 0.3711 0.9246 0.0865
vn 0.3383 0.9269 0.1625
vn 0.2506 0.9268 0.2797
vn 0.4837 0.7096 0.5124
vn 0.0941 0.9924 0.0798
vn 0.2995 0.9245 0.2356
vn 0.5630 0.7064 0.4291
vn 0.0656 0.9945 -0.0817
vn 0.6228 0.0980 -0.7762
vn 0.2460 0.9195 -0.3067
vn 0.4457 0.7021 -0.5554
vn 0.5790 0.3797 -0.7216
vn 0.9945 0.0913 0.0512
vn 0.8135 0.0761 0.5765
vn 0.1594 0.9848 0.0690
vn 0.9796 0.0751 0.1862
vn 0.9416 0.0709 0.3293
vn 0.9351 0.3471 0.0712
vn 0.9450 0.2633 0.1938
vn 0.9186 0.2155 0.3314
vn 0.8496 0.4145 0.3262
vn 0.7874 0.2884 0.5449
vn 0.6621 0.5934 0.4578
vn 0.8815 0.0740 0.4663
vn 0.8570 0.2388 0.4566
vn 0.7534 0.5256 0.3951
vn 0.4103 0.9093 0.0698
vn 0.7435 0.6655 0.0659
vn 0.4118 0.8731 0.2610
vn 0.5831 0.7793 0.2295
vn 0.8050 0.5614 0.1920
vn 0.7422 0.0810 0.6653
vn 0.2867 0.1052 0.9522
vn 0.1034 0.9865 0.1272
vn 0.6544 0.0844 0.7514
vn 0.5380 0.0830 0.8389
vn 0.7092 0.2941 0.6407
vn 0.6426 0.2574 0.7217
vn 0.5365 0.2436 0.8080
vn 0.5195 0.4445 0.7297
vn 0.2889 0.3900 0.8743
vn 0.2294 0.7115 0.6642
vn 0.4124 0.0870 0.9068
vn 0.4089 0.3018 0.8612
vn 0.3705 0.6001 0.7090
vn 0.3515 0.8741 0.3353
vn 0.5955 0.6006 0.5335
vn 0.1552 0.9273 0.3408
vn 0.3551 0.7980 0.4869
vn 0.5592 0.5420 0.6274
vn 0.1248 0.1058 0.9865
vn 0.0077 0.9950 0.0998
vn 0.1152 0.4044 0.9073
vn 0.0795 0.7259 0.6832
vn 0.0370 0.9273 0.3725
vn 0.0446 0.9945 -0.0944
vn 0.4251 0.0980 -0.8998
vn 0.1677 0.9197 -0.3550
vn 0.3041 0.7022 -0.6437
vn 0.3952 0.3797 -0.8364
vn -0.2595 0.0998 0.9606
vn -0.0288 0.9939 0.1066
vn -0.2410 0.3819 0.8922
vn -0.1856 0.7026 0.6870
vn -0.1041 0.9169 0.3852
vn 0.0174 0.9943 -0.1053
vn 0.1626 0.0983 -0.9818
vn 0.0646 0.9184 -0.3903
vn 0.1164 0.7015 -0.7031
vn 0.1511 0.3797 -0.9127
vn -0.6491 0.0985 0.7543
vn -0.0701 0.9942 0.0815
vn -0.6034 0.3798 0.7012
vn -0.4649 0.7014 0.5402
vn -0.2587 0.9180 0.3006
vn -0.9519 0.0917 0.2925
vn -0.0822 0.9964 0.0196
vn -0.8868 0.3665 0.2816
vn -0.6856 0.6941 0.2193
vn -0.3596 0.9268 0.1084
vn -0.0174 0.9948 -0.1006
vn -0.2542 0.1118 -0.9607
vn -0.0755 0.9292 -0.3617
vn -0.1577 0.7377 -0.6565
vn -0.2309 0.4184 -0.8784
vn -0.0936 0.9956 -0.0061
vn -0.9930 0.0987 -0.0642
vn -0.3744 0.9269 -0.0242
vn -0.7010 0.7117 -0.0453
vn -0.9205 0.3862 -0.0596
vn -0.7555 0.0928 0.6485
vn -0.0582 0.9965 0.0598
vn -0.7112 0.3619 0.6027
vn -0.5447 0.6943 0.4704
vn -0.2766 0.9277 0.2506
vn -0.8869 0.0988 0.4512
vn -0.0967 0.9941 0.0492
vn -0.8244 0.3802 0.4194
vn -0.6352 0.7015 0.3231
vn -0.3543 0.9176 0.1802
vn -0.0972 0.9952 -0.0126
vn -0.9869 0.0980 -0.1282
vn -0.3795 0.9239 -0.0493
vn -0.7012 0.7071 -0.0911
vn -0.9162 0.3826 -0.1191
vn -0.1016 0.9948 -0.0066
vn -0.9931 0.0978 -0.0643
vn -0.3880 0.9213 -0.0251
vn -0.7089 0.7038 -0.0459
vn -0.9228 0.3805 -0.0597
vn -0.9865 0.0980 0.1309
vn -0.1044 0.9944 0.0139
vn -0.9171 0.3796 0.1217
vn -0.7061 0.7018 0.0937
vn -0.3904 0.9192 0.0518
vn -0.7736 0.1061 0.6248
vn -0.0829 0.9948 0.0598
vn -0.7119 0.4032 0.5750
vn -0.5411 0.7247 0.4267
vn -0.3005 0.9261 0.2280
vn -0.0803 0.9936 -0.0794
vn -0.6211 0.1065 -0.7765
vn -0.2680 0.9187 -0.2903
vn -0.4511 0.7184 -0.5296
vn -0.5720 0.4059 -0.7128
vn -0.7912 0.0735 -0.6071
vn -0.3327 0.9419 -0.0452
vn -0.9975 0.0370 -0.0605
vn -0.7847 0.2797 -0.5532
vn -0.7000 0.5627 -0.4398
vn -0.8745 0.0316 -0.4840
vn -0.8886 0.1417 -0.4363
vn -0.8737 0.3532 -0.3345
vn -0.9475 0.2049 -0.2454
vn -0.7782 0.6256 -0.0549
vn -0.9489 0.3102 -0.0576
vn -0.5185 0.8292 -0.2085
vn -0.8406 0.5086 -0.1861
vn -0.9504 0.2676 -0.1586
vn -0.9812 0.0358 -0.1897
vn -0.9395 0.0266 -0.3415
vn -0.9895 0.1305 -0.0628
vn -0.9793 0.1057 -0.1727
vn -0.9471 0.0952 -0.3066
vn -0.9629 0.0717 0.2600
vn -0.2716 0.9623 0.0115
vn -0.9213 0.2981 0.2498
vn -0.8082 0.5619 0.1762
vn -0.6034 0.7936 0.0780
vn 0.9849 0.0981 -0.1423
vn 0.1047 0.9944 -0.0151
vn 0.9156 0.3796 -0.1323
vn 0.7052 0.7017 -0.1019
vn 0.3905 0.9189 -0.0564
vn 0.9814 0.0983 0.1648
vn 0.1054 0.9943 0.0177
vn 0.9123 0.3797 0.1532
vn 0.7029 0.7015 0.1180
vn 0.3903 0.9184 0.0655
vn 0.0959 0.9947 -0.0382
vn 0.9248 0.0979 -0.3678
vn 0.3633 0.9204 -0.1445
vn 0.6610 0.7028 -0.2629
vn 0.8595 0.3800 -0.3418
vn 0.8853 0.0981 0.4545
vn 0.0940 0.9944 0.0483
vn 0.8230 0.3796 0.4225
vn 0.6338 0.7017 0.3254
vn 0.3509 0.9189 0.1801
vn 0.0870 0.9945 -0.0581
vn 0.8279 0.0980 -0.5523
vn 0.3269 0.9196 -0.2181
vn 0.5923 0.7021 -0.3952
vn 0.7696 0.3797 -0.5134
vn 0.6520 0.0993 0.7517
vn 0.0719 0.9940 0.0829
vn 0.6058 0.3811 0.6984
vn 0.4666 0.7020 0.5380
vn 0.2611 0.9172 0.3011
vn 0.4054 0.1019 -0.9084
vn 0.0383 0.9950 -0.0919
vn 0.3753 0.3934 -0.8393
vn 0.2817 0.7165 -0.6382
vn 0.1501 0.9254 -0.3480
vn -0.0246 0.9957 0.0890
vn -0.2975 0.0978 0.9497
vn -0.1069 0.9273 0.3586
vn -0.2085 0.7102 0.6724
vn -0.2775 0.3837 0.8808
vn 0.5730 -0.0980 -0.8137
vn 0.0688 -0.9939 -0.0860
vn 0.5318 -0.3804 -0.7566
vn 0.4180 -0.6995 -0.5796
vn 0.2416 -0.9159 -0.3205
vn 0.0766 -0.9941 -0.0773
vn 0.7212 -0.0938 -0.6863
vn 0.2900 -0.9139 -0.2841
vn 0.5231 -0.6887 -0.5021
vn 0.6740 -0.3686 -0.6402
vn 0.2336 -0.0992 0.9673
vn 0.0257 -0.9940 0.1065
vn 0.2170 -0.3809 0.8988
vn 0.1672 -0.7020 0.6923
vn 0.0935 -0.9172 0.3873
vn -0.0377 -0.9950 0.0923
vn -0.3783 -0.0961 0.9207
vn -0.1472 -0.9215 0.3595
vn -0.2707 -0.7007 0.6601
vn -0.3519 -0.3767 0.8569
vn 0.2544 -0.0977 -0.9621
vn 0.0263 -0.9947 -0.0999
vn 0.2365 -0.3795 -0.8944
vn 0.1819 -0.7024 -0.6881
vn 0.0998 -0.9203 -0.3784
vn -0.1929 -0.0986 0.9763
vn -0.0209 -0.9941 0.1060
vn -0.1793 -0.3800 0.9075
vn -0.1381 -0.7015 0.6992
vn -0.0770 -0.9178 0.3895
vn 0.0064 -0.9946 -0.1040
vn 0.0586 -0.0979 -0.9935
vn 0.0236 -0.9198 -0.3917
vn 0.0422 -0.7023 -0.7106
vn 0.0544 -0.3797 -0.9235
vn -0.0025 -0.9954 -0.0962
vn -0.0252 -0.0983 -0.9948
vn -0.0098 -0.9252 -0.3793
vn -0.0179 -0.7093 -0.7047
vn -0.0233 -0.3844 -0.9229
vn 0.0089 -0.9961 0.0876
vn 0.1149 -0.1016 0.9882
vn 0.0400 -0.9324 0.3592
vn 0.0795 -0.7239 0.6853
vn 0.1070 -0.3969 0.9116
vn -0.1058 -0.1025 0.9891
vn -0.0085 -0.9961 0.0876
vn -0.0982 -0.3994 0.9115
vn -0.0728 -0.7263 0.6835
vn -0.0370 -0.9330 0.3579
vn -0.0000 -0.9952 -0.0980
vn -0.0000 -0.0980 -0.9952
vn -0.0000 -0.9239 -0.3827
vn -0.0000 -0.7071 -0.7071
vn -0.0000 -0.3827 -0.9239
vn 0.2047 -0.0979 0.9739
vn 0.0204 -0.9951 0.0972
vn 0.1901 -0.3818 0.9045
vn 0.1457 -0.7059 0.6932
vn 0.0792 -0.9230 0.3766
vn 0.0212 -0.9977 -0.0639
vn 0.2491 -0.1170 -0.9614
vn 0.0809 -0.9519 -0.2957
vn 0.1555 -0.7734 -0.6146
vn 0.2170 -0.4454 -0.8686
vn 0.2040 -0.0982 0.9740
vn 0.0198 -0.9953 0.0947
vn 0.1893 -0.3837 0.9039
vn 0.1447 -0.7085 0.6908
vn 0.0780 -0.9248 0.3723
vn 0.0439 -0.9976 -0.0541
vn 0.6916 -0.1124 -0.7135
vn 0.2157 -0.9483 -0.2327
vn 0.4535 -0.7600 -0.4654
vn 0.6345 -0.4293 -0.6427
vn -0.2379 -0.9713 0.0041
vn -0.9887 -0.0773 0.1286
vn -0.5836 -0.8114 0.0315
vn -0.8131 -0.5770 0.0769
vn -0.9413 -0.3163 0.1180
vn -0.2400 -0.9708 -0.0041
vn -0.9732 -0.0876 -0.2125
vn -0.5688 -0.8212 -0.0468
vn -0.7833 -0.6099 -0.1205
vn -0.9168 -0.3497 -0.1930
vn -0.9888 -0.0993 0.1115
vn -0.0899 -0.9959 0.0101
vn -0.9152 -0.3896 0.1032
vn -0.6935 -0.7162 0.0782
vn -0.3665 -0.9295 0.0413
vn -0.0823 -0.9932 -0.0826
vn -0.7856 -0.1036 -0.6100
vn -0.2988 -0.9150 -0.2712
vn -0.5430 -0.7089 -0.4501
vn -0.7250 -0.3937 -0.5651
vn -0.9938 -0.0985 -0.0524
vn -0.0945 -0.9955 -0.0050
vn -0.9215 -0.3854 -0.0486
vn -0.7024 -0.7108 -0.0370
vn -0.3761 -0.9264 -0.0198
vn 0.1942 -0.0872 0.9771
vn 0.0220 -0.9936 0.1108
vn 0.1828 -0.3461 0.9202
vn 0.1455 -0.6638 0.7337
vn 0.0827 -0.9052 0.4169
vn -0.0515 -0.9930 -0.1063
vn -0.3477 -0.0975 -0.9325
vn -0.1651 -0.9103 -0.3796
vn -0.2654 -0.6925 -0.6708
vn -0.3238 -0.3758 -0.8683
vn 0.0166 -0.9947 -0.1014
vn 0.1562 -0.1074 -0.9819
vn 0.0602 -0.9266 -0.3712
vn 0.1087 -0.7268 -0.6782
vn 0.1438 -0.4046 -0.9031
vn 0.0630 -0.9942 -0.0868
vn 0.5464 -0.0994 -0.8316
vn 0.2247 -0.9189 -0.3244
vn 0.3946 -0.7047 -0.5896
vn 0.5066 -0.3838 -0.7720
vn -0.9544 -0.0685 -0.2907
vn -0.0948 -0.9954 -0.0165
vn -0.9180 -0.2693 -0.2912
vn -0.7822 -0.5731 -0.2445
vn -0.4515 -0.8826 -0.1308
vn 0.0985 -0.9929 -0.0672
vn 0.8046 -0.0903 -0.5870
vn 0.3492 -0.9041 -0.2463
vn 0.6014 -0.6707 -0.4342
vn 0.7554 -0.3536 -0.5517
vn 0.0451 -0.9964 0.0720
vn 0.3937 -0.0902 0.9148
vn 0.1645 -0.9253 0.3416
vn 0.2868 -0.6878 0.6669
vn 0.3595 -0.3593 0.8612
vn -0.8983 -0.0442 -0.4372
vn -0.1926 -0.9767 -0.0946
vn -0.8829 -0.1885 -0.4300
vn -0.8141 -0.4237 -0.3972
vn -0.5833 -0.7605 -0.2853
vn -0.8378 -0.0649 -0.5420
vn -0.0486 -0.9975 -0.0510
vn -0.8094 -0.2602 -0.5264
vn -0.6742 -0.5836 -0.4526
vn -0.3596 -0.8970 -0.2569
vn -0.6978 -0.1113 -0.7076
vn -0.2032 -0.1741 -0.9635
vn -0.0082 -0.9981 -0.0612
vn -0.0772 -0.9943 -0.0729
vn -0.6079 -0.1364 -0.7822
vn -0.4772 -0.1818 -0.8598
vn -0.6501 -0.4001 -0.6459
vn -0.5854 -0.4153 -0.6963
vn -0.4621 -0.4889 -0.7399
vn -0.3564 -0.7904 -0.4982
vn -0.1796 -0.5591 -0.8094
vn -0.1214 -0.8622 -0.4917
vn -0.3296 -0.1990 -0.9229
vn -0.3120 -0.5619 -0.7661
vn -0.2328 -0.8488 -0.4746
vn -0.0263 -0.9976 -0.0641
vn -0.0813 -0.9932 -0.0835
vn -0.0449 -0.9750 -0.2177
vn -0.1347 -0.9657 -0.2220
vn -0.2079 -0.9477 -0.2423
vn -0.2644 -0.9305 -0.2534
vn -0.4889 -0.7289 -0.4793
vn -0.0978 -0.9911 -0.0901
vn -0.2681 -0.9278 -0.2593
vn -0.4704 -0.7227 -0.5064
vn 0.1340 -0.1456 -0.9802
vn 0.0124 -0.9983 -0.0565
vn 0.1248 -0.5247 -0.8421
vn 0.0949 -0.8323 -0.5462
vn 0.0503 -0.9662 -0.2528
vn 0.1822 -0.9821 -0.0474
vn 0.9395 -0.0717 -0.3350
vn 0.5218 -0.8385 -0.1569
vn 0.7726 -0.5794 -0.2595
vn 0.8989 -0.2979 -0.3213
vn 0.0872 -0.9950 -0.0495
vn 0.9212 -0.0689 -0.3829
vn 0.4279 -0.8840 -0.1882
vn 0.7545 -0.5787 -0.3094
vn 0.8920 -0.2739 -0.3597
vn 0.6754 -0.1094 -0.7292
vn 0.0411 -0.9977 -0.0546
vn 0.6247 -0.4217 -0.6572
vn 0.4522 -0.7529 -0.4782
vn 0.2136 -0.9473 -0.2388
vn 0.9445 -0.0627 -0.3224
vn 0.0951 -0.9943 -0.0480
vn 0.9199 -0.2505 -0.3016
vn 0.7978 -0.5412 -0.2658
vn 0.4703 -0.8659 -0.1704
vn 0.9874 -0.0452 -0.1518
vn 0.2066 -0.9779 -0.0330
vn 0.9698 -0.1930 -0.1493
vn 0.8907 -0.4333 -0.1377
vn 0.6323 -0.7684 -0.0987
vn 0.9959 -0.0658 -0.0619
vn 0.0977 -0.9952 0.0031
vn 0.9633 -0.2608 -0.0630
vn 0.8201 -0.5703 -0.0470
vn 0.4713 -0.8818 -0.0194
vn 0.9260 -0.0978 -0.3646
vn 0.0951 -0.9948 -0.0374
vn 0.8605 -0.3803 -0.3388
vn 0.6612 -0.7036 -0.2604
vn 0.3623 -0.9211 -0.1427
vn 0.1066 -0.9942 -0.0131
vn 0.9877 -0.0985 -0.1216
vn 0.3935 -0.9180 -0.0484
vn 0.7074 -0.7014 -0.0871
vn 0.9181 -0.3798 -0.1130
vn 0.8158 -0.0983 -0.5699
vn 0.0875 -0.9943 -0.0611
vn 0.7584 -0.3796 -0.5298
vn 0.5843 -0.7015 -0.4081
vn 0.3243 -0.9184 -0.2265
vn 0.6734 -0.0991 0.7326
vn 0.0654 -0.9948 0.0776
vn 0.1014 -0.9948 0.0025
vn 0.9928 -0.0992 0.0676
vn 0.6334 -0.3752 0.6767
vn 0.4819 -0.7130 0.5093
vn 0.7866 -0.1092 0.6077
vn 0.7406 -0.3655 0.5639
vn 0.5629 -0.7064 0.4292
vn 0.6327 -0.7123 0.3038
vn 0.0941 -0.9924 0.0798
vn 0.1220 -0.9908 0.0586
vn 0.2491 -0.9280 0.2769
vn 0.2995 -0.9245 0.2356
vn 0.3384 -0.9269 0.1625
vn 0.3719 -0.9280 0.0213
vn 0.6987 -0.7130 0.0577
vn 0.1211 -0.9924 0.0236
vn 0.3711 -0.9245 0.0865
vn 0.6868 -0.7064 0.1711
vn 0.9661 -0.1092 0.2340
vn 0.8950 -0.1190 0.4298
vn 0.9242 -0.3753 0.0713
vn 0.9031 -0.3655 0.2255
vn 0.8396 -0.3640 0.4032
vn 0.6228 -0.0980 -0.7762
vn 0.0656 -0.9945 -0.0817
vn 0.5790 -0.3796 -0.7216
vn 0.4457 -0.7021 -0.5554
vn 0.2460 -0.9195 -0.3066
vn 0.9945 -0.0913 0.0512
vn 0.1594 -0.9848 0.0690
vn 0.8135 -0.0760 0.5765
vn 0.9351 -0.3472 0.0712
vn 0.7435 -0.6655 0.0659
vn 0.9796 -0.0751 0.1862
vn 0.9450 -0.2634 0.1938
vn 0.8050 -0.5614 0.1920
vn 0.8495 -0.4146 0.3262
vn 0.4118 -0.8731 0.2610
vn 0.6621 -0.5934 0.4578
vn 0.4104 -0.9092 0.0699
vn 0.5831 -0.7794 0.2295
vn 0.7534 -0.5256 0.3950
vn 0.8815 -0.0740 0.4663
vn 0.9416 -0.0709 0.3293
vn 0.7874 -0.2884 0.5449
vn 0.8570 -0.2388 0.4567
vn 0.9186 -0.2154 0.3314
vn 0.7422 -0.0810 0.6653
vn 0.1034 -0.9865 0.1272
vn 0.2867 -0.1052 0.9522
vn 0.7092 -0.2941 0.6408
vn 0.5955 -0.6006 0.5335
vn 0.6544 -0.0844 0.7514
vn 0.6426 -0.2574 0.7217
vn 0.5592 -0.5420 0.6274
vn 0.5196 -0.4445 0.7297
vn 0.1551 -0.9273 0.3408
vn 0.2294 -0.7115 0.6642
vn 0.3515 -0.8741 0.3353
vn 0.3551 -0.7980 0.4869
vn 0.3705 -0.6001 0.7090
vn 0.4124 -0.0870 0.9068
vn 0.5380 -0.0830 0.8389
vn 0.2889 -0.3900 0.8743
vn 0.4089 -0.3018 0.8612
vn 0.5365 -0.2436 0.8080
vn 0.0077 -0.9950 0.0998
vn 0.1248 -0.1058 0.9865
vn 0.0370 -0.9273 0.3725
vn 0.0795 -0.7259 0.6832
vn 0.1152 -0.4044 0.9073
vn 0.4251 -0.0979 -0.8998
vn 0.0446 -0.9945 -0.0944
vn 0.3952 -0.3797 -0.8364
vn 0.3041 -0.7023 -0.6437
vn 0.1677 -0.9197 -0.3550
vn -0.0288 -0.9939 0.1066
vn -0.2595 -0.0998 0.9606
vn -0.1041 -0.9170 0.3852
vn -0.1856 -0.7026 0.6870
vn -0.2410 -0.3819 0.8922
vn 0.1626 -0.0983 -0.9818
vn 0.0174 -0.9943 -0.1053
vn 0.1511 -0.3797 -0.9127
vn 0.1164 -0.7015 -0.7031
vn 0.0646 -0.9184 -0.3903
vn -0.0701 -0.9942 0.0815
vn -0.6491 -0.0985 0.7543
vn -0.2587 -0.9180 0.3006
vn -0.4649 -0.7014 0.5402
vn -0.6034 -0.3798 0.7012
vn -0.0822 -0.9964 0.0196
vn -0.9519 -0.0917 0.2925
vn -0.3596 -0.9268 0.1084
vn -0.6856 -0.6941 0.2193
vn -0.8868 -0.3665 0.2816
vn -0.2542 -0.1118 -0.9607
vn -0.0174 -0.9948 -0.1005
vn -0.2309 -0.4184 -0.8784
vn -0.1577 -0.7377 -0.6565
vn -0.0755 -0.9292 -0.3617
vn -0.9930 -0.0986 -0.0642
vn -0.0936 -0.9956 -0.0060
vn -0.9205 -0.3862 -0.0596
vn -0.7010 -0.7118 -0.0453
vn -0.3744 -0.9269 -0.0242
vn -0.0582 -0.9965 0.0598
vn -0.7555 -0.0928 0.6485
vn -0.2766 -0.9277 0.2506
vn -0.5447 -0.6943 0.4704
vn -0.7112 -0.3619 0.6027
vn -0.0967 -0.9941 0.0492
vn -0.8869 -0.0988 0.4512
vn -0.3543 -0.9176 0.1802
vn -0.6352 -0.7015 0.3231
vn -0.8244 -0.3802 0.4194
vn -0.9869 -0.0980 -0.1282
vn -0.0972 -0.9952 -0.0126
vn -0.9162 -0.3826 -0.1191
vn -0.7012 -0.7071 -0.0911
vn -0.3794 -0.9239 -0.0493
vn -0.9931 -0.0978 -0.0643
vn -0.1016 -0.9948 -0.0066
vn -0.9228 -0.3805 -0.0597
vn -0.7089 -0.7038 -0.0459
vn -0.3880 -0.9213 -0.0251
vn -0.1043 -0.9944 0.0138
vn -0.9865 -0.0980 0.1309
vn -0.3904 -0.9192 0.0518
vn -0.7061 -0.7019 0.0937
vn -0.9171 -0.3796 0.1217
vn -0.0829 -0.9948 0.0598
vn -0.7736 -0.1061 0.6248
vn -0.3005 -0.9261 0.2280
vn -0.5411 -0.7247 0.4267
vn -0.7119 -0.4032 0.5750
vn -0.6211 -0.1065 -0.7765
vn -0.0803 -0.9936 -0.0794
vn -0.5720 -0.4059 -0.7128
vn -0.4510 -0.7184 -0.5295
vn -0.2680 -0.9187 -0.2903
vn -0.7912 -0.0735 -0.6071
vn -0.9975 -0.0370 -0.0605
vn -0.3327 -0.9419 -0.0452
vn -0.8745 -0.0316 -0.4840
vn -0.9395 -0.0266 -0.3415
vn -0.7847 -0.2797 -0.5532
vn -0.8886 -0.1417 -0.4362
vn -0.9470 -0.0953 -0.3066
vn -0.9475 -0.2049 -0.2454
vn -0.9895 -0.1305 -0.0628
vn -0.9489 -0.3102 -0.0576
vn -0.9812 -0.0358 -0.1897
vn -0.9793 -0.1056 -0.1727
vn -0.9504 -0.2675 -0.1586
vn -0.5186 -0.8292 -0.2085
vn -0.7001 -0.5626 -0.4398
vn -0.7783 -0.6255 -0.0549
vn -0.8407 -0.5085 -0.1861
vn -0.8737 -0.3531 -0.3345
vn -0.2716 -0.9623 0.0115
vn -0.9629 -0.0717 0.2600
vn -0.6034 -0.7936 0.0779
vn -0.8082 -0.5619 0.1762
vn -0.9213 -0.2981 0.2498
vn 0.1047 -0.9944 -0.0151
vn 0.9849 -0.0981 -0.1423
vn 0.3905 -0.9189 -0.0564
vn 0.7052 -0.7017 -0.1019
vn 0.9156 -0.3796 -0.1323
vn 0.1054 -0.9943 0.0177
vn 0.9814 -0.0983 0.1648
vn 0.3903 -0.9184 0.0655
vn 0.7029 -0.7015 0.1180
vn 0.9123 -0.3797 0.1532
vn 0.9248 -0.0979 -0.3678
vn 0.0959 -0.9947 -0.0382
vn 0.8595 -0.3800 -0.3418
vn 0.6610 -0.7028 -0.2629
vn 0.3633 -0.9204 -0.1445
vn 0.0940 -0.9944 0.0483
vn 0.8853 -0.0981 0.4545
vn 0.3509 -0.9189 0.1801
vn 0.6338 -0.7017 0.3254
vn 0.8230 -0.3796 0.4225
vn 0.8279 -0.0980 -0.5523
vn 0.0870 -0.9945 -0.0581
vn 0.7696 -0.3797 -0.5134
vn 0.5923 -0.7021 -0.3952
vn 0.3269 -0.9196 -0.2181
vn 0.0719 -0.9940 0.0829
vn 0.6520 -0.0993 0.7517
vn 0.2611 -0.9172 0.3011
vn 0.4666 -0.7020 0.5380
vn 0.6058 -0.3811 0.6985
vn 0.0382 -0.9950 -0.0919
vn 0.4054 -0.1018 -0.9084
vn 0.1501 -0.9254 -0.3480
vn 0.2817 -0.7165 -0.6382
vn 0.3753 -0.3933 -0.8393
vn -0.2975 -0.0978 0.9497
vn -0.0246 -0.9957 0.0890
vn -0.2775 -0.3837 0.8808
vn -0.2085 -0.7102 0.6724
vn -0.1069 -0.9273 0.3586
vt 0.467931 0.777183
vt 0.468416 0.777184
vt 0.468509 0.776644
vt 0.467959 0.776650
vt 0.468649 0.776199
vt 0.468040 0.776197
vt 0.163422 0.992214
vt 0.162900 0.992211
vt 0.162961 0.992751
vt 0.163435 0.992754
vt 0.468997 0.776646
vt 0.469196 0.776201
vt 0.723029 0.198400
vt 0.723227 0.198226
vt 0.722640 0.197481
vt 0.722284 0.197526
vt 0.722144 0.196779
vt 0.721647 0.196689
vt 0.723399 0.198083
vt 0.722940 0.197466
vt 0.722547 0.196841
vt 0.721049 0.195614
vt 0.721213 0.196018
vt 0.721836 0.196158
vt 0.721613 0.195577
vt 0.722287 0.196200
vt 0.722095 0.195550
vt 0.161760 0.992207
vt 0.161799 0.992740
vt 0.162409 0.992749
vt 0.162316 0.992209
vt 0.161909 0.993190
vt 0.162479 0.993192
vt 0.163021 0.993194
vt 0.015126 0.992382
vt 0.015055 0.992915
vt 0.015605 0.992921
vt 0.015623 0.992381
vt 0.016214 0.992920
vt 0.016254 0.992380
vt 0.014851 0.993367
vt 0.015484 0.993366
vt 0.016144 0.993365
vt 0.017528 0.992377
vt 0.016923 0.992378
vt 0.016871 0.992919
vt 0.017545 0.992911
vt 0.016855 0.993364
vt 0.017591 0.993363
vt 0.547098 0.111596
vt 0.547050 0.112129
vt 0.547854 0.112378
vt 0.547970 0.111800
vt 0.548604 0.112707
vt 0.548882 0.112234
vt 0.547014 0.112585
vt 0.547719 0.112802
vt 0.548379 0.113094
vt 0.550287 0.113506
vt 0.549696 0.112833
vt 0.549247 0.113213
vt 0.549843 0.113802
vt 0.548948 0.113538
vt 0.549472 0.114057
vt 0.040977 0.992337
vt 0.041317 0.992869
vt 0.041848 0.992850
vt 0.041597 0.992336
vt 0.042348 0.992836
vt 0.042305 0.992335
vt 0.041744 0.993321
vt 0.042104 0.993261
vt 0.042391 0.993136
vt 0.043563 0.992332
vt 0.042996 0.992333
vt 0.042861 0.992848
vt 0.043406 0.992866
vt 0.042725 0.993260
vt 0.043168 0.993318
vt 0.522066 0.109289
vt 0.521715 0.109521
vt 0.522034 0.109957
vt 0.522344 0.109852
vt 0.522327 0.110321
vt 0.522691 0.110344
vt 0.521387 0.109689
vt 0.521759 0.110037
vt 0.042473 0.993468
vt 0.061417 0.992302
vt 0.061407 0.992835
vt 0.061884 0.992816
vt 0.061920 0.992301
vt 0.855825 0.740255
vt 0.855931 0.740769
vt 0.856333 0.740755
vt 0.856365 0.740254
vt 0.061323 0.993288
vt 0.061830 0.993228
vt 0.062159 0.993102
vt 0.062312 0.992802
vt 0.857530 0.740253
vt 0.856964 0.740254
vt 0.856762 0.740768
vt 0.857223 0.740787
vt 0.856564 0.741181
vt 0.856895 0.741239
vt 0.856315 0.741056
vt 0.506753 0.094612
vt 0.506078 0.094269
vt 0.505959 0.094546
vt 0.506491 0.094922
vt 0.505863 0.094789
vt 0.506282 0.095197
vt 0.505493 0.093871
vt 0.505521 0.094212
vt 0.505602 0.094480
vt 0.093153 0.829754
vt 0.093719 0.829755
vt 0.094109 0.829241
vt 0.093670 0.829221
vt 0.094516 0.828829
vt 0.094331 0.828770
vt 0.094408 0.829755
vt 0.094549 0.829254
vt 0.094717 0.828954
vt 0.095672 0.828361
vt 0.095034 0.828467
vt 0.095071 0.828622
vt 0.095699 0.828467
vt 0.095122 0.828829
vt 0.095720 0.828770
vt 0.095731 0.829756
vt 0.095732 0.829222
vt 0.095109 0.829241
vt 0.095115 0.829756
vt 0.467884 0.940023
vt 0.467936 0.940556
vt 0.468523 0.940565
vt 0.468369 0.940024
vt 0.163367 0.829376
vt 0.163435 0.828834
vt 0.162960 0.828832
vt 0.162845 0.829373
vt 0.468087 0.941007
vt 0.468784 0.941009
vt 0.469408 0.941010
vt 0.469036 0.940566
vt 0.161705 0.829369
vt 0.162261 0.829371
vt 0.162405 0.828829
vt 0.161777 0.828835
vt 0.269739 0.195567
vt 0.269647 0.196248
vt 0.270108 0.196247
vt 0.270345 0.195603
vt 0.269398 0.196898
vt 0.269795 0.196897
vt 0.272299 0.195732
vt 0.271244 0.195661
vt 0.270951 0.196175
vt 0.272086 0.195956
vt 0.270547 0.196788
vt 0.271476 0.196624
vt 0.269486 0.198833
vt 0.270563 0.197634
vt 0.269891 0.197595
vt 0.269115 0.198504
vt 0.269333 0.197559
vt 0.268797 0.198228
vt 0.014845 0.829541
vt 0.015342 0.829540
vt 0.015323 0.829000
vt 0.014772 0.829008
vt 0.015200 0.828555
vt 0.014567 0.828556
vt 0.015973 0.829539
vt 0.015931 0.828999
vt 0.015859 0.828555
vt 0.441774 0.113525
vt 0.442216 0.113820
vt 0.442812 0.113230
vt 0.442365 0.112852
vt 0.443456 0.112724
vt 0.443178 0.112253
vt 0.442587 0.114073
vt 0.443110 0.113553
vt 0.443679 0.113109
vt 0.444963 0.111615
vt 0.444091 0.111818
vt 0.444206 0.112395
vt 0.445009 0.112147
vt 0.444339 0.112817
vt 0.445044 0.112600
vt 0.017247 0.829537
vt 0.017262 0.829004
vt 0.016588 0.828997
vt 0.016642 0.829538
vt 0.017307 0.828551
vt 0.016570 0.828553
vt 0.040697 0.829496
vt 0.041316 0.829495
vt 0.041565 0.828980
vt 0.041035 0.828962
vt 0.041821 0.828568
vt 0.041460 0.828510
vt 0.042024 0.829494
vt 0.042066 0.828993
vt 0.042107 0.828692
vt 0.469993 0.109307
vt 0.469714 0.109869
vt 0.470024 0.109973
vt 0.470343 0.109538
vt 0.470298 0.110051
vt 0.470669 0.109703
vt 0.469366 0.110358
vt 0.469729 0.110335
vt 0.042188 0.828361
vt 0.042441 0.828567
vt 0.043282 0.829492
vt 0.043124 0.828959
vt 0.042579 0.828979
vt 0.042715 0.829493
vt 0.042884 0.828507
vt 0.061136 0.829462
vt 0.061639 0.829461
vt 0.061601 0.828946
vt 0.061124 0.828928
vt 0.061546 0.828534
vt 0.061039 0.828476
vt 0.855825 0.577414
vt 0.856365 0.577413
vt 0.856333 0.576912
vt 0.855931 0.576899
vt 0.062030 0.828959
vt 0.061876 0.828659
vt 0.485306 0.094628
vt 0.485567 0.094937
vt 0.486098 0.094560
vt 0.485980 0.094285
vt 0.486535 0.094224
vt 0.486564 0.093883
vt 0.485775 0.095210
vt 0.486194 0.094801
vt 0.486454 0.094491
vt 0.857530 0.577413
vt 0.857223 0.576880
vt 0.856762 0.576899
vt 0.856964 0.577413
vt 0.856895 0.576428
vt 0.856564 0.576487
vt 0.856315 0.576612
vt 0.093152 0.992594
vt 0.093670 0.993128
vt 0.094109 0.993109
vt 0.093719 0.992595
vt 0.094549 0.993097
vt 0.094408 0.992595
vt 0.094331 0.993580
vt 0.094516 0.993521
vt 0.094717 0.993396
vt 0.095731 0.992595
vt 0.095115 0.992595
vt 0.095109 0.993110
vt 0.095732 0.993128
vt 0.095122 0.993521
vt 0.095720 0.993580
vt 0.095672 0.993987
vt 0.095699 0.993882
vt 0.095071 0.993728
vt 0.095034 0.993882
vt 0.169969 0.607856
vt 0.170501 0.607834
vt 0.170442 0.591833
vt 0.169909 0.591703
vt 0.170951 0.607772
vt 0.170894 0.592203
vt 0.700986 0.528702
vt 0.700437 0.528633
vt 0.687301 0.540341
vt 0.687283 0.540917
vt 0.699794 0.528558
vt 0.687327 0.539667
vt 0.559800 0.454396
vt 0.559330 0.454151
vt 0.542509 0.486277
vt 0.543029 0.486429
vt 0.558935 0.453947
vt 0.542073 0.486153
vt 0.502064 0.652105
vt 0.502517 0.652198
vt 0.502534 0.617563
vt 0.502082 0.617527
vt 0.503050 0.652231
vt 0.503068 0.617576
vt 0.583121 0.366967
vt 0.582572 0.366871
vt 0.579129 0.404091
vt 0.579686 0.404121
vt 0.582110 0.366794
vt 0.578661 0.404071
vt 0.502042 0.741921
vt 0.502495 0.741923
vt 0.502497 0.704551
vt 0.502044 0.704587
vt 0.503028 0.741924
vt 0.503030 0.704539
vt 0.814257 0.220390
vt 0.812801 0.220048
vt 0.786806 0.223517
vt 0.786815 0.224051
vt 0.811570 0.219763
vt 0.786803 0.223068
vt 0.377266 0.776181
vt 0.378114 0.776634
vt 0.400318 0.776605
vt 0.400230 0.776152
vt 0.378411 0.777167
vt 0.400348 0.777138
vt 0.368827 0.776637
vt 0.368595 0.777171
vt 0.369487 0.776184
vt 0.375996 0.775879
vt 0.370475 0.775881
vt 0.817161 0.220623
vt 0.818395 0.220543
vt 0.351016 0.776618
vt 0.351017 0.777152
vt 0.351014 0.776165
vt 0.819445 0.220479
vt 0.836060 0.229623
vt 0.836209 0.229100
vt 0.835887 0.230245
vt 0.767436 0.221731
vt 0.767357 0.222258
vt 0.767507 0.221290
vt 0.419334 0.776597
vt 0.419296 0.776144
vt 0.419348 0.777131
vt 0.333734 0.776551
vt 0.333617 0.777084
vt 0.334066 0.776099
vt 0.847552 0.249556
vt 0.848052 0.249645
vt 0.846968 0.249457
vt 0.933793 0.917189
vt 0.933807 0.917722
vt 0.952350 0.917756
vt 0.952344 0.917223
vt 0.933847 0.918172
vt 0.952368 0.918206
vt 0.847946 0.268932
vt 0.848443 0.269053
vt 0.847363 0.268793
vt 0.973053 0.917727
vt 0.973055 0.917194
vt 0.973048 0.918177
vt 0.837381 0.287350
vt 0.837860 0.287503
vt 0.836819 0.287174
vt 0.753563 0.218960
vt 0.754494 0.219688
vt 0.752778 0.218347
vt 0.434896 0.776598
vt 0.434276 0.776144
vt 0.435113 0.777131
vt 0.992923 0.917655
vt 0.992977 0.917122
vt 0.992772 0.918105
vt 0.820447 0.302721
vt 0.820737 0.303047
vt 0.820108 0.302342
vt 0.503059 0.901163
vt 0.502525 0.901191
vt 0.502535 0.976738
vt 0.503069 0.976695
vt 0.502073 0.901273
vt 0.502083 0.976861
vt 0.561754 0.201730
vt 0.562198 0.201677
vt 0.556521 0.123991
vt 0.556082 0.124108
vt 0.562727 0.201619
vt 0.557045 0.123858
vt 0.744251 0.213286
vt 0.743152 0.212766
vt 0.433348 0.775841
vt 0.442833 0.776156
vt 0.443848 0.775855
vt 0.442156 0.776607
vt 0.441917 0.777140
vt 0.727578 0.203090
vt 0.726963 0.202807
vt 0.462093 0.776181
vt 0.462657 0.775880
vt 0.461715 0.776633
vt 0.461583 0.777166
vt 0.468160 0.775894
vt 0.720679 0.183276
vt 0.720039 0.183046
vt 0.721224 0.183476
vt 0.150585 0.992719
vt 0.150562 0.993169
vt 0.150592 0.992187
vt 0.855825 0.917426
vt 0.855908 0.917959
vt 0.871317 0.917959
vt 0.871107 0.917426
vt 0.856144 0.918411
vt 0.871918 0.918411
vt 0.802047 0.309133
vt 0.802952 0.309243
vt 0.800984 0.309009
vt 0.904351 0.917958
vt 0.904184 0.917425
vt 0.904829 0.918410
vt 0.872816 0.918713
vt 0.905544 0.918712
vt 0.766222 0.314139
vt 0.767059 0.314276
vt 0.727471 0.171517
vt 0.726793 0.171328
vt 0.728048 0.171680
vt 0.137319 0.992743
vt 0.137325 0.993193
vt 0.137316 0.992211
vt 0.741659 0.164724
vt 0.740889 0.164554
vt 0.742315 0.164871
vt 0.348142 0.576497
vt 0.347690 0.576894
vt 0.347690 0.589152
vt 0.348142 0.588707
vt 0.347157 0.577033
vt 0.347157 0.589308
vt 0.753843 0.163926
vt 0.752893 0.163734
vt 0.348445 0.588041
vt 0.348142 0.600497
vt 0.348445 0.599678
vt 0.347690 0.601044
vt 0.347157 0.601237
vt 0.796782 0.161314
vt 0.798103 0.160974
vt 0.348142 0.639714
vt 0.348444 0.640734
vt 0.347690 0.639033
vt 0.347157 0.638794
vt 0.347157 0.733140
vt 0.347690 0.733086
vt 0.347690 0.704430
vt 0.347156 0.704459
vt 0.348142 0.732934
vt 0.348142 0.704347
vt 0.890931 0.164661
vt 0.890799 0.164220
vt 0.859805 0.170887
vt 0.859824 0.171352
vt 0.890648 0.163705
vt 0.859786 0.170343
vt 0.795666 0.161607
vt 0.925401 0.151414
vt 0.925132 0.150943
vt 0.925633 0.151818
vt 0.347690 0.763741
vt 0.348142 0.763530
vt 0.347157 0.763815
vt 0.006377 0.992396
vt 0.006283 0.992930
vt 0.006013 0.993382
vt 0.956938 0.125862
vt 0.956550 0.125487
vt 0.957271 0.126185
vt 0.321256 0.940649
vt 0.321469 0.940198
vt 0.287918 0.940336
vt 0.287776 0.940786
vt 0.321544 0.939666
vt 0.287968 0.939803
vt 0.878501 0.740779
vt 0.878413 0.740246
vt 0.878751 0.741231
vt 0.502518 0.070815
vt 0.502042 0.071119
vt 0.503084 0.070462
vt 0.972374 0.105419
vt 0.971911 0.105144
vt 0.972772 0.105656
vt 0.263798 0.940390
vt 0.263723 0.940840
vt 0.263824 0.939857
vt 0.894204 0.740778
vt 0.894224 0.740244
vt 0.894145 0.741230
vt 0.503898 0.055905
vt 0.503465 0.055748
vt 0.504414 0.056095
vt 0.980907 0.086332
vt 0.980382 0.086193
vt 0.981355 0.086454
vt 0.242873 0.940407
vt 0.242882 0.940857
vt 0.242870 0.939874
vt 0.921700 0.740793
vt 0.921764 0.740259
vt 0.921518 0.741245
vt 0.521449 0.031312
vt 0.521135 0.030987
vt 0.521824 0.031699
vt 0.985273 0.039141
vt 0.984703 0.039494
vt 0.985761 0.038847
vt 0.195662 0.940352
vt 0.195944 0.940803
vt 0.195562 0.939820
vt 0.877673 0.054848
vt 0.877784 0.054325
vt 0.823805 0.049350
vt 0.823721 0.049876
vt 0.877882 0.053885
vt 0.823880 0.048909
vt 0.678928 0.905180
vt 0.679381 0.905159
vt 0.679373 0.851786
vt 0.678920 0.851822
vt 0.679915 0.905152
vt 0.679907 0.851774
vt 0.679441 0.925104
vt 0.679974 0.924932
vt 0.678989 0.925596
vt 0.903560 0.040588
vt 0.902796 0.040613
vt 0.904467 0.040563
vt 0.944057 0.740819
vt 0.944149 0.740286
vt 0.943793 0.741271
vt 0.548438 0.013427
vt 0.548273 0.013004
vt 0.548638 0.013931
vt 0.754829 0.033846
vt 0.750350 0.033384
vt 0.758629 0.034242
vt 0.679395 0.787529
vt 0.678943 0.785016
vt 0.679929 0.788411
vt 0.663954 0.013413
vt 0.663868 0.013939
vt 0.664031 0.012972
vt 0.679429 0.688127
vt 0.678976 0.688161
vt 0.679963 0.688115
vt 0.679907 0.576419
vt 0.679373 0.576484
vt 0.679419 0.613459
vt 0.679952 0.613427
vt 0.678920 0.576671
vt 0.678965 0.613553
vt 0.588534 0.006462
vt 0.588522 0.006013
vt 0.588554 0.006998
vt 0.956175 0.740244
vt 0.956210 0.740777
vt 0.986872 0.740802
vt 0.986927 0.740269
vt 0.956308 0.741230
vt 0.986714 0.741255
vt 0.930295 0.014680
vt 0.929876 0.014373
vt 0.930794 0.015046
vt 0.978382 0.023364
vt 0.977586 0.023211
vt 0.979060 0.023498
vt 0.986091 0.038655
vt 0.979518 0.023593
vt 0.183029 0.939758
vt 0.183045 0.940290
vt 0.962709 0.007423
vt 0.962044 0.007422
vt 0.963407 0.007561
vt 0.074954 0.828728
vt 0.074498 0.829181
vt 0.074338 0.829714
vt 0.125236 0.829698
vt 0.125120 0.829164
vt 0.108275 0.829214
vt 0.108439 0.829747
vt 0.124791 0.828712
vt 0.107810 0.828762
vt 0.950504 0.006219
vt 0.949846 0.006013
vt 0.951284 0.006467
vt 0.962063 0.007261
vt 0.107114 0.828459
vt 0.636061 0.563391
vt 0.636091 0.563931
vt 0.645056 0.562160
vt 0.644903 0.561644
vt 0.636120 0.564393
vt 0.645189 0.562601
vt 0.391877 0.741309
vt 0.391788 0.740857
vt 0.383350 0.740857
vt 0.383503 0.741309
vt 0.391757 0.740324
vt 0.383296 0.740324
vt 0.430422 0.740857
vt 0.430423 0.740323
vt 0.430417 0.741309
vt 0.597420 0.560367
vt 0.597308 0.560816
vt 0.597556 0.559842
vt 0.458603 0.740857
vt 0.458638 0.740324
vt 0.458507 0.741309
vt 0.571533 0.548659
vt 0.571293 0.549051
vt 0.571820 0.548203
vt 0.670971 0.551867
vt 0.670713 0.551392
vt 0.671193 0.552273
vt 0.360542 0.740858
vt 0.360747 0.741310
vt 0.360470 0.740325
vt 0.487102 0.740858
vt 0.487173 0.740324
vt 0.486901 0.741310
vt 0.547541 0.528128
vt 0.547168 0.528405
vt 0.547985 0.527806
vt 0.503040 0.673169
vt 0.502506 0.673204
vt 0.502054 0.673306
vt 0.569230 0.434194
vt 0.569731 0.434118
vt 0.570325 0.434035
vt 0.711231 0.511082
vt 0.711571 0.511616
vt 0.719864 0.494000
vt 0.719364 0.493806
vt 0.711864 0.512073
vt 0.720293 0.494169
vt 0.170985 0.626785
vt 0.170535 0.626550
vt 0.170553 0.646312
vt 0.171003 0.646337
vt 0.170002 0.626467
vt 0.170021 0.646303
vt 0.503069 0.593339
vt 0.502536 0.593372
vt 0.502083 0.593468
vt 0.539850 0.510175
vt 0.540305 0.510102
vt 0.540846 0.510020
vt 0.503060 0.576419
vt 0.502527 0.576496
vt 0.502074 0.576717
vt 0.170821 0.576789
vt 0.170370 0.576573
vt 0.169838 0.576497
vt 0.921345 0.917957
vt 0.921196 0.917424
vt 0.921768 0.918410
vt 0.767772 0.314397
vt 0.747046 0.324954
vt 0.747666 0.325109
vt 0.746318 0.324776
vt 0.573180 0.282575
vt 0.573708 0.282512
vt 0.572736 0.282632
vt 0.502509 0.823254
vt 0.502057 0.823338
vt 0.503043 0.823224
vt 0.169896 0.816335
vt 0.170429 0.816328
vt 0.170384 0.794686
vt 0.169852 0.794619
vt 0.170878 0.816308
vt 0.170834 0.794879
vt 0.734105 0.343165
vt 0.734525 0.343593
vt 0.733613 0.342666
vt 0.577872 0.332583
vt 0.578400 0.332519
vt 0.577429 0.332641
vt 0.502502 0.774729
vt 0.502049 0.774813
vt 0.503035 0.774699
vt 0.170396 0.784286
vt 0.169864 0.784306
vt 0.170847 0.784228
vt 0.733070 0.354347
vt 0.733526 0.354395
vt 0.732537 0.354296
vt 0.170462 0.727078
vt 0.169929 0.727107
vt 0.170912 0.726995
vt 0.727695 0.412435
vt 0.728154 0.412445
vt 0.727158 0.412429
vt 0.170550 0.666880
vt 0.170018 0.666898
vt 0.171001 0.666831
vt 0.725132 0.474305
vt 0.725589 0.474367
vt 0.724597 0.474238
vt 0.292232 0.528635
vt 0.291589 0.528710
vt 0.304723 0.540420
vt 0.304698 0.539746
vt 0.291039 0.528775
vt 0.304740 0.540993
vt 0.006143 0.607772
vt 0.006597 0.607834
vt 0.006538 0.591833
vt 0.006085 0.592203
vt 0.007131 0.607856
vt 0.007071 0.591703
vt 0.665891 0.652255
vt 0.666424 0.652222
vt 0.666442 0.617587
vt 0.665908 0.617600
vt 0.666876 0.652129
vt 0.666893 0.617550
vt 0.433087 0.454010
vt 0.432693 0.454216
vt 0.449508 0.486347
vt 0.449943 0.486220
vt 0.432223 0.454462
vt 0.448989 0.486500
vt 0.665869 0.741947
vt 0.666402 0.741947
vt 0.666404 0.704575
vt 0.665871 0.704562
vt 0.666854 0.741944
vt 0.666856 0.704610
vt 0.409923 0.366845
vt 0.409462 0.366925
vt 0.412900 0.404150
vt 0.413367 0.404127
vt 0.408913 0.367021
vt 0.412344 0.404180
vt 0.378364 0.940006
vt 0.378066 0.940540
vt 0.400270 0.940511
vt 0.400301 0.939978
vt 0.377218 0.940992
vt 0.400182 0.940962
vt 0.180500 0.219794
vt 0.179270 0.220081
vt 0.205262 0.223550
vt 0.205264 0.223099
vt 0.177814 0.220423
vt 0.205253 0.224085
vt 0.173677 0.220576
vt 0.174911 0.220657
vt 0.375948 0.941293
vt 0.369439 0.940995
vt 0.370427 0.941296
vt 0.368780 0.940543
vt 0.368548 0.940010
vt 0.156012 0.229658
vt 0.156185 0.230281
vt 0.172625 0.220510
vt 0.155861 0.229132
vt 0.350969 0.940525
vt 0.350966 0.940975
vt 0.350970 0.939992
vt 0.419287 0.940504
vt 0.419301 0.939971
vt 0.419248 0.940955
vt 0.224631 0.221765
vt 0.224559 0.221320
vt 0.224710 0.222292
vt 0.144518 0.249593
vt 0.145103 0.249495
vt 0.144018 0.249679
vt 0.333686 0.940457
vt 0.334019 0.940909
vt 0.333569 0.939924
vt 0.144123 0.268971
vt 0.144706 0.268834
vt 0.143624 0.269090
vt 0.933847 0.753363
vt 0.933807 0.753817
vt 0.952350 0.753852
vt 0.952368 0.753397
vt 0.933793 0.754351
vt 0.952344 0.754385
vt 0.154685 0.287392
vt 0.155247 0.287218
vt 0.154204 0.287543
vt 0.973053 0.753822
vt 0.973048 0.753368
vt 0.973055 0.754356
vt 0.434912 0.940504
vt 0.435066 0.939971
vt 0.434471 0.940955
vt 0.239006 0.218892
vt 0.239525 0.218329
vt 0.238388 0.219558
vt 0.171616 0.302766
vt 0.171955 0.302387
vt 0.171324 0.303089
vt 0.992923 0.753750
vt 0.992772 0.753297
vt 0.992977 0.754284
vt 0.429325 0.201650
vt 0.429853 0.201707
vt 0.435974 0.123282
vt 0.435722 0.122698
vt 0.430296 0.201757
vt 0.436183 0.123779
vt 0.666884 0.901296
vt 0.666433 0.901215
vt 0.666443 0.976841
vt 0.666895 0.977191
vt 0.665899 0.901186
vt 0.665909 0.976719
vt 0.442325 0.940513
vt 0.441872 0.939980
vt 0.443614 0.940967
vt 0.433812 0.941255
vt 0.445543 0.941271
vt 0.251503 0.211576
vt 0.249414 0.212563
vt 0.461885 0.940539
vt 0.461536 0.940006
vt 0.462881 0.940992
vt 0.464373 0.941296
vt 0.267730 0.201632
vt 0.266109 0.202376
vt 0.264731 0.203009
vt 0.150529 0.828815
vt 0.150537 0.829349
vt 0.270838 0.183502
vt 0.270470 0.183635
vt 0.271382 0.183306
vt 0.272017 0.183078
vt 0.190013 0.309179
vt 0.191076 0.309055
vt 0.189106 0.309286
vt 0.856144 0.753600
vt 0.855908 0.754052
vt 0.871317 0.754052
vt 0.871918 0.753599
vt 0.855825 0.754585
vt 0.871107 0.754585
vt 0.224998 0.314323
vt 0.225835 0.314186
vt 0.872816 0.753297
vt 0.904829 0.753599
vt 0.905544 0.753297
vt 0.904351 0.754051
vt 0.904184 0.754584
vt 0.137263 0.828839
vt 0.137261 0.829373
vt 0.150506 0.828361
vt 0.137269 0.828384
vt 0.264592 0.171544
vt 0.264016 0.171704
vt 0.265265 0.171358
vt 0.184316 0.577031
vt 0.183783 0.576892
vt 0.183783 0.589151
vt 0.184316 0.589306
vt 0.183331 0.576498
vt 0.183331 0.588708
vt 0.250406 0.164750
vt 0.249752 0.164895
vt 0.251171 0.164583
vt 0.183783 0.601043
vt 0.184316 0.601234
vt 0.183331 0.600498
vt 0.183029 0.588046
vt 0.183029 0.599682
vt 0.239169 0.163762
vt 0.238223 0.163952
vt 0.183783 0.639031
vt 0.184316 0.638791
vt 0.183331 0.639715
vt 0.183029 0.640739
vt 0.193961 0.161001
vt 0.195287 0.161340
vt 0.101436 0.163731
vt 0.101285 0.164245
vt 0.132276 0.170913
vt 0.132295 0.170370
vt 0.101152 0.164684
vt 0.132255 0.171375
vt 0.183331 0.732932
vt 0.183783 0.733084
vt 0.183782 0.704428
vt 0.183330 0.704345
vt 0.184316 0.733137
vt 0.184316 0.704457
vt 0.196406 0.161630
vt 0.183783 0.763739
vt 0.184316 0.763813
vt 0.183331 0.763528
vt 0.066687 0.151438
vt 0.066454 0.151839
vt 0.066957 0.150967
vt 0.006013 0.828571
vt 0.006074 0.829023
vt 0.006096 0.829556
vt 0.321544 0.776828
vt 0.321469 0.776294
vt 0.287918 0.776431
vt 0.287968 0.776965
vt 0.321256 0.775841
vt 0.287776 0.775978
vt 0.035156 0.125882
vt 0.034822 0.126202
vt 0.035545 0.125507
vt 0.489542 0.070827
vt 0.488977 0.070475
vt 0.490017 0.071128
vt 0.878501 0.576872
vt 0.878751 0.576420
vt 0.878413 0.577405
vt 0.263798 0.776485
vt 0.263824 0.777019
vt 0.263723 0.776031
vt 0.019723 0.105436
vt 0.019325 0.105670
vt 0.020188 0.105162
vt 0.488164 0.055915
vt 0.487649 0.056106
vt 0.488596 0.055755
vt 0.894204 0.576870
vt 0.894145 0.576419
vt 0.894224 0.577404
vt 0.242873 0.776502
vt 0.242870 0.777036
vt 0.242882 0.776048
vt 0.011194 0.086346
vt 0.010744 0.086466
vt 0.011719 0.086208
vt 0.470618 0.031318
vt 0.470244 0.031707
vt 0.470930 0.030991
vt 0.921700 0.576885
vt 0.921518 0.576434
vt 0.921764 0.577418
vt 0.195662 0.776448
vt 0.195562 0.776982
vt 0.195944 0.775994
vt 0.006833 0.039149
vt 0.006345 0.038852
vt 0.007404 0.039502
vt 0.842754 0.905239
vt 0.843287 0.905246
vt 0.843279 0.851874
vt 0.842747 0.851861
vt 0.843738 0.905267
vt 0.843730 0.851910
vt 0.114212 0.053892
vt 0.114311 0.054334
vt 0.168286 0.049359
vt 0.168210 0.048915
vt 0.114423 0.054859
vt 0.168371 0.049886
vt 0.088539 0.040595
vt 0.087633 0.040572
vt 0.089302 0.040617
vt 0.843347 0.925192
vt 0.843799 0.925684
vt 0.842813 0.925018
vt 0.443633 0.013431
vt 0.443434 0.013936
vt 0.443797 0.013005
vt 0.944057 0.576912
vt 0.943793 0.576460
vt 0.944149 0.577445
vt 0.843301 0.787616
vt 0.842768 0.788498
vt 0.843753 0.785104
vt 0.237258 0.033852
vt 0.233457 0.034246
vt 0.241737 0.033391
vt 0.843335 0.688215
vt 0.842803 0.688202
vt 0.843786 0.688249
vt 0.328127 0.013417
vt 0.328048 0.012973
vt 0.328214 0.013943
vt 0.403541 0.006465
vt 0.403522 0.007001
vt 0.403553 0.006013
vt 0.843730 0.576759
vt 0.843279 0.576571
vt 0.843325 0.613547
vt 0.843776 0.613641
vt 0.842746 0.576505
vt 0.842792 0.613513
vt 0.061810 0.014684
vt 0.061311 0.015051
vt 0.062227 0.014375
vt 0.956308 0.576419
vt 0.956210 0.576870
vt 0.986872 0.576895
vt 0.986714 0.576444
vt 0.956175 0.577403
vt 0.986927 0.577428
vt 0.183045 0.776386
vt 0.183029 0.776920
vt 0.006013 0.038656
vt 0.013046 0.023501
vt 0.012586 0.023591
vt 0.013726 0.023369
vt 0.014522 0.023218
vt 0.074338 0.992554
vt 0.074498 0.993087
vt 0.074954 0.993539
vt 0.029399 0.007426
vt 0.028700 0.007562
vt 0.030065 0.007426
vt 0.041603 0.006222
vt 0.040824 0.006471
vt 0.042260 0.006013
vt 0.124791 0.993522
vt 0.125120 0.993071
vt 0.108275 0.993120
vt 0.107810 0.993572
vt 0.125236 0.992538
vt 0.108439 0.992587
vt 0.107114 0.993874
vt 0.030045 0.007264
vt 0.391757 0.577483
vt 0.391788 0.576950
vt 0.383350 0.576950
vt 0.383297 0.577483
vt 0.391877 0.576498
vt 0.383504 0.576498
vt 0.355896 0.564472
vt 0.355926 0.564012
vt 0.346962 0.562241
vt 0.346827 0.562680
vt 0.355956 0.563473
vt 0.347116 0.561726
vt 0.394594 0.560448
vt 0.394458 0.559924
vt 0.394704 0.560894
vt 0.430422 0.576949
vt 0.430417 0.576497
vt 0.430423 0.577483
vt 0.420480 0.548739
vt 0.420193 0.548283
vt 0.420718 0.549127
vt 0.458603 0.576950
vt 0.458507 0.576498
vt 0.458638 0.577483
vt 0.360542 0.576951
vt 0.360470 0.577484
vt 0.360747 0.576499
vt 0.321050 0.551946
vt 0.320827 0.552350
vt 0.321308 0.551473
vt 0.444472 0.528204
vt 0.444029 0.527883
vt 0.444844 0.528479
vt 0.487103 0.576950
vt 0.486901 0.576498
vt 0.487173 0.577484
vt 0.421701 0.434099
vt 0.422295 0.434181
vt 0.422794 0.434254
vt 0.666865 0.673330
vt 0.666413 0.673228
vt 0.665880 0.673192
vt 0.007164 0.626467
vt 0.006630 0.626550
vt 0.006649 0.646312
vt 0.007183 0.646303
vt 0.006177 0.626785
vt 0.006195 0.646337
vt 0.280164 0.512145
vt 0.280458 0.511690
vt 0.272168 0.494072
vt 0.271738 0.494238
vt 0.280799 0.511157
vt 0.272669 0.493878
vt 0.451169 0.510095
vt 0.451710 0.510175
vt 0.452163 0.510246
vt 0.666895 0.593492
vt 0.666443 0.593396
vt 0.665910 0.593362
vt 0.666885 0.576741
vt 0.666434 0.576520
vt 0.665901 0.576442
vt 0.007000 0.576497
vt 0.006466 0.576573
vt 0.006013 0.576789
vt 0.245008 0.325001
vt 0.245736 0.324824
vt 0.224283 0.314441
vt 0.244386 0.325154
vt 0.921345 0.754050
vt 0.921768 0.753598
vt 0.921196 0.754583
vt 0.666416 0.823277
vt 0.665883 0.823247
vt 0.666868 0.823361
vt 0.418863 0.282616
vt 0.419305 0.282671
vt 0.418336 0.282554
vt 0.257945 0.343215
vt 0.258437 0.342717
vt 0.257524 0.343640
vt 0.006070 0.816308
vt 0.006524 0.816328
vt 0.006480 0.794686
vt 0.006026 0.794879
vt 0.007058 0.816335
vt 0.007014 0.794619
vt 0.666409 0.774752
vt 0.665876 0.774723
vt 0.666861 0.774837
vt 0.414165 0.332631
vt 0.414608 0.332687
vt 0.413638 0.332569
vt 0.258979 0.354399
vt 0.259512 0.354349
vt 0.258522 0.354444
vt 0.006492 0.784286
vt 0.006038 0.784228
vt 0.007026 0.784306
vt 0.264347 0.412495
vt 0.264884 0.412490
vt 0.263886 0.412502
vt 0.006558 0.727078
vt 0.006104 0.726995
vt 0.007092 0.727107
vt 0.266903 0.474374
vt 0.267438 0.474307
vt 0.266445 0.474433
vt 0.006646 0.666880
vt 0.006192 0.666831
vt 0.007180 0.666898
s 1
f 146/1/146 152/2/152 153/3/153 150/4/150
f 150/4/150 153/3/153 154/5/154 151/6/151
f 152/7/152 167/8/167 170/9/170 153/10/153
f 153/3/153 170/11/170 155/12/155 154/5/154
f 147/13/147 158/14/158 159/15/159 156/16/156
f 156/16/156 159/15/159 160/17/160 157/18/157
f 158/14/158 151/19/151 154/20/154 159/15/159
f 159/15/159 154/20/154 155/21/155 160/17/160
f 148/22/148 163/23/163 164/24/164 161/25/161
f 161/25/161 164/24/164 165/26/165 162/27/162
f 163/23/163 157/18/157 160/17/160 164/24/164
f 164/24/164 160/17/160 155/21/155 165/26/165
f 149/28/149 168/29/168 169/30/169 166/31/166
f 166/31/166 169/30/169 170/9/170 167/8/167
f 168/29/168 162/32/162 165/33/165 169/30/169
f 169/30/169 165/33/165 155/34/155 170/9/170
f 221/35/221 227/36/227 228/37/228 225/38/225
f 225/38/225 228/37/228 229/39/229 226/40/226
f 227/36/227 242/41/242 245/42/245 228/37/228
f 228/37/228 245/42/245 230/43/230 229/39/229
f 222/44/222 233/45/233 234/46/234 231/47/231
f 231/47/231 234/46/234 235/48/235 232/49/232
f 233/45/233 226/40/226 229/39/229 234/46/234
f 234/46/234 229/39/229 230/43/230 235/48/235
f 223/50/223 238/51/238 239/52/239 236/53/236
f 236/53/236 239/52/239 240/54/240 237/55/237
f 238/51/238 232/56/232 235/57/235 239/52/239
f 239/52/239 235/57/235 230/58/230 240/54/240
f 224/59/224 243/60/243 244/61/244 241/62/241
f 241/62/241 244/61/244 245/63/245 242/64/242
f 243/60/243 237/55/237 240/54/240 244/61/244
f 244/61/244 240/54/240 230/58/230 245/63/245
f 251/65/251 256/66/256 257/67/257 254/68/254
f 254/68/254 257/67/257 258/69/258 255/70/255
f 256/66/256 266/71/266 269/72/269 257/67/257
f 257/67/257 269/72/269 259/73/259 258/69/258
f 252/74/252 262/75/262 263/76/263 260/77/260
f 260/77/260 263/76/263 264/78/264 261/79/261
f 262/75/262 255/70/255 258/69/258 263/76/263
f 263/76/263 258/69/258 259/73/259 264/78/264
f 253/80/253 267/81/267 268/82/268 265/83/265
f 265/83/265 268/82/268 269/84/269 266/85/266
f 267/81/267 261/86/261 264/87/264 268/82/268
f 268/88/268 264/78/264 259/73/259 269/72/269
f 270/89/270 275/90/275 276/91/276 273/92/273
f 273/93/273 276/94/276 277/95/277 274/96/274
f 275/90/275 285/97/285 288/98/288 276/91/276
f 276/91/276 288/98/288 278/99/278 277/100/277
f 271/101/271 281/102/281 282/103/282 279/104/279
f 279/104/279 282/103/282 283/105/283 280/106/280
f 281/102/281 274/96/274 277/95/277 282/103/282
f 282/103/282 277/95/277 278/107/278 283/105/283
f 272/108/272 286/109/286 287/110/287 284/111/284
f 284/111/284 287/110/287 288/112/288 285/113/285
f 286/109/286 280/114/280 283/115/283 287/110/287
f 287/110/287 283/115/283 278/116/278 288/112/288
f 364/117/364 369/118/369 370/119/370 367/120/367
f 367/120/367 370/119/370 371/121/371 368/122/368
f 369/118/369 379/123/379 382/124/382 370/119/370
f 370/119/370 382/124/382 372/125/372 371/121/371
f 365/126/365 375/127/375 376/128/376 373/129/373
f 373/129/373 376/128/376 377/130/377 374/131/374
f 375/127/375 368/122/368 371/121/371 376/128/376
f 376/128/376 371/121/371 372/125/372 377/130/377
f 366/132/366 380/133/380 381/134/381 378/135/378
f 378/135/378 381/134/381 382/124/382 379/123/379
f 380/133/380 374/131/374 377/130/377 381/134/381
f 381/134/381 377/130/377 372/125/372 382/124/382
f 573/136/573 579/137/579 580/138/580 577/139/577
f 577/140/577 580/141/580 581/142/581 578/143/578
f 579/137/579 594/144/594 597/145/597 580/138/580
f 580/138/580 597/145/597 582/146/582 581/147/581
f 574/148/574 585/149/585 586/150/586 583/151/583
f 583/152/583 586/153/586 587/154/587 584/155/584
f 585/149/585 578/143/578 581/142/581 586/150/586
f 586/153/586 581/156/581 582/157/582 587/154/587
f 575/158/575 590/159/590 591/160/591 588/161/588
f 588/161/588 591/160/591 592/162/592 589/163/589
f 590/159/590 584/155/584 587/154/587 591/160/591
f 591/160/591 587/154/587 582/157/582 592/162/592
f 576/164/576 595/165/595 596/166/596 593/167/593
f 593/167/593 596/166/596 597/168/597 594/169/594
f 595/165/595 589/163/589 592/162/592 596/166/596
f 596/166/596 592/162/592 582/157/582 597/168/597
f 648/170/648 654/171/654 655/172/655 652/173/652
f 652/173/652 655/172/655 656/174/656 653/175/653
f 654/171/654 669/176/669 672/177/672 655/172/655
f 655/172/655 672/177/672 657/178/657 656/174/656
f 649/179/649 660/180/660 661/181/661 658/182/658
f 658/182/658 661/181/661 662/183/662 659/184/659
f 660/180/660 653/185/653 656/186/656 661/181/661
f 661/181/661 656/186/656 657/187/657 662/183/662
f 650/188/650 665/189/665 666/190/666 663/191/663
f 663/191/663 666/190/666 667/192/667 664/193/664
f 665/189/665 659/184/659 662/183/662 666/190/666
f 666/190/666 662/183/662 657/187/657 667/192/667
f 651/194/651 670/195/670 671/196/671 668/197/668
f 668/197/668 671/196/671 672/177/672 669/176/669
f 670/195/670 664/198/664 667/199/667 671/196/671
f 671/196/671 667/199/667 657/178/657 672/177/672
f 678/200/678 683/201/683 684/202/684 681/203/681
f 681/203/681 684/202/684 685/204/685 682/205/682
f 683/201/683 693/206/693 696/207/696 684/202/684
f 684/202/684 696/207/696 686/208/686 685/204/685
f 679/209/679 689/210/689 690/211/690 687/212/687
f 687/212/687 690/211/690 691/213/691 688/214/688
f 689/210/689 682/215/682 685/216/685 690/211/690
f 690/217/690 685/204/685 686/208/686 691/218/691
f 680/219/680 694/220/694 695/221/695 692/222/692
f 692/222/692 695/221/695 696/207/696 693/206/693
f 694/220/694 688/223/688 691/218/691 695/221/695
f 695/221/695 691/218/691 686/208/686 696/207/696
f 697/224/697 702/225/702 703/226/703 700/227/700
f 700/227/700 703/226/703 704/228/704 701/229/701
f 702/230/702 712/231/712 715/232/715 703/233/703
f 703/226/703 715/234/715 705/235/705 704/228/704
f 698/236/698 708/237/708 709/238/709 706/239/706
f 706/239/706 709/238/709 710/240/710 707/241/707
f 708/237/708 701/242/701 704/243/704 709/238/709
f 709/238/709 704/243/704 705/244/705 710/240/710
f 699/245/699 713/246/713 714/247/714 711/248/711
f 711/248/711 714/247/714 715/232/715 712/231/712
f 713/246/713 707/249/707 710/250/710 714/247/714
f 714/247/714 710/250/710 705/251/705 715/232/715
f 791/252/791 796/253/796 797/254/797 794/255/794
f 794/255/794 797/254/797 798/256/798 795/257/795
f 796/253/796 806/258/806 809/259/809 797/254/797
f 797/254/797 809/259/809 799/260/799 798/256/798
f 792/261/792 802/262/802 803/263/803 800/264/800
f 800/264/800 803/263/803 804/265/804 801/266/801
f 802/262/802 795/257/795 798/256/798 803/263/803
f 803/263/803 798/256/798 799/260/799 804/265/804
f 793/267/793 807/268/807 808/269/808 805/270/805
f 805/270/805 808/269/808 809/259/809 806/258/806
f 807/268/807 801/266/801 804/265/804 808/269/808
f 808/269/808 804/265/804 799/260/799 809/259/809
f 2/271/2 5/272/5 8/273/8 6/274/6
f 5/272/5 4/275/4 9/276/9 8/273/8
f 4/277/4 3/278/3 10/279/10 9/280/9
f 3/278/3 1/281/1 7/282/7 10/279/10
f 17/283/17 20/284/20 28/285/28 26/286/26
f 20/284/20 19/287/19 29/288/29 28/285/28
f 19/289/19 18/290/18 30/291/30 29/292/29
f 18/290/18 16/293/16 27/294/27 30/291/30
f 42/295/42 45/296/45 48/297/48 46/298/46
f 45/296/45 44/299/44 49/300/49 48/297/48
f 44/301/44 43/302/43 50/303/50 49/304/49
f 43/302/43 41/305/41 47/306/47 50/303/50
f 77/307/77 80/308/80 88/309/88 86/310/86
f 80/308/80 79/311/79 89/312/89 88/309/88
f 79/313/79 78/314/78 90/315/90 89/316/89
f 78/314/78 76/317/76 87/318/87 90/315/90
f 76/317/76 78/314/78 83/319/83 81/320/81
f 78/314/78 79/313/79 84/321/84 83/319/83
f 79/313/79 80/322/80 85/323/85 84/321/84
f 80/308/80 77/307/77 82/324/82 85/325/85
f 81/320/81 83/319/83 93/326/93 91/327/91
f 83/319/83 84/321/84 94/328/94 93/326/93
f 84/329/84 85/325/85 95/330/95 94/331/94
f 85/325/85 82/324/82 92/332/92 95/330/95
f 86/310/86 88/309/88 98/333/98 96/334/96
f 88/309/88 89/312/89 99/335/99 98/333/98
f 89/316/89 90/315/90 100/336/100 99/337/99
f 90/315/90 87/318/87 97/338/97 100/336/100
f 91/327/91 93/326/93 108/339/108 106/340/106
f 93/326/93 94/328/94 109/341/109 108/339/108
f 94/331/94 95/330/95 110/342/110 109/343/109
f 95/330/95 92/332/92 107/344/107 110/342/110
f 106/345/106 108/346/108 113/347/113 111/348/111
f 108/346/108 109/349/109 114/350/114 113/347/113
f 109/343/109 110/342/110 115/351/115 114/352/114
f 110/342/110 107/344/107 112/353/112 115/351/115
f 111/348/111 113/347/113 118/354/118 116/355/116
f 113/347/113 114/350/114 119/356/119 118/354/118
f 114/352/114 115/351/115 120/357/120 119/358/119
f 115/351/115 112/353/112 117/359/117 120/357/120
f 96/334/96 98/333/98 123/360/123 121/361/121
f 98/333/98 99/335/99 124/362/124 123/360/123
f 99/337/99 100/336/100 125/363/125 124/364/124
f 100/336/100 97/338/97 122/365/122 125/363/125
f 116/355/116 118/354/118 128/366/128 126/367/126
f 118/354/118 119/356/119 129/368/129 128/366/128
f 119/358/119 120/357/120 130/369/130 129/370/129
f 120/357/120 117/359/117 127/371/127 130/369/130
f 102/372/102 105/373/105 133/374/133 131/375/131
f 105/373/105 104/376/104 134/377/134 133/374/133
f 104/378/104 103/379/103 135/380/135 134/381/134
f 103/379/103 101/382/101 132/383/132 135/380/135
f 121/361/121 123/360/123 138/384/138 136/385/136
f 123/386/123 124/364/124 139/387/139 138/388/138
f 124/364/124 125/363/125 140/389/140 139/387/139
f 125/363/125 122/365/122 137/390/137 140/389/140
f 136/385/136 138/384/138 143/391/143 141/392/141
f 138/388/138 139/387/139 144/393/144 143/394/143
f 139/387/139 140/389/140 145/395/145 144/393/144
f 140/389/140 137/390/137 142/396/142 145/395/145
f 141/392/141 143/391/143 158/14/158 147/13/147
f 143/394/143 144/393/144 151/6/151 158/397/158
f 144/393/144 145/395/145 150/4/150 151/6/151
f 145/395/145 142/396/142 146/1/146 150/4/150
f 148/22/148 161/25/161 173/398/173 171/399/171
f 161/25/161 162/27/162 174/400/174 173/398/173
f 162/32/162 168/29/168 175/401/175 174/402/174
f 168/29/168 149/28/149 172/403/172 175/401/175
f 126/404/126 128/405/128 178/406/178 176/407/176
f 128/405/128 129/408/129 179/409/179 178/406/178
f 129/370/129 130/369/130 180/410/180 179/411/179
f 130/369/130 127/371/127 177/412/177 180/410/180
f 176/407/176 178/406/178 183/413/183 181/414/181
f 178/406/178 179/409/179 184/415/184 183/413/183
f 179/409/179 180/416/180 185/417/185 184/415/184
f 180/410/180 177/412/177 182/418/182 185/419/185
f 171/399/171 173/398/173 188/420/188 186/421/186
f 173/398/173 174/400/174 189/422/189 188/420/188
f 174/402/174 175/401/175 190/423/190 189/424/189
f 175/401/175 172/403/172 187/425/187 190/423/190
f 186/421/186 188/420/188 193/426/193 191/427/191
f 188/420/188 189/422/189 194/428/194 193/426/193
f 189/429/189 190/430/190 195/431/195 194/432/194
f 190/430/190 187/433/187 192/434/192 195/431/195
f 191/427/191 193/426/193 198/435/198 196/436/196
f 193/437/193 194/432/194 199/438/199 198/439/198
f 194/432/194 195/431/195 200/440/200 199/438/199
f 195/431/195 192/434/192 197/441/197 200/440/200
f 196/436/196 198/435/198 203/442/203 201/443/201
f 198/439/198 199/438/199 204/444/204 203/445/203
f 199/438/199 200/440/200 205/446/205 204/444/204
f 200/440/200 197/441/197 202/447/202 205/446/205
f 207/448/207 210/449/210 213/450/213 211/451/211
f 210/449/210 209/452/209 214/453/214 213/450/213
f 209/454/209 208/455/208 215/456/215 214/457/214
f 208/455/208 206/458/206 212/459/212 215/456/215
f 201/443/201 203/442/203 215/456/215 212/459/212
f 203/442/203 204/460/204 214/457/214 215/456/215
f 204/444/204 205/446/205 213/450/213 214/453/214
f 205/446/205 202/447/202 211/451/211 213/450/213
f 206/458/206 208/455/208 218/461/218 216/462/216
f 208/455/208 209/454/209 219/463/219 218/461/218
f 209/452/209 210/449/210 220/464/220 219/465/219
f 210/449/210 207/448/207 217/466/217 220/464/220
f 131/467/131 133/468/133 227/36/227 221/35/221
f 133/468/133 134/469/134 242/41/242 227/36/227
f 134/381/134 135/380/135 241/62/241 242/64/242
f 135/380/135 132/383/132 224/59/224 241/62/241
f 216/462/216 218/461/218 248/470/248 246/471/246
f 218/461/218 219/463/219 249/472/249 248/470/248
f 219/473/219 220/474/220 250/475/250 249/476/249
f 220/474/220 217/477/217 247/478/247 250/475/250
f 222/44/222 231/47/231 256/66/256 251/65/251
f 231/47/231 232/49/232 266/71/266 256/66/256
f 232/56/232 238/51/238 265/83/265 266/85/266
f 238/51/238 223/50/223 253/80/253 265/83/265
f 252/74/252 260/77/260 275/90/275 270/89/270
f 260/77/260 261/79/261 285/97/285 275/90/275
f 261/86/261 267/81/267 284/111/284 285/113/285
f 267/81/267 253/80/253 272/108/272 284/111/284
f 271/101/271 279/104/279 291/479/291 289/480/289
f 279/104/279 280/106/280 292/481/292 291/479/291
f 280/114/280 286/109/286 293/482/293 292/483/292
f 286/109/286 272/108/272 290/484/290 293/482/293
f 246/471/246 248/470/248 296/485/296 294/486/294
f 248/470/248 249/472/249 297/487/297 296/485/296
f 249/476/249 250/475/250 298/488/298 297/489/297
f 250/475/250 247/478/247 295/490/295 298/488/298
f 289/480/289 291/479/291 301/491/301 299/492/299
f 291/479/291 292/481/292 302/493/302 301/491/301
f 292/483/292 293/482/293 303/494/303 302/495/302
f 293/482/293 290/484/290 300/496/300 303/494/303
f 294/486/294 296/485/296 306/497/306 304/498/304
f 296/485/296 297/487/297 307/499/307 306/497/306
f 297/489/297 298/488/298 308/500/308 307/501/307
f 298/488/298 295/490/295 305/502/305 308/500/308
f 299/492/299 301/491/301 311/503/311 309/504/309
f 301/491/301 302/493/302 312/505/312 311/503/311
f 302/495/302 303/494/303 313/506/313 312/507/312
f 303/494/303 300/496/300 310/508/310 313/506/313
f 304/498/304 306/497/306 321/509/321 319/510/319
f 306/497/306 307/499/307 322/511/322 321/509/321
f 307/501/307 308/500/308 323/512/323 322/513/322
f 308/500/308 305/502/305 320/514/320 323/512/323
f 315/515/315 318/516/318 326/517/326 324/518/324
f 318/516/318 317/519/317 327/520/327 326/517/326
f 317/521/317 316/522/316 328/523/328 327/524/327
f 316/522/316 314/525/314 325/526/325 328/523/328
f 314/525/314 316/522/316 331/527/331 329/528/329
f 316/522/316 317/521/317 332/529/332 331/527/331
f 317/519/317 318/516/318 333/530/333 332/531/332
f 318/516/318 315/515/315 330/532/330 333/530/333
f 309/504/309 311/503/311 336/533/336 334/534/334
f 311/503/311 312/505/312 337/535/337 336/533/336
f 312/507/312 313/506/313 338/536/338 337/537/337
f 313/506/313 310/508/310 335/538/335 338/536/338
f 324/518/324 326/517/326 341/539/341 339/540/339
f 326/517/326 327/520/327 342/541/342 341/539/341
f 327/524/327 328/523/328 343/542/343 342/543/342
f 328/523/328 325/526/325 340/544/340 343/542/343
f 339/540/339 341/539/341 346/545/346 344/546/344
f 341/539/341 342/541/342 347/547/347 346/545/346
f 342/543/342 343/542/343 348/548/348 347/549/347
f 343/542/343 340/544/340 345/550/345 348/548/348
f 334/551/334 336/552/336 351/553/351 349/554/349
f 336/552/336 337/555/337 352/556/352 351/553/351
f 337/537/337 338/536/338 353/557/353 352/558/352
f 338/536/338 335/538/335 350/559/350 353/557/353
f 344/546/344 346/545/346 353/557/353 350/559/350
f 346/545/346 347/547/347 352/558/352 353/557/353
f 347/549/347 348/548/348 351/553/351 352/556/352
f 348/548/348 345/550/345 349/554/349 351/553/351
f 329/560/329 331/561/331 356/562/356 354/563/354
f 331/561/331 332/564/332 357/565/357 356/562/356
f 332/531/332 333/530/333 358/566/358 357/567/357
f 333/530/333 330/532/330 355/568/355 358/566/358
f 319/510/319 321/509/321 361/569/361 359/570/359
f 321/509/321 322/511/322 362/571/362 361/569/361
f 322/511/322 323/572/323 363/573/363 362/571/362
f 323/512/323 320/514/320 360/574/360 363/575/363
f 359/570/359 361/569/361 375/576/375 365/577/365
f 361/569/361 362/571/362 368/578/368 375/576/375
f 362/579/362 363/580/363 367/120/367 368/122/368
f 363/580/363 360/581/360 364/117/364 367/120/367
f 354/582/354 356/583/356 385/584/385 383/585/383
f 356/583/356 357/586/357 386/587/386 385/584/385
f 357/567/357 358/566/358 387/588/387 386/589/386
f 358/566/358 355/568/355 384/590/384 387/588/387
f 365/577/365 373/591/373 387/588/387 384/590/384
f 373/129/373 374/131/374 386/587/386 387/592/387
f 374/131/374 380/133/380 385/584/385 386/587/386
f 380/133/380 366/132/366 383/585/383 385/584/385
f 389/593/389 392/594/392 400/595/400 398/596/398
f 392/594/392 391/597/391 401/598/401 400/595/400
f 391/599/391 390/600/390 402/601/402 401/602/401
f 390/600/390 388/603/388 399/604/399 402/601/402
f 388/603/388 390/600/390 395/605/395 393/606/393
f 390/600/390 391/599/391 396/607/396 395/605/395
f 391/597/391 392/594/392 397/608/397 396/609/396
f 392/594/392 389/593/389 394/610/394 397/608/397
f 393/606/393 395/605/395 405/611/405 403/612/403
f 395/605/395 396/607/396 406/613/406 405/611/405
f 396/609/396 397/608/397 407/614/407 406/615/406
f 397/608/397 394/610/394 404/616/404 407/614/407
f 398/596/398 400/595/400 410/617/410 408/618/408
f 400/595/400 401/598/401 411/619/411 410/617/410
f 401/602/401 402/601/402 412/620/412 411/621/411
f 402/601/402 399/604/399 409/622/409 412/620/412
f 403/612/403 405/611/405 415/623/415 413/624/413
f 405/611/405 406/613/406 416/625/416 415/623/415
f 406/615/406 407/614/407 417/626/417 416/627/416
f 407/614/407 404/616/404 414/628/414 417/626/417
f 424/629/424 427/630/427 50/303/50 47/306/47
f 427/630/427 426/631/426 49/304/49 50/303/50
f 426/632/426 425/633/425 48/297/48 49/300/49
f 425/633/425 423/634/423 46/298/46 48/297/48
f 423/634/423 425/633/425 20/284/20 17/283/17
f 425/633/425 426/632/426 19/287/19 20/284/20
f 426/631/426 427/630/427 18/290/18 19/289/19
f 427/630/427 424/629/424 16/293/16 18/290/18
f 419/635/419 422/636/422 23/637/23 21/638/21
f 422/636/422 421/639/421 24/640/24 23/637/23
f 421/641/421 420/642/420 25/643/25 24/644/24
f 420/642/420 418/645/418 22/646/22 25/643/25
f 12/647/12 15/648/15 30/291/30 27/294/27
f 15/648/15 14/649/14 29/292/29 30/291/30
f 14/650/14 13/651/13 28/285/28 29/288/29
f 13/651/13 11/652/11 26/286/26 28/285/28
f 418/645/418 420/642/420 5/272/5 2/271/2
f 420/642/420 421/641/421 4/275/4 5/272/5
f 421/639/421 422/636/422 3/278/3 4/277/4
f 422/636/422 419/635/419 1/281/1 3/278/3
f 413/653/413 415/654/415 15/648/15 12/647/12
f 415/654/415 416/655/416 14/649/14 15/648/15
f 416/627/416 417/626/417 13/651/13 14/650/14
f 417/626/417 414/628/414 11/652/11 13/651/13
f 408/618/408 410/617/410 10/279/10 7/282/7
f 410/617/410 411/619/411 9/280/9 10/279/10
f 411/656/411 412/657/412 8/273/8 9/276/9
f 412/657/412 409/658/409 6/274/6 8/273/8
f 181/414/181 183/413/183 73/659/73 71/660/71
f 183/413/183 184/415/184 74/661/74 73/659/73
f 184/662/184 185/419/185 75/663/75 74/664/74
f 185/419/185 182/418/182 72/665/72 75/663/75
f 101/382/101 103/379/103 68/666/68 66/667/66
f 103/379/103 104/378/104 69/668/69 68/666/68
f 104/376/104 105/373/105 70/669/70 69/670/69
f 105/373/105 102/372/102 67/671/67 70/669/70
f 71/672/71 73/673/73 63/674/63 61/675/61
f 73/673/73 74/676/74 64/677/64 63/674/63
f 74/664/74 75/663/75 65/678/65 64/679/64
f 75/663/75 72/665/72 62/680/62 65/678/65
f 66/667/66 68/666/68 58/681/58 56/682/56
f 68/666/68 69/668/69 59/683/59 58/681/58
f 69/670/69 70/669/70 60/684/60 59/685/59
f 70/669/70 67/671/67 57/686/57 60/684/60
f 61/675/61 63/674/63 53/687/53 51/688/51
f 63/674/63 64/677/64 54/689/54 53/687/53
f 64/679/64 65/678/65 55/690/55 54/691/54
f 65/678/65 62/680/62 52/692/52 55/690/55
f 56/682/56 58/681/58 45/296/45 42/295/42
f 58/681/58 59/683/59 44/299/44 45/296/45
f 59/685/59 60/684/60 43/302/43 44/301/44
f 60/684/60 57/686/57 41/305/41 43/302/43
f 51/688/51 53/687/53 38/693/38 36/694/36
f 53/687/53 54/689/54 39/695/39 38/693/38
f 54/691/54 55/690/55 40/696/40 39/697/39
f 55/690/55 52/692/52 37/698/37 40/696/40
f 36/694/36 38/693/38 33/699/33 31/700/31
f 38/693/38 39/695/39 34/701/34 33/699/33
f 39/697/39 40/696/40 35/702/35 34/703/34
f 40/696/40 37/698/37 32/704/32 35/702/35
f 31/700/31 33/699/33 25/643/25 22/646/22
f 33/699/33 34/701/34 24/644/24 25/643/25
f 34/703/34 35/702/35 23/637/23 24/640/24
f 35/702/35 32/704/32 21/638/21 23/637/23
f 429/705/429 432/706/432 435/707/435 433/708/433
f 432/706/432 431/709/431 436/710/436 435/707/435
f 431/711/431 430/712/430 437/713/437 436/714/436
f 430/712/430 428/715/428 434/716/434 437/713/437
f 444/717/444 447/718/447 455/719/455 453/720/453
f 447/718/447 446/721/446 456/722/456 455/719/455
f 446/723/446 445/724/445 457/725/457 456/726/456
f 445/724/445 443/727/443 454/728/454 457/725/457
f 469/729/469 472/730/472 475/731/475 473/732/473
f 472/730/472 471/733/471 476/734/476 475/731/475
f 471/735/471 470/736/470 477/737/477 476/738/476
f 470/736/470 468/739/468 474/740/474 477/737/477
f 504/741/504 507/742/507 515/743/515 513/744/513
f 507/742/507 506/745/506 516/746/516 515/743/515
f 506/747/506 505/748/505 517/749/517 516/750/516
f 505/748/505 503/751/503 514/752/514 517/749/517
f 503/751/503 505/748/505 510/753/510 508/754/508
f 505/755/505 506/745/506 511/756/511 510/757/510
f 506/745/506 507/742/507 512/758/512 511/756/511
f 507/742/507 504/741/504 509/759/509 512/758/512
f 508/754/508 510/753/510 520/760/520 518/761/518
f 510/753/510 511/762/511 521/763/521 520/760/520
f 511/756/511 512/758/512 522/764/522 521/765/521
f 512/758/512 509/759/509 519/766/519 522/764/522
f 513/744/513 515/743/515 525/767/525 523/768/523
f 515/743/515 516/746/516 526/769/526 525/767/525
f 516/750/516 517/749/517 527/770/527 526/771/526
f 517/749/517 514/752/514 524/772/524 527/770/527
f 518/761/518 520/760/520 535/773/535 533/774/533
f 520/760/520 521/763/521 536/775/536 535/773/535
f 521/765/521 522/764/522 537/776/537 536/777/536
f 522/764/522 519/766/519 534/778/534 537/776/537
f 533/774/533 535/773/535 540/779/540 538/780/538
f 535/773/535 536/775/536 541/781/541 540/779/540
f 536/782/536 537/783/537 542/784/542 541/785/541
f 537/783/537 534/786/534 539/787/539 542/784/542
f 538/780/538 540/779/540 545/788/545 543/789/543
f 540/779/540 541/781/541 546/790/546 545/788/545
f 541/785/541 542/784/542 547/791/547 546/792/546
f 542/784/542 539/787/539 544/793/544 547/791/547
f 523/768/523 525/767/525 550/794/550 548/795/548
f 525/767/525 526/769/526 551/796/551 550/794/550
f 526/771/526 527/770/527 552/797/552 551/798/551
f 527/770/527 524/772/524 549/799/549 552/797/552
f 543/789/543 545/788/545 555/800/555 553/801/553
f 545/788/545 546/790/546 556/802/556 555/800/555
f 546/792/546 547/791/547 557/803/557 556/804/556
f 547/791/547 544/793/544 554/805/554 557/803/557
f 529/806/529 532/807/532 560/808/560 558/809/558
f 532/807/532 531/810/531 561/811/561 560/808/560
f 531/812/531 530/813/530 562/814/562 561/815/561
f 530/813/530 528/816/528 559/817/559 562/814/562
f 548/795/548 550/794/550 565/818/565 563/819/563
f 550/794/550 551/796/551 566/820/566 565/818/565
f 551/796/551 552/821/552 567/822/567 566/820/566
f 552/797/552 549/799/549 564/823/564 567/824/567
f 563/819/563 565/818/565 570/825/570 568/826/568
f 565/818/565 566/820/566 571/827/571 570/825/570
f 566/820/566 567/822/567 572/828/572 571/827/571
f 567/824/567 564/823/564 569/829/569 572/830/572
f 568/826/568 570/825/570 579/137/579 573/136/573
f 570/825/570 571/827/571 594/144/594 579/137/579
f 571/831/571 572/830/572 593/167/593 594/169/594
f 572/830/572 569/829/569 576/164/576 593/167/593
f 574/148/574 583/151/583 600/832/600 598/833/598
f 583/152/583 584/155/584 601/834/601 600/835/600
f 584/155/584 590/159/590 602/836/602 601/834/601
f 590/159/590 575/158/575 599/837/599 602/836/602
f 553/801/553 555/800/555 605/838/605 603/839/603
f 555/800/555 556/802/556 606/840/606 605/838/605
f 556/841/556 557/842/557 607/843/607 606/844/606
f 557/842/557 554/845/554 604/846/604 607/843/607
f 603/839/603 605/838/605 610/847/610 608/848/608
f 605/849/605 606/844/606 611/850/611 610/851/610
f 606/844/606 607/843/607 612/852/612 611/850/611
f 607/843/607 604/846/604 609/853/609 612/852/612
f 598/833/598 600/832/600 615/854/615 613/855/613
f 600/832/600 601/856/601 616/857/616 615/854/615
f 601/834/601 602/836/602 617/858/617 616/859/616
f 602/836/602 599/837/599 614/860/614 617/858/617
f 613/861/613 615/862/615 620/863/620 618/864/618
f 615/862/615 616/865/616 621/866/621 620/863/620
f 616/859/616 617/858/617 622/867/622 621/868/621
f 617/858/617 614/860/614 619/869/619 622/867/622
f 618/864/618 620/863/620 625/870/625 623/871/623
f 620/863/620 621/866/621 626/872/626 625/870/625
f 621/866/621 622/873/622 627/874/627 626/872/626
f 622/867/622 619/869/619 624/875/624 627/876/627
f 623/871/623 625/870/625 630/877/630 628/878/628
f 625/870/625 626/872/626 631/879/631 630/877/630
f 626/872/626 627/874/627 632/880/632 631/879/631
f 627/876/627 624/875/624 629/881/629 632/882/632
f 634/883/634 637/884/637 640/885/640 638/886/638
f 637/884/637 636/887/636 641/888/641 640/885/640
f 636/889/636 635/890/635 642/891/642 641/892/641
f 635/890/635 633/893/633 639/894/639 642/891/642
f 628/878/628 630/877/630 642/891/642 639/894/639
f 630/877/630 631/879/631 641/892/641 642/891/642
f 631/895/631 632/882/632 640/885/640 641/888/641
f 632/882/632 629/881/629 638/886/638 640/885/640
f 633/893/633 635/890/635 645/896/645 643/897/643
f 635/890/635 636/889/636 646/898/646 645/896/645
f 636/887/636 637/884/637 647/899/647 646/900/646
f 637/884/637 634/883/634 644/901/644 647/899/647
f 558/809/558 560/808/560 660/180/660 649/179/649
f 560/808/560 561/811/561 653/185/653 660/180/660
f 561/902/561 562/903/562 652/173/652 653/175/653
f 562/903/562 559/904/559 648/170/648 652/173/652
f 643/905/643 645/906/645 675/907/675 673/908/673
f 645/906/645 646/909/646 676/910/676 675/907/675
f 646/900/646 647/899/647 677/911/677 676/912/676
f 647/899/647 644/901/644 674/913/674 677/911/677
f 650/188/650 663/191/663 689/210/689 679/209/679
f 663/191/663 664/193/664 682/215/682 689/210/689
f 664/198/664 670/195/670 681/203/681 682/205/682
f 670/195/670 651/194/651 678/200/678 681/203/681
f 679/209/679 687/212/687 708/237/708 698/236/698
f 687/212/687 688/214/688 701/242/701 708/237/708
f 688/223/688 694/220/694 700/227/700 701/229/701
f 694/220/694 680/219/680 697/224/697 700/227/700
f 698/236/698 706/239/706 718/914/718 716/915/716
f 706/239/706 707/241/707 719/916/719 718/914/718
f 707/249/707 713/246/713 720/917/720 719/918/719
f 713/246/713 699/245/699 717/919/717 720/917/720
f 673/908/673 675/907/675 723/920/723 721/921/721
f 675/907/675 676/910/676 724/922/724 723/920/723
f 676/912/676 677/911/677 725/923/725 724/924/724
f 677/911/677 674/913/674 722/925/722 725/923/725
f 716/915/716 718/914/718 728/926/728 726/927/726
f 718/914/718 719/916/719 729/928/729 728/926/728
f 719/918/719 720/917/720 730/929/730 729/930/729
f 720/917/720 717/919/717 727/931/727 730/929/730
f 721/921/721 723/920/723 733/932/733 731/933/731
f 723/920/723 724/922/724 734/934/734 733/932/733
f 724/924/724 725/923/725 735/935/735 734/936/734
f 725/923/725 722/925/722 732/937/732 735/935/735
f 726/927/726 728/926/728 738/938/738 736/939/736
f 728/926/728 729/928/729 739/940/739 738/938/738
f 729/930/729 730/929/730 740/941/740 739/942/739
f 730/929/730 727/931/727 737/943/737 740/941/740
f 731/933/731 733/932/733 748/944/748 746/945/746
f 733/932/733 734/934/734 749/946/749 748/944/748
f 734/936/734 735/935/735 750/947/750 749/948/749
f 735/935/735 732/937/732 747/949/747 750/947/750
f 742/950/742 745/951/745 753/952/753 751/953/751
f 745/951/745 744/954/744 754/955/754 753/952/753
f 744/956/744 743/957/743 755/958/755 754/959/754
f 743/957/743 741/960/741 752/961/752 755/958/755
f 741/960/741 743/957/743 758/962/758 756/963/756
f 743/957/743 744/956/744 759/964/759 758/962/758
f 744/954/744 745/951/745 760/965/760 759/966/759
f 745/951/745 742/950/742 757/967/757 760/965/760
f 736/939/736 738/938/738 763/968/763 761/969/761
f 738/938/738 739/940/739 764/970/764 763/968/763
f 739/942/739 740/941/740 765/971/765 764/972/764
f 740/941/740 737/943/737 762/973/762 765/971/765
f 751/953/751 753/952/753 768/974/768 766/975/766
f 753/952/753 754/955/754 769/976/769 768/974/768
f 754/959/754 755/958/755 770/977/770 769/978/769
f 755/958/755 752/961/752 767/979/767 770/977/770
f 766/975/766 768/974/768 773/980/773 771/981/771
f 768/974/768 769/976/769 774/982/774 773/980/773
f 769/978/769 770/977/770 775/983/775 774/984/774
f 770/977/770 767/979/767 772/985/772 775/983/775
f 761/969/761 763/968/763 778/986/778 776/987/776
f 763/968/763 764/970/764 779/988/779 778/986/778
f 764/989/764 765/990/765 780/991/780 779/992/779
f 765/990/765 762/993/762 777/994/777 780/991/780
f 771/981/771 773/980/773 780/991/780 777/994/777
f 773/980/773 774/982/774 779/992/779 780/991/780
f 774/984/774 775/983/775 778/986/778 779/988/779
f 775/983/775 772/985/772 776/987/776 778/986/778
f 756/963/756 758/962/758 783/995/783 781/996/781
f 758/962/758 759/964/759 784/997/784 783/995/783
f 759/998/759 760/999/760 785/1000/785 784/1001/784
f 760/999/760 757/1002/757 782/1003/782 785/1000/785
f 746/945/746 748/944/748 788/1004/788 786/1005/786
f 748/1006/748 749/948/749 789/1007/789 788/1008/788
f 749/948/749 750/947/750 790/1009/790 789/1007/789
f 750/947/750 747/949/747 787/1010/787 790/1009/790
f 786/1011/786 788/1012/788 796/253/796 791/252/791
f 788/1012/788 789/1013/789 806/258/806 796/253/796
f 789/1007/789 790/1009/790 805/1014/805 806/1015/806
f 790/1009/790 787/1010/787 793/1016/793 805/1014/805
f 781/996/781 783/995/783 812/1017/812 810/1018/810
f 783/995/783 784/997/784 813/1019/813 812/1017/812
f 784/1020/784 785/1021/785 814/1022/814 813/1023/813
f 785/1021/785 782/1024/782 811/1025/811 814/1022/814
f 792/261/792 800/264/800 814/1022/814 811/1025/811
f 800/264/800 801/266/801 813/1023/813 814/1022/814
f 801/266/801 807/268/807 812/1026/812 813/1023/813
f 807/1027/807 793/1016/793 810/1018/810 812/1017/812
f 816/1028/816 819/1029/819 827/1030/827 825/1031/825
f 819/1029/819 818/1032/818 828/1033/828 827/1030/827
f 818/1034/818 817/1035/817 829/1036/829 828/1037/828
f 817/1035/817 815/1038/815 826/1039/826 829/1036/829
f 815/1038/815 817/1035/817 822/1040/822 820/1041/820
f 817/1035/817 818/1034/818 823/1042/823 822/1040/822
f 818/1032/818 819/1029/819 824/1043/824 823/1044/823
f 819/1029/819 816/1028/816 821/1045/821 824/1043/824
f 820/1041/820 822/1040/822 832/1046/832 830/1047/830
f 822/1040/822 823/1042/823 833/1048/833 832/1046/832
f 823/1044/823 824/1043/824 834/1049/834 833/1050/833
f 824/1043/824 821/1045/821 831/1051/831 834/1049/834
f 825/1031/825 827/1030/827 837/1052/837 835/1053/835
f 827/1030/827 828/1033/828 838/1054/838 837/1052/837
f 828/1037/828 829/1036/829 839/1055/839 838/1056/838
f 829/1036/829 826/1039/826 836/1057/836 839/1055/839
f 830/1047/830 832/1046/832 842/1058/842 840/1059/840
f 832/1046/832 833/1048/833 843/1060/843 842/1058/842
f 833/1050/833 834/1049/834 844/1061/844 843/1062/843
f 834/1049/834 831/1051/831 841/1063/841 844/1061/844
f 851/1064/851 854/1065/854 477/737/477 474/740/474
f 854/1065/854 853/1066/853 476/738/476 477/737/477
f 853/1067/853 852/1068/852 475/731/475 476/734/476
f 852/1068/852 850/1069/850 473/732/473 475/731/475
f 850/1069/850 852/1068/852 447/718/447 444/717/444
f 852/1068/852 853/1067/853 446/721/446 447/718/447
f 853/1066/853 854/1065/854 445/724/445 446/723/446
f 854/1065/854 851/1064/851 443/727/443 445/724/445
f 846/1070/846 849/1071/849 450/1072/450 448/1073/448
f 849/1071/849 848/1074/848 451/1075/451 450/1072/450
f 848/1076/848 847/1077/847 452/1078/452 451/1079/451
f 847/1077/847 845/1080/845 449/1081/449 452/1078/452
f 439/1082/439 442/1083/442 457/725/457 454/728/454
f 442/1083/442 441/1084/441 456/726/456 457/725/457
f 441/1085/441 440/1086/440 455/719/455 456/722/456
f 440/1086/440 438/1087/438 453/720/453 455/719/455
f 845/1080/845 847/1077/847 432/706/432 429/705/429
f 847/1077/847 848/1076/848 431/709/431 432/706/432
f 848/1074/848 849/1071/849 430/712/430 431/711/431
f 849/1071/849 846/1070/846 428/715/428 430/712/430
f 840/1059/840 842/1058/842 442/1083/442 439/1082/439
f 842/1058/842 843/1060/843 441/1084/441 442/1083/442
f 843/1088/843 844/1089/844 440/1086/440 441/1085/441
f 844/1089/844 841/1090/841 438/1087/438 440/1086/440
f 835/1091/835 837/1092/837 437/713/437 434/716/434
f 837/1092/837 838/1093/838 436/714/436 437/713/437
f 838/1056/838 839/1055/839 435/707/435 436/710/436
f 839/1055/839 836/1057/836 433/708/433 435/707/435
f 608/848/608 610/847/610 500/1094/500 498/1095/498
f 610/847/610 611/1096/611 501/1097/501 500/1094/500
f 611/850/611 612/852/612 502/1098/502 501/1099/501
f 612/852/612 609/853/609 499/1100/499 502/1098/502
f 528/816/528 530/813/530 495/1101/495 493/1102/493
f 530/813/530 531/812/531 496/1103/496 495/1101/495
f 531/810/531 532/807/532 497/1104/497 496/1105/496
f 532/807/532 529/806/529 494/1106/494 497/1104/497
f 498/1095/498 500/1094/500 490/1107/490 488/1108/488
f 500/1094/500 501/1097/501 491/1109/491 490/1107/490
f 501/1110/501 502/1111/502 492/1112/492 491/1113/491
f 502/1111/502 499/1114/499 489/1115/489 492/1112/492
f 493/1102/493 495/1101/495 485/1116/485 483/1117/483
f 495/1101/495 496/1103/496 486/1118/486 485/1116/485
f 496/1105/496 497/1104/497 487/1119/487 486/1120/486
f 497/1104/497 494/1106/494 484/1121/484 487/1119/487
f 488/1108/488 490/1107/490 480/1122/480 478/1123/478
f 490/1107/490 491/1109/491 481/1124/481 480/1122/480
f 491/1113/491 492/1112/492 482/1125/482 481/1126/481
f 492/1112/492 489/1115/489 479/1127/479 482/1125/482
f 483/1117/483 485/1116/485 472/730/472 469/729/469
f 485/1116/485 486/1118/486 471/733/471 472/730/472
f 486/1120/486 487/1119/487 470/736/470 471/735/471
f 487/1119/487 484/1121/484 468/739/468 470/736/470
f 478/1123/478 480/1122/480 465/1128/465 463/1129/463
f 480/1122/480 481/1124/481 466/1130/466 465/1128/465
f 481/1126/481 482/1125/482 467/1131/467 466/1132/466
f 482/1125/482 479/1127/479 464/1133/464 467/1131/467
f 463/1129/463 465/1128/465 460/1134/460 458/1135/458
f 465/1128/465 466/1130/466 461/1136/461 460/1134/460
f 466/1132/466 467/1131/467 462/1137/462 461/1138/461
f 467/1131/467 464/1133/464 459/1139/459 462/1137/462
f 458/1135/458 460/1134/460 452/1078/452 449/1081/449
f 460/1134/460 461/1136/461 451/1079/451 452/1078/452
f 461/1138/461 462/1137/462 450/1072/450 451/1075/451
f 462/1137/462 459/1139/459 448/1073/448 450/1072/450
f 149/28/149 166/31/166 585/149/585 574/148/574
f 166/31/166 167/8/167 578/143/578 585/149/585
f 167/8/167 152/7/152 577/140/577 578/143/578
f 152/2/152 146/1/146 573/136/573 577/139/577
f 221/35/221 225/38/225 654/171/654 648/170/648
f 225/38/225 226/40/226 669/176/669 654/171/654
f 226/40/226 233/45/233 668/197/668 669/176/669
f 233/45/233 222/44/222 651/194/651 668/197/668
f 251/65/251 254/68/254 683/201/683 678/200/678
f 254/68/254 255/70/255 693/206/693 683/201/683
f 255/70/255 262/75/262 692/222/692 693/206/693
f 262/75/262 252/74/252 680/219/680 692/222/692
f 270/89/270 273/92/273 702/225/702 697/224/697
f 273/93/273 274/96/274 712/231/712 702/230/702
f 274/96/274 281/102/281 711/248/711 712/231/712
f 281/102/281 271/101/271 699/245/699 711/248/711
f 366/132/366 378/135/378 802/262/802 792/261/792
f 378/135/378 379/123/379 795/257/795 802/262/802
f 379/123/379 369/118/369 794/255/794 795/257/795
f 369/118/369 364/117/364 791/252/791 794/255/794
f 419/635/419 11/652/11 1/281/1
f 1/281/1 11/652/11 7/282/7
f 2/271/2 428/715/428 846/1070/846 418/645/418
f 6/274/6 434/716/434 428/715/428 2/271/2
f 7/282/7 414/628/414 408/618/408
f 11/652/11 414/628/414 7/282/7
f 409/658/409 835/1091/835 434/716/434 6/274/6
f 12/647/12 438/1087/438 841/1090/841 413/653/413
f 27/294/27 453/720/453 438/1087/438 12/647/12
f 26/286/26 11/652/11 419/635/419
f 16/293/16 444/717/444 453/720/453 27/294/27
f 17/283/17 26/286/26 21/638/21
f 423/634/423 17/283/17 37/698/37
f 37/698/37 17/283/17 32/704/32
f 32/704/32 17/283/17 21/638/21
f 424/629/424 850/1069/850 444/717/444 16/293/16
f 21/638/21 26/286/26 419/635/419
f 22/646/22 448/1073/448 459/1139/459 31/700/31
f 418/645/418 846/1070/846 448/1073/448 22/646/22
f 31/700/31 459/1139/459 464/1133/464 36/694/36
f 46/298/46 423/634/423 37/698/37
f 36/694/36 464/1133/464 479/1127/479 51/688/51
f 42/295/42 46/298/46 37/698/37
f 52/692/52 42/295/42 37/698/37
f 41/305/41 469/729/469 473/732/473 47/306/47
f 56/682/56 42/295/42 52/692/52
f 57/686/57 483/1117/483 469/729/469 41/305/41
f 47/306/47 473/732/473 850/1069/850 424/629/424
f 51/688/51 479/1127/479 489/1115/489 61/675/61
f 62/680/62 56/682/56 52/692/52
f 67/671/67 493/1102/493 483/1117/483 57/686/57
f 66/667/66 56/682/56 62/680/62
f 61/675/61 489/1115/489 499/1114/499 71/672/71
f 72/665/72 66/667/66 62/680/62
f 182/418/182 66/667/66 72/665/72
f 177/412/177 66/667/66 182/418/182
f 127/371/127 66/667/66 177/412/177
f 101/382/101 66/667/66 127/371/127
f 102/372/102 528/816/528 493/1102/493 67/671/67
f 71/660/71 499/1100/499 609/853/609 181/414/181
f 76/317/76 504/741/504 513/744/513 87/318/87
f 77/307/77 86/310/86 82/324/82
f 81/320/81 509/759/509 504/741/504 76/317/76
f 92/332/92 82/324/82 86/310/86
f 91/327/91 519/766/519 509/759/509 81/320/81
f 86/310/86 96/334/96 92/332/92
f 87/318/87 513/744/513 523/768/523 97/338/97
f 96/334/96 101/382/101 92/332/92
f 92/332/92 101/382/101 107/344/107
f 106/340/106 534/778/534 519/766/519 91/327/91
f 121/361/121 101/382/101 96/334/96
f 97/338/97 523/768/523 548/795/548 122/365/122
f 132/383/132 101/382/101 121/361/121
f 131/375/131 559/817/559 528/816/528 102/372/102
f 107/344/107 101/382/101 112/353/112
f 112/353/112 101/382/101 117/359/117
f 117/359/117 101/382/101 127/371/127
f 111/348/111 539/787/539 534/786/534 106/345/106
f 116/355/116 544/793/544 539/787/539 111/348/111
f 126/367/126 554/805/554 544/793/544 116/355/116
f 136/385/136 132/383/132 121/361/121
f 122/365/122 548/795/548 563/819/563 137/390/137
f 176/407/176 604/846/604 554/845/554 126/404/126
f 141/392/141 132/383/132 136/385/136
f 157/18/157 132/383/132 141/392/141 147/13/147 156/16/156
f 171/399/171 132/383/132 157/18/157 163/23/163 148/22/148
f 186/421/186 132/383/132 171/399/171
f 191/427/191 132/383/132 186/421/186
f 196/436/196 132/383/132 191/427/191
f 201/443/201 132/383/132 196/436/196
f 206/458/206 132/383/132 201/443/201
f 216/462/216 132/383/132 206/458/206
f 224/59/224 132/383/132 216/462/216
f 221/35/221 648/170/648 559/904/559 131/467/131
f 137/390/137 563/819/563 568/826/568 142/396/142
f 142/396/142 568/826/568 573/136/573 146/1/146
f 149/28/149 574/148/574 598/833/598 172/403/172
f 172/403/172 598/833/598 613/855/613 187/425/187
f 181/414/181 609/853/609 604/846/604 176/407/176
f 187/433/187 613/861/613 618/864/618 192/434/192
f 192/434/192 618/864/618 623/871/623 197/441/197
f 197/441/197 623/871/623 628/878/628 202/447/202
f 212/459/212 206/458/206 201/443/201
f 202/447/202 628/878/628 639/894/639 211/451/211
f 207/448/207 633/893/633 643/897/643 217/466/217
f 211/451/211 639/894/639 633/893/633 207/448/207
f 246/471/246 223/50/223 236/53/236 237/55/237 243/60/243 224/59/224 216/462/216
f 217/477/217 643/905/643 673/908/673 247/478/247
f 253/80/253 223/50/223 246/471/246
f 251/65/251 678/200/678 651/194/651 222/44/222
f 272/108/272 253/80/253 246/471/246
f 290/484/290 272/108/272 246/471/246
f 294/486/294 290/484/290 246/471/246
f 247/478/247 673/908/673 721/921/721 295/490/295
f 270/89/270 697/224/697 680/219/680 252/74/252
f 289/480/289 717/919/717 699/245/699 271/101/271
f 300/496/300 290/484/290 294/486/294
f 299/492/299 727/931/727 717/919/717 289/480/289
f 304/498/304 300/496/300 294/486/294
f 295/490/295 721/921/721 731/933/731 305/502/305
f 310/508/310 300/496/300 304/498/304
f 309/504/309 737/943/737 727/931/727 299/492/299
f 315/515/315 310/508/310 304/498/304
f 319/510/319 315/515/315 304/498/304
f 305/502/305 731/933/731 746/945/746 320/514/320
f 315/515/315 324/518/324 310/508/310
f 335/538/335 310/508/310 324/518/324
f 334/534/334 762/973/762 737/943/737 309/504/309
f 314/525/314 742/950/742 751/953/751 325/526/325
f 330/532/330 315/515/315 319/510/319
f 329/528/329 757/967/757 742/950/742 314/525/314
f 355/568/355 330/532/330 319/510/319
f 359/570/359 355/568/355 319/510/319
f 320/514/320 746/945/746 786/1005/786 360/574/360
f 339/540/339 335/538/335 324/518/324
f 325/526/325 751/953/751 766/975/766 340/544/340
f 354/563/354 782/1003/782 757/1002/757 329/560/329
f 344/546/344 335/538/335 339/540/339
f 350/559/350 335/538/335 344/546/344
f 349/554/349 777/994/777 762/993/762 334/551/334
f 340/544/340 766/975/766 771/981/771 345/550/345
f 345/550/345 771/981/771 777/994/777 349/554/349
f 365/577/365 355/568/355 359/570/359
f 384/590/384 355/568/355 365/577/365
f 383/585/383 811/1025/811 782/1024/782 354/582/354
f 360/581/360 786/1011/786 791/252/791 364/117/364
f 366/132/366 792/261/792 811/1025/811 383/585/383
f 388/603/388 816/1028/816 825/1031/825 399/604/399
f 389/593/389 398/596/398 394/610/394
f 393/606/393 821/1045/821 816/1028/816 388/603/388
f 404/616/404 394/610/394 398/596/398
f 403/612/403 831/1051/831 821/1045/821 393/606/393
f 408/618/408 404/616/404 398/596/398
f 399/604/399 825/1031/825 835/1053/835 409/622/409
f 414/628/414 404/616/404 408/618/408
f 413/624/413 841/1063/841 831/1051/831 403/612/403
f 845/1080/845 429/705/429 439/1082/439
f 429/705/429 433/708/433 439/1082/439
f 439/1082/439 433/708/433 840/1059/840
f 433/708/433 836/1057/836 840/1059/840
f 454/728/454 845/1080/845 439/1082/439
f 443/727/443 449/1081/449 454/728/454
f 458/1135/458 449/1081/449 443/727/443
f 851/1064/851 463/1129/463 443/727/443
f 463/1129/463 458/1135/458 443/727/443
f 449/1081/449 845/1080/845 454/728/454
f 474/740/474 463/1129/463 851/1064/851
f 468/739/468 463/1129/463 474/740/474
f 478/1123/478 463/1129/463 468/739/468
f 484/1121/484 478/1123/478 468/739/468
f 488/1108/488 478/1123/478 484/1121/484
f 494/1106/494 488/1108/488 484/1121/484
f 498/1095/498 488/1108/488 494/1106/494
f 608/848/608 498/1095/498 494/1106/494
f 603/839/603 608/848/608 494/1106/494
f 553/801/553 603/839/603 494/1106/494
f 529/806/529 553/801/553 494/1106/494
f 503/751/503 508/754/508 514/752/514
f 518/761/518 514/752/514 508/754/508
f 514/752/514 518/761/518 524/772/524
f 524/772/524 518/761/518 529/806/529
f 518/761/518 533/774/533 529/806/529
f 549/799/549 524/772/524 529/806/529
f 533/774/533 538/780/538 529/806/529
f 538/780/538 543/789/543 529/806/529
f 558/809/558 549/799/549 529/806/529
f 543/789/543 553/801/553 529/806/529
f 564/823/564 549/799/549 558/809/558
f 569/829/569 564/823/564 558/809/558
f 576/164/576 569/829/569 558/809/558 589/163/589 595/165/595
f 599/837/599 575/158/575 588/161/588 589/163/589 558/809/558
f 614/860/614 599/837/599 558/809/558
f 619/869/619 614/860/614 558/809/558
f 624/875/624 619/869/619 558/809/558
f 629/881/629 624/875/624 558/809/558
f 634/883/634 629/881/629 558/809/558
f 644/901/644 634/883/634 558/809/558
f 649/179/649 644/901/644 558/809/558
f 638/886/638 629/881/629 634/883/634
f 674/913/674 644/901/644 649/179/649 658/182/658 659/184/659 665/189/665 650/188/650
f 679/209/679 674/913/674 650/188/650
f 698/236/698 674/913/674 679/209/679
f 716/915/716 674/913/674 698/236/698
f 722/925/722 674/913/674 716/915/716
f 726/927/726 722/925/722 716/915/716
f 732/937/732 722/925/722 726/927/726
f 736/939/736 732/937/732 726/927/726
f 741/960/741 732/937/732 736/939/736
f 747/949/747 732/937/732 741/960/741
f 741/960/741 736/939/736 752/961/752
f 761/969/761 752/961/752 736/939/736
f 756/963/756 747/949/747 741/960/741
f 781/996/781 747/949/747 756/963/756
f 787/1010/787 747/949/747 781/996/781
f 767/979/767 752/961/752 761/969/761
f 772/985/772 767/979/767 761/969/761
f 776/987/776 772/985/772 761/969/761
f 793/1016/793 787/1010/787 781/996/781
f 810/1018/810 793/1016/793 781/996/781
f 815/1038/815 820/1041/820 826/1039/826
f 830/1047/830 826/1039/826 820/1041/820
f 836/1057/836 826/1039/826 830/1047/830
f 840/1059/840 836/1057/836 830/1047/830
