# Blender 5.2.1 LTS
# www.blender.org
o sofa_4
v -9.948005 4.019920 9.769201
v -9.991978 4.063893 9.773747
v -9.951353 4.036747 9.769547
v -9.960885 4.051013 9.770533
v -9.975151 4.060545 9.772008
v -9.948005 4.019920 10.848460
v -9.991978 4.063893 10.835035
v -9.951353 4.036747 10.847438
v -9.960885 4.051013 10.844528
v -9.975151 4.060545 10.840173
v -10.118627 4.063892 9.168155
v -10.076770 4.019920 9.153487
v -10.102609 4.060544 9.162541
v -10.089029 4.051013 9.157784
v -10.079956 4.036747 9.154604
v -10.133830 4.019920 11.124420
v -10.164709 4.063893 11.091551
v -10.136180 4.036747 11.121919
v -10.142874 4.051013 11.114794
v -10.152892 4.060545 11.104130
v -10.281099 4.019920 8.749092
v -10.332407 4.063892 8.745055
v -10.342146 4.019920 8.694520
v -10.286854 4.036747 8.745127
v -10.298625 4.051013 8.742967
v -10.291825 4.019920 8.732905
v -10.297894 4.036154 8.731146
v -10.305051 4.049153 8.729969
v -10.311167 4.045208 8.721295
v -10.332293 4.060544 8.727144
v -10.334103 4.051013 8.711251
v -10.314621 4.060544 8.742942
v -10.317553 4.055679 8.728437
v -10.320469 4.049153 8.716186
v -10.324863 4.019920 8.703371
v -10.307194 4.019920 8.716850
v -10.337564 4.036747 8.699795
v -10.322437 4.036154 8.709204
v -10.308722 4.035739 8.718561
v -10.396910 4.019920 11.278640
v -10.413955 4.063893 11.237660
v -10.398207 4.036747 11.275520
v -10.401902 4.051013 11.266638
v -10.407432 4.060545 11.253344
v -10.613217 4.063892 8.640648
v -10.610250 4.019920 8.594837
v -10.612082 4.060544 8.623117
v -10.611119 4.051013 8.608255
v -10.610476 4.036747 8.598325
v -11.155440 4.019920 11.478800
v -11.164455 4.063893 11.435701
v -11.156127 4.036747 11.475519
v -11.158081 4.051013 11.466177
v -11.161005 4.060545 11.452194
v -12.094303 4.063892 8.982123
v -12.104180 4.019920 8.939275
v -12.098083 4.060544 8.965726
v -12.101287 4.051013 8.951825
v -12.103429 4.036747 8.942536
v -12.028831 4.019920 11.614842
v -12.102491 4.019920 11.653561
v -12.122685 4.063893 11.634465
v -12.034918 4.063893 11.575770
v -12.047758 4.019920 11.619864
v -12.068403 4.019920 11.628984
v -12.029295 4.036747 11.611868
v -12.050150 4.036978 11.617229
v -12.069874 4.036974 11.625730
v -12.071597 4.050998 11.619904
v -12.104030 4.036747 11.652106
v -12.108407 4.051013 11.647966
v -12.087623 4.019920 11.640818
v -12.087770 4.036978 11.637707
v -12.090349 4.051003 11.632973
v -12.100698 4.063893 11.613811
v -12.076298 4.063893 11.595403
v -12.114959 4.060545 11.641771
v -12.094355 4.058964 11.624163
v -12.073820 4.058960 11.608937
v -12.032589 4.060545 11.590723
v -12.030615 4.051013 11.603398
v -12.053199 4.063893 11.582045
v -12.053208 4.058964 11.598691
v -12.051453 4.051003 11.610687
v -12.296369 4.019920 11.858599
v -12.326580 4.019920 11.934523
v -12.370553 4.063893 11.934523
v -12.314837 4.063893 11.841135
v -12.307929 4.019920 11.874173
v -12.317730 4.019920 11.894071
v -12.297774 4.036747 11.857269
v -12.310873 4.036978 11.874454
v -12.321226 4.036974 11.893095
v -12.327536 4.050998 11.892458
v -12.329926 4.036747 11.934523
v -12.339458 4.051013 11.934523
v -12.324280 4.019920 11.915263
v -12.327406 4.036978 11.913394
v -12.334651 4.051003 11.913233
v -12.366312 4.063893 11.916847
v -12.354235 4.063893 11.892893
v -12.353724 4.060545 11.934523
v -12.347965 4.058964 11.913729
v -12.339478 4.058960 11.892506
v -12.307770 4.060545 11.847818
v -12.301778 4.051013 11.853484
v -12.336159 4.063893 11.866306
v -12.325058 4.058964 11.870423
v -12.315811 4.051003 11.872714
v -14.075189 4.063892 9.438690
v -14.083590 4.019920 9.395500
v -14.078403 4.060544 9.422161
v -14.081129 4.051013 9.408150
v -14.082951 4.036747 9.398787
v -12.326580 4.019920 12.698240
v -12.370553 4.063893 12.707045
v -12.329926 4.036747 12.698910
v -12.339458 4.051013 12.700819
v -12.353724 4.060545 12.703675
v -14.620000 4.019920 12.476047
v -14.576027 4.063893 12.476047
v -14.635723 4.063893 12.565502
v -14.650013 4.019920 12.552156
v -14.616652 4.036747 12.476047
v -14.607120 4.051013 12.476047
v -14.622284 4.019920 12.495319
v -14.619267 4.036978 12.497081
v -14.612141 4.051003 12.496818
v -14.619491 4.050998 12.517206
v -14.580571 4.063893 12.490685
v -14.593512 4.063893 12.512826
v -14.592854 4.060545 12.476047
v -14.598943 4.058964 12.495282
v -14.607890 4.058960 12.515435
v -14.641191 4.060545 12.560395
v -14.645827 4.051013 12.556066
v -14.612879 4.063893 12.539099
v -14.623031 4.058964 12.537421
v -14.631495 4.051003 12.536827
v -14.638527 4.019920 12.536510
v -14.628790 4.019920 12.516552
v -14.648925 4.036747 12.553172
v -14.635935 4.036978 12.535883
v -14.625529 4.036974 12.517299
v -15.454030 4.019921 16.063009
v -15.507611 4.063893 16.005720
v -15.458109 4.036748 16.058647
v -15.469724 4.051013 16.046230
v -15.487106 4.060545 16.027645
v -12.200750 4.019920 12.961610
v -12.233838 4.063893 12.993153
v -12.203270 4.036747 12.964010
v -12.210442 4.051013 12.970849
v -12.221176 4.060545 12.981081
v -11.846070 4.019920 13.192210
v -11.862998 4.063893 13.234237
v -11.847359 4.036747 13.195410
v -11.851028 4.051013 13.204519
v -11.856520 4.060545 13.218154
v -14.620000 4.019920 12.268930
v -14.576027 4.063893 12.257568
v -14.616652 4.036747 12.268065
v -14.607120 4.051013 12.265602
v -14.592854 4.060545 12.261916
v -14.714067 4.019920 12.620743
v -14.698627 4.063893 12.635162
v -14.788053 4.063893 12.692707
v -14.788053 4.019920 12.652880
v -14.712892 4.036747 12.621841
v -14.709544 4.051013 12.624967
v -14.728899 4.019920 12.633041
v -14.729341 4.036978 12.635538
v -14.727798 4.051003 12.639735
v -14.746737 4.050998 12.652067
v -14.721910 4.063893 12.657184
v -14.747080 4.063893 12.675853
v -14.704535 4.060545 12.629644
v -14.725760 4.058964 12.647678
v -14.746761 4.058960 12.662695
v -14.788053 4.060545 12.677465
v -14.788053 4.051013 12.664545
v -14.770306 4.063893 12.688327
v -14.767478 4.058964 12.671520
v -14.767052 4.051003 12.659525
v -14.768940 4.019920 12.650434
v -14.748168 4.019920 12.643467
v -14.788053 4.036747 12.655911
v -14.767197 4.036978 12.653028
v -14.747305 4.036974 12.646502
v -15.559795 4.063893 9.674212
v -15.566690 4.019920 9.630783
v -15.562434 4.060545 9.657592
v -15.564671 4.051013 9.643503
v -15.566166 4.036747 9.634089
v -14.740336 4.019920 12.051638
v -14.805613 4.019920 12.013170
v -14.805613 4.063893 11.873557
v -14.717271 4.063893 12.038864
v -14.751835 4.019920 12.036917
v -14.768278 4.019920 12.024437
v -14.738581 4.036747 12.050665
v -14.751591 4.036978 12.031724
v -14.766991 4.036974 12.015900
v -14.767945 4.050998 11.998823
v -14.805613 4.036747 12.002542
v -14.805613 4.051013 11.972278
v -14.787162 4.019920 12.016098
v -14.785520 4.036978 12.005392
v -14.786504 4.051003 11.983673
v -14.799871 4.063893 11.886141
v -14.781066 4.063893 11.921975
v -14.805613 4.060545 11.926984
v -14.790744 4.058964 11.942684
v -14.773385 4.058960 11.964668
v -14.726098 4.060545 12.043753
v -14.733581 4.051013 12.047896
v -14.752061 4.063893 11.975605
v -14.751048 4.058964 12.000727
v -14.750488 4.051003 12.021482
v -15.925687 4.019920 12.013170
v -15.995903 4.019920 12.048453
v -16.032419 4.063893 12.021292
v -15.925687 4.063893 11.966874
v -15.944511 4.019920 12.015855
v -15.964466 4.019920 12.023503
v -15.925687 4.036747 12.009647
v -15.946711 4.036978 12.012472
v -15.966511 4.036974 12.019393
v -15.970024 4.050998 12.012253
v -15.998682 4.036747 12.046386
v -16.006598 4.051013 12.040499
v -15.982512 4.019920 12.034950
v -15.983862 4.036978 12.031185
v -15.988957 4.051003 12.025075
v -16.011887 4.063893 12.000468
v -15.984393 4.063893 11.982814
v -16.018444 4.060545 12.031686
v -15.998112 4.058964 12.013893
v -15.976474 4.058960 11.999048
v -15.925687 4.060545 11.984591
v -15.925687 4.051013 11.999611
v -15.954124 4.063893 11.971018
v -15.951832 4.058964 11.990396
v -15.948502 4.051003 12.004631
v -15.365070 4.063893 12.697536
v -15.363890 4.019920 12.652880
v -15.364618 4.060545 12.680447
v -15.364236 4.051013 12.665959
v -15.363979 4.036747 12.656279
v -18.569506 4.063893 10.152288
v -18.584400 4.019920 10.110130
v -18.575205 4.060545 10.136155
v -18.580038 4.051013 10.122478
v -18.583267 4.036747 10.113338
v -16.126810 4.019920 12.224450
v -16.161444 4.063893 12.194654
v -16.129446 4.036747 12.222182
v -16.136955 4.051013 12.215723
v -16.148190 4.060545 12.206057
v -16.148314 4.019920 12.429074
v -16.160192 4.063893 12.470706
v -16.216938 4.063893 12.361963
v -16.176771 4.019920 12.375269
v -16.149218 4.036747 12.432243
v -16.151794 4.051013 12.441268
v -16.163443 4.019920 12.421281
v -16.165293 4.036978 12.422840
v -16.169697 4.051003 12.428417
v -16.183239 4.050998 12.413256
v -16.190495 4.063893 12.455014
v -16.211920 4.063893 12.428839
v -16.155647 4.060545 12.454774
v -16.178679 4.058964 12.438908
v -16.195948 4.058960 12.420160
v -16.201565 4.060545 12.367056
v -16.188534 4.051013 12.371372
v -16.221205 4.063893 12.396163
v -16.201563 4.058964 12.395197
v -16.188068 4.051003 12.393470
v -16.178844 4.019920 12.392162
v -16.174164 4.019920 12.408319
v -16.179827 4.036747 12.374257
v -16.181103 4.036978 12.392864
v -16.177069 4.036974 12.409900
v -10.543966 4.019921 17.180214
v -10.520190 4.063893 17.140528
v -10.462773 4.019921 17.168396
v -10.540007 4.036748 17.177679
v -10.534099 4.051013 17.169249
v -10.524643 4.019921 17.182304
v -10.521370 4.036155 17.178316
v -10.517845 4.049154 17.173153
v -10.506013 4.045209 17.174362
v -10.502227 4.060545 17.153448
v -10.485008 4.051013 17.163282
v -10.527140 4.060545 17.156202
v -10.510611 4.055680 17.164209
v -10.496546 4.049154 17.170546
v -10.480701 4.019921 17.175909
v -10.502426 4.019921 17.180794
v -10.471154 4.036748 17.168530
v -10.488091 4.036155 17.173864
v -10.504051 4.035740 17.178255
v -16.290680 4.019920 15.756620
v -16.275560 4.063893 15.715328
v -16.289530 4.036747 15.753477
v -16.286251 4.051013 15.744526
v -16.281345 4.060545 15.731130
v -18.861231 4.019920 14.815490
v -18.840406 4.063893 14.776287
v -18.859646 4.036747 14.812507
v -18.855133 4.051013 14.804008
v -18.848375 4.060545 14.791290
v -18.910971 4.063893 10.348600
v -18.943760 4.019920 10.316730
v -18.923519 4.060545 10.336405
v -18.934156 4.051013 10.326065
v -18.941265 4.036747 10.319156
v -19.071060 4.019920 14.663900
v -19.036568 4.063893 14.634572
v -19.068436 4.036747 14.661669
v -19.060959 4.051013 14.655311
v -19.049767 4.060545 14.645796
v -19.089584 4.063893 10.680758
v -19.131340 4.019920 10.665560
v -19.105564 4.060545 10.674942
v -19.119110 4.051013 10.670012
v -19.128162 4.036747 10.666717
v -19.178160 4.019920 14.449980
v -19.134188 4.063893 14.439586
v -19.174812 4.036747 14.449188
v -19.165279 4.051013 14.446936
v -19.151014 4.060545 14.443563
v -19.178160 4.019920 10.891180
v -19.134188 4.063893 10.895694
v -19.174812 4.036747 10.891523
v -19.165281 4.051013 10.892502
v -19.151016 4.060545 10.893967
v -10.285420 4.019920 13.411400
v -10.319911 4.063893 13.450959
v -10.288045 4.036747 13.414411
v -10.295522 4.051013 13.422986
v -10.306711 4.060545 13.435820
v -10.225997 4.019921 17.035084
v -10.189300 4.063893 16.953835
v -10.169468 4.019921 16.973486
v -10.215343 4.036748 17.024473
v -10.204629 4.051013 17.005306
v -10.209949 4.019921 17.023779
v -10.203182 4.036155 17.013800
v -10.196692 4.049154 17.001766
v -10.190630 4.045209 16.996885
v -10.180803 4.060545 16.959362
v -10.174051 4.051013 16.965038
v -10.195483 4.060545 16.980501
v -10.189032 4.055680 16.982519
v -10.183363 4.049154 16.984344
v -10.179355 4.019921 16.990442
v -10.193569 4.019921 17.008104
v -10.170071 4.036748 16.969997
v -10.181213 4.036155 16.987545
v -10.191877 4.035740 17.003136
v -9.862115 4.063893 16.233149
v -9.813098 4.019921 16.190310
v -9.843357 4.060545 16.216755
v -9.827455 4.051013 16.202856
v -9.816830 4.036748 16.193571
v -9.749302 4.019920 13.809970
v -9.751026 4.063893 13.874305
v -9.749434 4.036747 13.814867
v -9.749807 4.051013 13.828814
v -9.750366 4.060545 13.849685
v -9.589228 4.019920 14.180750
v -9.630593 4.063893 14.154903
v -9.592378 4.036747 14.178782
v -9.601344 4.051013 14.173179
v -9.614765 4.060545 14.164793
v -9.991978 0.000001 9.773747
v -9.948005 0.043973 9.769201
v -9.975151 0.003348 9.772008
v -9.960885 0.012880 9.770533
v -9.951353 0.027146 9.769547
v -9.991978 0.000001 10.835034
v -9.948005 0.043973 10.848459
v -9.975151 0.003348 10.840172
v -9.960885 0.012880 10.844527
v -9.951353 0.027146 10.847437
v -10.076770 0.043973 9.153486
v -10.118627 0.000001 9.168154
v -10.079956 0.027146 9.154603
v -10.089029 0.012880 9.157783
v -10.102609 0.003348 9.162540
v -10.164710 0.000001 11.091550
v -10.133830 0.043973 11.124419
v -10.152893 0.003348 11.104128
v -10.142875 0.012880 11.114792
v -10.136181 0.027146 11.121918
v -10.281099 0.043973 8.749092
v -10.342146 0.043973 8.694520
v -10.332407 0.000001 8.745055
v -10.291825 0.043973 8.732905
v -10.307194 0.043973 8.716850
v -10.286855 0.027146 8.745127
v -10.297894 0.027738 8.731146
v -10.308722 0.028153 8.718561
v -10.311167 0.018685 8.721296
v -10.337563 0.027146 8.699795
v -10.334103 0.012880 8.711251
v -10.324863 0.043973 8.703371
v -10.322437 0.027738 8.709205
v -10.320469 0.014740 8.716187
v -10.314622 0.003348 8.742942
v -10.298625 0.012880 8.742967
v -10.332293 0.003348 8.727144
v -10.317553 0.008213 8.728437
v -10.305051 0.014740 8.729969
v -10.413955 0.000001 11.237660
v -10.396910 0.043973 11.278640
v -10.407432 0.003348 11.253344
v -10.401902 0.012880 11.266638
v -10.398207 0.027146 11.275520
v -10.610250 0.043973 8.594837
v -10.613217 0.000001 8.640648
v -10.610476 0.027146 8.598325
v -10.611119 0.012880 8.608255
v -10.612082 0.003348 8.623117
v -11.204036 0.000001 11.446147
v -11.155440 0.043973 11.478801
v -11.185439 0.003348 11.458643
v -11.169674 0.012880 11.469236
v -11.159140 0.027146 11.476315
v -12.104180 0.043973 8.939275
v -12.094303 0.000000 8.982123
v -12.103429 0.027145 8.942536
v -12.101287 0.012879 8.951825
v -12.098083 0.003347 8.965726
v -12.028831 0.043973 11.614843
v -12.036692 0.000001 11.564381
v -12.128572 0.000001 11.628901
v -12.102491 0.043973 11.653562
v -12.029429 0.027146 11.611002
v -12.031134 0.012880 11.600063
v -12.047758 0.043973 11.619866
v -12.050465 0.026916 11.616118
v -12.052147 0.012891 11.607668
v -12.072529 0.012896 11.617255
v -12.054784 0.000001 11.571020
v -12.078598 0.000001 11.585613
v -12.033684 0.003348 11.583692
v -12.054413 0.004930 11.592175
v -12.075401 0.004933 11.603093
v -12.118591 0.003348 11.638339
v -12.110130 0.012880 11.646339
v -12.104509 0.000001 11.605938
v -12.096819 0.004930 11.619428
v -12.091645 0.012891 11.630805
v -12.087623 0.043973 11.640821
v -12.068403 0.043973 11.628987
v -12.104476 0.027146 11.651685
v -12.088314 0.026916 11.636921
v -12.070304 0.026919 11.624781
v -12.296369 0.043973 11.858599
v -12.328318 0.000000 11.828388
v -12.370553 0.000000 11.934523
v -12.326580 0.043973 11.934523
v -12.298800 0.027145 11.856298
v -12.305726 0.012880 11.849750
v -12.307929 0.043973 11.874173
v -12.312006 0.026915 11.873384
v -12.318541 0.012890 11.869200
v -12.329165 0.012896 11.889522
v -12.344481 0.000000 11.850160
v -12.358184 0.000000 11.877975
v -12.316092 0.003348 11.839949
v -12.330315 0.004929 11.861724
v -12.342208 0.004933 11.884331
v -12.353724 0.003348 11.934523
v -12.339458 0.012880 11.934523
v -12.367339 0.000000 11.907599
v -12.349099 0.004929 11.908929
v -12.335406 0.012890 11.911586
v -12.324280 0.043973 11.915263
v -12.317730 0.043973 11.894071
v -12.329926 0.027145 11.934523
v -12.327785 0.026915 11.913035
v -12.321981 0.026919 11.892379
v -14.083590 0.043973 9.395500
v -14.075189 0.000000 9.438690
v -14.082951 0.027145 9.398787
v -14.081129 0.012879 9.408150
v -14.078403 0.003347 9.422161
v -12.370553 0.000001 12.707045
v -12.326580 0.043973 12.698240
v -12.353724 0.003348 12.703675
v -12.339458 0.012880 12.700819
v -12.329926 0.027146 12.698910
v -14.620000 0.043973 12.476047
v -14.650013 0.043973 12.552156
v -14.617877 0.000001 12.582169
v -14.576027 0.000001 12.476047
v -14.622284 0.043973 12.495319
v -14.628790 0.043973 12.516552
v -14.616652 0.027146 12.476047
v -14.618767 0.026916 12.497549
v -14.624529 0.026920 12.518234
v -14.617335 0.012896 12.521070
v -14.647567 0.027146 12.554440
v -14.640601 0.012880 12.560946
v -14.638527 0.043973 12.536510
v -14.634436 0.026916 12.537283
v -14.627880 0.012891 12.541437
v -14.601863 0.000001 12.560354
v -14.588285 0.000001 12.532526
v -14.630176 0.003348 12.570683
v -14.616072 0.004930 12.548859
v -14.604277 0.004933 12.526220
v -14.592854 0.003348 12.476047
v -14.607120 0.012880 12.476047
v -14.579213 0.000001 12.502922
v -14.597444 0.004930 12.501623
v -14.611140 0.012891 12.498987
v -15.295166 0.000001 16.074358
v -15.454030 0.043974 16.063009
v -15.355957 0.003348 16.070015
v -15.407500 0.012880 16.066334
v -15.441936 0.027146 16.063873
v -12.233838 0.000001 12.993153
v -12.200750 0.043973 12.961610
v -12.221176 0.003348 12.981081
v -12.210442 0.012880 12.970849
v -12.203270 0.027145 12.964010
v -11.862998 0.000001 13.234237
v -11.846070 0.043974 13.192210
v -11.856520 0.003348 13.218154
v -11.851028 0.012880 13.204519
v -11.847359 0.027146 13.195410
v -14.576027 0.000001 12.334035
v -14.620000 0.043973 12.268930
v -14.592853 0.003348 12.309124
v -14.607121 0.012880 12.287999
v -14.616652 0.027146 12.273888
v -14.714067 0.043973 12.620743
v -14.788053 0.043973 12.652880
v -14.788053 0.000001 12.716379
v -14.689451 0.000001 12.643732
v -14.728899 0.043973 12.633041
v -14.748168 0.043973 12.643467
v -14.712193 0.027146 12.622493
v -14.728569 0.026916 12.636923
v -14.746791 0.026920 12.648310
v -14.745886 0.012896 12.657185
v -14.788053 0.027146 12.657713
v -14.788053 0.012880 12.671478
v -14.768940 0.043973 12.650434
v -14.766940 0.026916 12.655258
v -14.766707 0.012891 12.665617
v -14.771120 0.000001 12.710849
v -14.746435 0.000001 12.695102
v -14.788053 0.003348 12.692079
v -14.767387 0.004930 12.684741
v -14.745924 0.004933 12.674128
v -14.698872 0.003348 12.634934
v -14.706858 0.012880 12.627476
v -14.717757 0.000001 12.671533
v -14.722863 0.004930 12.656278
v -14.726110 0.012891 12.643616
v -15.566690 0.043973 9.630783
v -15.559795 0.000001 9.674212
v -15.566166 0.027146 9.634089
v -15.564671 0.012880 9.643503
v -15.562434 0.003348 9.657592
v -14.740336 0.043973 12.051638
v -14.734323 0.000001 12.048307
v -14.805613 0.000001 11.976768
v -14.805613 0.043973 12.013170
v -14.739879 0.027146 12.051384
v -14.738575 0.012880 12.050662
v -14.751835 0.043974 12.036917
v -14.753023 0.026916 12.035414
v -14.752737 0.012891 12.032746
v -14.768198 0.012896 12.017767
v -14.751896 0.000001 12.020930
v -14.771614 0.000001 11.997722
v -14.736624 0.003348 12.049582
v -14.752882 0.004930 12.027331
v -14.769615 0.004933 12.008860
v -14.805613 0.003348 11.990699
v -14.805613 0.012880 12.002508
v -14.790478 0.000001 11.982214
v -14.787361 0.004930 11.997979
v -14.786257 0.012891 12.008669
v -14.787162 0.043974 12.016098
v -14.768278 0.043974 12.024437
v -14.805613 0.027146 12.010399
v -14.785997 0.026916 12.014329
v -14.767946 0.026920 12.022217
v -15.925687 0.043973 12.013167
v -15.925687 0.000001 11.969194
v -16.032421 0.000001 12.021289
v -15.995903 0.043973 12.048450
v -15.925687 0.027146 12.009819
v -15.925687 0.012880 12.000287
v -15.944511 0.043973 12.015854
v -15.946711 0.026916 12.012666
v -15.948563 0.012891 12.005177
v -15.970114 0.012896 12.012648
v -15.954653 0.000001 11.973159
v -15.985108 0.000001 11.984451
v -15.925687 0.003348 11.986021
v -15.952070 0.004930 11.991619
v -15.976831 0.004933 11.999995
v -16.018446 0.003348 12.031684
v -16.006599 0.012880 12.040495
v -16.012417 0.000001 12.001352
v -15.998351 0.004930 12.014404
v -15.989018 0.012891 12.025281
v -15.982512 0.043973 12.034949
v -15.964466 0.043973 12.023502
v -15.998682 0.027146 12.046383
v -15.983863 0.026916 12.031247
v -15.966511 0.026920 12.019521
v -15.363890 0.043973 12.652880
v -15.365057 0.000001 12.697054
v -15.363978 0.027146 12.656242
v -15.364232 0.012880 12.665818
v -15.364611 0.003348 12.680149
v -18.584400 0.043973 10.110130
v -18.569506 0.000000 10.152288
v -18.583267 0.027145 10.113338
v -18.580038 0.012880 10.122478
v -18.575205 0.003348 10.136155
v -16.161444 0.000001 12.194656
v -16.126810 0.043973 12.224453
v -16.148190 0.003348 12.206059
v -16.136955 0.012880 12.215725
v -16.129446 0.027146 12.222185
v -16.148314 0.043973 12.429078
v -16.176771 0.043973 12.375272
v -16.216938 0.000001 12.361966
v -16.160069 0.000001 12.470278
v -16.163443 0.043973 12.421284
v -16.174164 0.043973 12.408321
v -16.149208 0.027146 12.432214
v -16.165281 0.026916 12.422808
v -16.177063 0.026920 12.409878
v -16.183220 0.012896 12.413186
v -16.179827 0.027146 12.374260
v -16.188534 0.012880 12.371375
v -16.178844 0.043973 12.392164
v -16.181101 0.026916 12.392855
v -16.188055 0.012891 12.393435
v -16.221153 0.000001 12.396005
v -16.211826 0.000001 12.428541
v -16.201565 0.003348 12.367059
v -16.201532 0.004930 12.395105
v -16.195894 0.004933 12.419990
v -16.155571 0.003348 12.454513
v -16.151756 0.012880 12.441145
v -16.190376 0.000001 12.454622
v -16.178612 0.004930 12.438685
v -16.169668 0.012891 12.428320
v -10.543966 0.043974 17.180214
v -10.462773 0.043974 17.168396
v -10.520190 0.000001 17.140528
v -10.524643 0.043974 17.182304
v -10.502426 0.043974 17.180794
v -10.540007 0.027146 17.177679
v -10.521370 0.027739 17.178314
v -10.504051 0.028154 17.178255
v -10.506013 0.018685 17.174360
v -10.471154 0.027146 17.168531
v -10.485008 0.012881 17.163282
v -10.480701 0.043974 17.175909
v -10.488091 0.027739 17.173864
v -10.496546 0.014740 17.170544
v -10.527140 0.003349 17.156202
v -10.534099 0.012881 17.169249
v -10.502227 0.003349 17.153448
v -10.510611 0.008214 17.164209
v -10.517846 0.014740 17.173153
v -16.275560 0.000001 15.715328
v -16.290680 0.043974 15.756620
v -16.281345 0.003348 15.731130
v -16.286251 0.012880 15.744526
v -16.289530 0.027146 15.753477
v -18.840406 0.000001 14.776287
v -18.861231 0.043974 14.815490
v -18.848375 0.003348 14.791290
v -18.855133 0.012880 14.804008
v -18.859646 0.027146 14.812507
v -18.943760 0.043973 10.316730
v -18.910971 0.000001 10.348600
v -18.941265 0.027146 10.319156
v -18.934156 0.012880 10.326065
v -18.923519 0.003348 10.336405
v -19.036568 0.000001 14.634572
v -19.071060 0.043973 14.663900
v -19.049767 0.003348 14.645796
v -19.060959 0.012880 14.655311
v -19.068436 0.027146 14.661669
v -19.131340 0.043973 10.665561
v -19.089584 0.000000 10.680758
v -19.128162 0.027146 10.666718
v -19.119110 0.012880 10.670012
v -19.105564 0.003348 10.674943
v -19.134188 0.000001 14.439586
v -19.178160 0.043973 14.449980
v -19.151014 0.003348 14.443563
v -19.165279 0.012880 14.446936
v -19.174812 0.027146 14.449188
v -19.134188 0.000001 10.895694
v -19.178160 0.043973 10.891180
v -19.151016 0.003348 10.893967
v -19.165281 0.012880 10.892502
v -19.174812 0.027145 10.891523
v -10.319911 0.000001 13.450959
v -10.285420 0.043974 13.411400
v -10.306711 0.003348 13.435820
v -10.295522 0.012880 13.422986
v -10.288045 0.027146 13.414411
v -10.225997 0.043974 17.035084
v -10.169468 0.043974 16.973486
v -10.189300 0.000001 16.953835
v -10.209949 0.043974 17.023779
v -10.193569 0.043974 17.008104
v -10.215343 0.027146 17.024473
v -10.203183 0.027739 17.013802
v -10.191877 0.028154 17.003136
v -10.190630 0.018685 16.996885
v -10.170071 0.027146 16.969997
v -10.174051 0.012881 16.965038
v -10.179355 0.043974 16.990442
v -10.181214 0.027739 16.987545
v -10.183363 0.014740 16.984344
v -10.195483 0.003348 16.980501
v -10.204628 0.012881 17.005306
v -10.180803 0.003348 16.959362
v -10.189032 0.008214 16.982517
v -10.196692 0.014740 17.001766
v -9.813098 0.043974 16.190310
v -9.862115 0.000001 16.233149
v -9.816830 0.027146 16.193571
v -9.827455 0.012880 16.202856
v -9.843357 0.003348 16.216755
v -9.751026 0.000001 13.874305
v -9.749302 0.043974 13.809970
v -9.750366 0.003348 13.849685
v -9.749807 0.012880 13.828814
v -9.749434 0.027146 13.814867
v -9.630592 0.000001 14.154903
v -9.589228 0.043974 14.180750
v -9.614763 0.003348 14.164795
v -9.601343 0.012880 14.173180
v -9.592377 0.027146 14.178782
vn 0.9899 0.0979 -0.1024
vn 0.1033 0.9946 -0.0107
vn 0.9201 0.3799 -0.0952
vn 0.7079 0.7025 -0.0732
vn 0.3898 0.9200 -0.0403
vn 0.9516 0.1005 0.2905
vn 0.1065 0.9938 0.0325
vn 0.8834 0.3833 0.2697
vn 0.6795 0.7037 0.2075
vn 0.3819 0.9168 0.1166
vn 0.0993 0.9944 -0.0348
vn 0.9392 0.0981 -0.3291
vn 0.3716 0.9192 -0.1302
vn 0.6722 0.7019 -0.2355
vn 0.8731 0.3796 -0.3059
vn 0.6813 0.0991 0.7252
vn 0.0747 0.9940 0.0795
vn 0.6332 0.3806 0.6740
vn 0.4878 0.7017 0.5192
vn 0.2726 0.9173 0.2901
vn 0.8598 0.0958 -0.5016
vn 0.1005 0.9886 -0.1125
vn 0.4025 0.0958 -0.9104
vn 0.7984 0.3573 -0.4846
vn 0.6254 0.6789 -0.3847
vn 0.7780 0.0895 -0.6219
vn 0.7443 0.2931 -0.6001
vn 0.6133 0.5984 -0.5155
vn 0.5867 0.4744 -0.6563
vn 0.1954 0.9143 -0.3548
vn 0.3125 0.6789 -0.6645
vn 0.3307 0.9143 -0.2337
vn 0.3785 0.8231 -0.4234
vn 0.4439 0.5985 -0.6670
vn 0.5311 0.0895 -0.8425
vn 0.6640 0.0859 -0.7428
vn 0.3924 0.3573 -0.8476
vn 0.5133 0.2931 -0.8066
vn 0.6443 0.2558 -0.7207
vn 0.3821 0.0981 0.9189
vn 0.0405 0.9944 0.0974
vn 0.3553 0.3796 0.8542
vn 0.2735 0.7018 0.6578
vn 0.1513 0.9191 0.3639
vn 0.0072 0.9938 -0.1110
vn 0.0643 0.1004 -0.9929
vn 0.0258 0.9168 -0.3985
vn 0.0459 0.7035 -0.7092
vn 0.0597 0.3830 -0.9218
vn 0.2039 0.0954 0.9743
vn 0.0213 0.9946 0.1013
vn 0.1901 0.3732 0.9081
vn 0.1472 0.6959 0.7029
vn 0.0812 0.9184 0.3871
vn -0.0220 0.9952 -0.0955
vn -0.2235 0.0980 -0.9698
vn -0.0860 0.9239 -0.3729
vn -0.1588 0.7071 -0.6890
vn -0.2075 0.3827 -0.9003
vn 0.2041 0.0918 0.9746
vn 0.6896 0.0635 0.7214
vn 0.1214 0.9859 0.1149
vn 0.0210 0.9934 0.1131
vn 0.3261 0.0954 0.9405
vn 0.4665 0.0959 0.8793
vn 0.2012 0.3497 0.9150
vn 0.3241 0.3200 0.8903
vn 0.4602 0.2929 0.8381
vn 0.3924 0.6208 0.6787
vn 0.6685 0.2522 0.6996
vn 0.5804 0.5491 0.6013
vn 0.5947 0.0782 0.8001
vn 0.5806 0.2675 0.7690
vn 0.5048 0.5772 0.6419
vn 0.1204 0.9830 0.1389
vn 0.0898 0.9853 0.1451
vn 0.3769 0.8475 0.3737
vn 0.3290 0.8575 0.3955
vn 0.2483 0.8792 0.4067
vn 0.0840 0.9170 0.3900
vn 0.1655 0.6831 0.7113
vn 0.0460 0.9898 0.1346
vn 0.1633 0.8964 0.4120
vn 0.2713 0.6529 0.7072
vn 0.7639 0.0603 0.6425
vn 0.9934 0.0979 0.0596
vn 0.0985 0.9951 0.0043
vn 0.1254 0.9853 0.1161
vn 0.8458 0.0735 0.5284
vn 0.9225 0.0961 0.3738
vn 0.7427 0.2432 0.6239
vn 0.8137 0.2555 0.5221
vn 0.8770 0.2959 0.3785
vn 0.7062 0.6245 0.3337
vn 0.9262 0.3707 0.0687
vn 0.7027 0.7086 0.0640
vn 0.9736 0.1009 0.2046
vn 0.9162 0.3383 0.2147
vn 0.7121 0.6762 0.1885
vn 0.1275 0.9914 0.0292
vn 0.1547 0.9846 0.0817
vn 0.3722 0.9278 0.0276
vn 0.4040 0.9072 0.1177
vn 0.4203 0.8809 0.2175
vn 0.4077 0.8384 0.3617
vn 0.6435 0.5357 0.5468
vn 0.1538 0.9811 0.1172
vn 0.4282 0.8472 0.3145
vn 0.6848 0.5589 0.4676
vn -0.0183 0.9954 -0.0941
vn -0.1898 0.0983 -0.9769
vn -0.0723 0.9255 -0.3719
vn -0.1344 0.7095 -0.6918
vn -0.1761 0.3844 -0.9062
vn 0.9702 0.1012 -0.2202
vn 0.0807 0.9966 -0.0180
vn 0.8942 0.3988 -0.2034
vn 0.6691 0.7274 -0.1521
vn 0.3443 0.9356 -0.0779
vn -0.9935 0.0971 -0.0599
vn -0.1008 0.9949 -0.0059
vn -0.1601 0.9762 -0.1461
vn -0.7683 0.0465 -0.6384
vn -0.9268 0.3688 -0.0715
vn -0.7039 0.7068 -0.0700
vn -0.9740 0.0971 -0.2048
vn -0.9187 0.3271 -0.2215
vn -0.7208 0.6622 -0.2048
vn -0.7285 0.5821 -0.3610
vn -0.1298 0.9910 -0.0335
vn -0.1634 0.9821 -0.0941
vn -0.3719 0.9277 -0.0323
vn -0.4184 0.8976 -0.1388
vn -0.4564 0.8525 -0.2547
vn -0.4750 0.7741 -0.4186
vn -0.6828 0.4470 -0.5779
vn -0.1841 0.9723 -0.1439
vn -0.4824 0.7959 -0.3660
vn -0.7158 0.4876 -0.4998
vn -0.8485 0.0609 -0.5257
vn -0.9237 0.0873 -0.3731
vn -0.7542 0.1923 -0.6279
vn -0.8211 0.2149 -0.5288
vn -0.8817 0.2698 -0.3870
vn -0.2767 0.0941 0.9563
vn -0.0368 0.9938 0.1053
vn -0.2577 0.3697 0.8927
vn -0.2089 0.6880 0.6950
vn -0.1248 0.9123 0.3900
vn 0.7483 0.1035 -0.6553
vn 0.0584 0.9969 -0.0518
vn 0.6876 0.4073 -0.6011
vn 0.5091 0.7366 -0.4451
vn 0.2571 0.9397 -0.2257
vn 0.3482 0.1023 -0.9318
vn 0.0290 0.9966 -0.0768
vn 0.3202 0.4020 -0.8578
vn 0.2389 0.7305 -0.6398
vn 0.1229 0.9366 -0.3282
vn -0.9637 0.0928 0.2502
vn -0.0827 0.9962 0.0261
vn -0.8970 0.3714 0.2398
vn -0.6884 0.6984 0.1960
vn -0.3598 0.9266 0.1095
vn -0.6853 0.0469 -0.7267
vn -0.1524 0.9776 -0.1450
vn -0.0069 0.9935 -0.1136
vn -0.0653 0.0900 -0.9938
vn -0.6720 0.1964 -0.7141
vn -0.6145 0.4583 -0.6422
vn -0.5665 0.0598 -0.8219
vn -0.5628 0.2167 -0.7977
vn -0.5195 0.5017 -0.6917
vn -0.3733 0.5786 -0.7251
vn -0.1416 0.9752 -0.1702
vn -0.0919 0.9825 -0.1621
vn -0.4379 0.7864 -0.4356
vn -0.3690 0.8087 -0.4581
vn -0.2547 0.8540 -0.4537
vn -0.0345 0.9189 -0.3930
vn -0.0739 0.6851 -0.7247
vn -0.0354 0.9896 -0.1396
vn -0.1377 0.8890 -0.4367
vn -0.2114 0.6394 -0.7393
vn -0.2215 0.0878 -0.9712
vn -0.4030 0.0816 -0.9116
vn -0.0770 0.3486 -0.9341
vn -0.2345 0.3042 -0.9233
vn -0.4105 0.2592 -0.8742
vn -0.0154 0.9952 -0.0968
vn -0.1560 0.0980 -0.9829
vn -0.0600 0.9239 -0.3780
vn -0.1109 0.7071 -0.6984
vn -0.1448 0.3827 -0.9125
vn -0.8355 0.0782 0.5439
vn -0.0738 0.2422 0.9674
vn -0.0009 0.9990 0.0451
vn -0.1379 0.9874 0.0776
vn -0.7219 0.1146 0.6824
vn -0.5307 0.2025 0.8230
vn -0.8079 0.2987 0.5080
vn -0.7214 0.3540 0.5953
vn -0.5379 0.5230 0.6611
vn -0.4322 0.7992 0.4177
vn -0.0779 0.6834 0.7259
vn -0.0649 0.9259 0.3721
vn -0.2866 0.2691 0.9195
vn -0.2864 0.6803 0.6747
vn -0.2260 0.9047 0.3611
vn -0.0249 0.9988 0.0424
vn -0.1120 0.9913 0.0692
vn -0.0211 0.9882 0.1518
vn -0.1595 0.9734 0.1645
vn -0.2807 0.9379 0.2037
vn -0.4314 0.8671 0.2491
vn -0.6833 0.6029 0.4117
vn -0.1578 0.9834 0.0890
vn -0.3988 0.8852 0.2396
vn -0.6345 0.6356 0.4399
vn 0.0713 0.1512 0.9859
vn 0.7544 0.1025 0.6483
vn 0.0771 0.9952 0.0605
vn 0.0042 0.9972 0.0743
vn 0.2427 0.1139 0.9634
vn 0.4458 0.1231 0.8866
vn 0.0784 0.5071 0.8583
vn 0.2335 0.3793 0.8953
vn 0.4170 0.3761 0.8274
vn 0.3106 0.7253 0.6144
vn 0.6940 0.3858 0.6078
vn 0.5161 0.7244 0.4569
vn 0.6285 0.1127 0.7696
vn 0.5811 0.3762 0.7217
vn 0.4374 0.7177 0.5419
vn 0.0796 0.9929 0.0885
vn 0.0587 0.9915 0.1157
vn 0.2771 0.9322 0.2327
vn 0.2366 0.9294 0.2832
vn 0.1635 0.9324 0.3223
vn 0.0260 0.9614 0.2741
vn 0.0647 0.8226 0.5649
vn 0.0237 0.9931 0.1151
vn 0.0873 0.9307 0.3553
vn 0.1754 0.7211 0.6703
vn 0.0112 0.9959 -0.0901
vn 0.1387 0.0971 -0.9856
vn 0.0489 0.9279 -0.3696
vn 0.0961 0.7101 -0.6975
vn 0.1286 0.3835 -0.9145
vn -0.0358 0.9942 -0.1014
vn -0.3315 0.0985 -0.9383
vn -0.1321 0.9180 -0.3739
vn -0.2374 0.7014 -0.6720
vn -0.3082 0.3798 -0.8722
vn 0.8838 0.1000 0.4571
vn 0.0762 0.9962 0.0416
vn 0.8177 0.3927 0.4208
vn 0.6161 0.7204 0.3184
vn 0.3204 0.9322 0.1685
vn 0.3740 0.0892 -0.9231
vn 0.0339 0.9951 -0.0929
vn 0.0981 0.9949 0.0249
vn 0.9737 0.0870 0.2105
vn 0.3748 0.3616 -0.8537
vn 0.2907 0.7110 -0.6402
vn 0.6246 0.0831 -0.7765
vn 0.6071 0.3272 -0.7241
vn 0.4631 0.6981 -0.5461
vn 0.6180 0.7161 -0.3246
vn 0.0714 0.9930 -0.0942
vn 0.0975 0.9939 -0.0512
vn 0.1403 0.9292 -0.3419
vn 0.2348 0.9281 -0.2889
vn 0.3132 0.9354 -0.1641
vn 0.3681 0.9265 0.0784
vn 0.6999 0.7037 0.1224
vn 0.1200 0.9928 -0.0057
vn 0.3756 0.9263 -0.0298
vn 0.7172 0.6930 -0.0731
vn 0.9936 0.0814 -0.0789
vn 0.8810 0.0844 -0.4655
vn 0.9190 0.3548 0.1717
vn 0.9420 0.3226 -0.0927
vn 0.8382 0.3199 -0.4417
vn -0.1595 0.1006 0.9821
vn 0.0127 0.9906 0.1365
vn 0.4356 0.1129 0.8930
vn -0.1398 0.3649 0.9205
vn -0.1091 0.6884 0.7170
vn -0.0198 0.1015 0.9946
vn -0.0229 0.3164 0.9484
vn -0.0105 0.6220 0.7830
vn 0.1062 0.5140 0.8512
vn 0.1214 0.9357 0.3312
vn 0.2818 0.7336 0.6184
vn -0.0398 0.9174 0.3960
vn 0.0635 0.8471 0.5276
vn 0.2076 0.6460 0.7346
vn 0.3017 0.1043 0.9477
vn 0.1437 0.1002 0.9845
vn 0.3833 0.4100 0.8277
vn 0.2792 0.3389 0.8984
vn 0.1321 0.2898 0.9479
vn -0.3424 0.0933 0.9349
vn -0.0359 0.9947 0.0968
vn -0.3203 0.3674 0.8732
vn -0.2500 0.6897 0.6795
vn -0.1383 0.9169 0.3743
vn -0.4669 0.0980 0.8789
vn -0.0495 0.9944 0.0932
vn -0.4340 0.3796 0.8171
vn -0.3342 0.7018 0.6291
vn -0.1849 0.9190 0.3481
vn -0.0795 0.9938 -0.0773
vn -0.7135 0.1000 -0.6935
vn -0.2862 0.9169 -0.2782
vn -0.5099 0.7030 -0.4957
vn -0.6626 0.3824 -0.6440
vn -0.7581 0.0993 0.6446
vn -0.0836 0.9940 0.0711
vn -0.7043 0.3810 0.5989
vn -0.5425 0.7020 0.4613
vn -0.3036 0.9172 0.2582
vn -0.0995 0.9944 -0.0362
vn -0.9352 0.0981 -0.3403
vn -0.3708 0.9189 -0.1349
vn -0.6695 0.7017 -0.2436
vn -0.8694 0.3796 -0.3164
vn -0.9684 0.0992 0.2289
vn -0.1065 0.9940 0.0252
vn -0.8999 0.3808 0.2127
vn -0.6932 0.7019 0.1638
vn -0.3876 0.9172 0.0916
vn -0.9900 0.0979 -0.1016
vn -0.1033 0.9946 -0.0106
vn -0.9202 0.3798 -0.0945
vn -0.7079 0.7025 -0.0727
vn -0.3898 0.9200 -0.0400
vn 0.3823 0.1091 -0.9176
vn 0.0328 0.9947 -0.0977
vn 0.3500 0.4103 -0.8421
vn 0.2514 0.7307 -0.6347
vn 0.1294 0.9272 -0.3515
vn 0.5274 0.1069 0.8429
vn 0.1615 0.9813 0.1049
vn 0.8819 0.0716 0.4659
vn 0.5124 0.3930 0.7636
vn 0.4056 0.7108 0.5746
vn 0.6356 0.0801 0.7679
vn 0.6294 0.2886 0.7215
vn 0.5737 0.5704 0.5878
vn 0.7214 0.3982 0.5666
vn 0.4999 0.8231 0.2695
vn 0.7570 0.5246 0.3897
vn 0.2607 0.9227 0.2838
vn 0.5266 0.7508 0.3988
vn 0.7376 0.4782 0.4767
vn 0.8222 0.0779 0.5638
vn 0.7349 0.0761 0.6739
vn 0.8592 0.2444 0.4495
vn 0.8144 0.2243 0.5351
vn 0.7359 0.2221 0.6396
vn 0.1473 0.9873 0.0589
vn 0.9638 0.0821 0.2538
vn 0.4667 0.8700 0.1588
vn 0.7468 0.6286 0.2169
vn 0.9127 0.3315 0.2389
vn 0.7702 0.0945 -0.6307
vn 0.1365 0.9880 -0.0726
vn 0.7206 0.3688 -0.5871
vn 0.6010 0.6658 -0.4421
vn 0.3978 0.8826 -0.2505
vn 0.9871 0.0831 -0.1366
vn 0.1486 0.9879 -0.0447
vn 0.9349 0.3311 -0.1281
vn 0.7639 0.6325 -0.1285
vn 0.4742 0.8738 -0.1081
vn 0.1033 -0.9946 -0.0107
vn 0.9899 -0.0979 -0.1024
vn 0.3898 -0.9200 -0.0403
vn 0.7079 -0.7025 -0.0732
vn 0.9201 -0.3799 -0.0952
vn 0.1065 -0.9938 0.0325
vn 0.9516 -0.1005 0.2905
vn 0.3819 -0.9168 0.1166
vn 0.6795 -0.7037 0.2075
vn 0.8834 -0.3833 0.2697
vn 0.9392 -0.0981 -0.3291
vn 0.0993 -0.9944 -0.0348
vn 0.8731 -0.3796 -0.3059
vn 0.6722 -0.7019 -0.2355
vn 0.3716 -0.9192 -0.1302
vn 0.0747 -0.9940 0.0795
vn 0.6813 -0.0991 0.7252
vn 0.2726 -0.9174 0.2901
vn 0.4878 -0.7017 0.5192
vn 0.6332 -0.3806 0.6740
vn 0.8598 -0.0958 -0.5016
vn 0.4025 -0.0958 -0.9104
vn 0.1005 -0.9886 -0.1125
vn 0.7780 -0.0896 -0.6219
vn 0.6640 -0.0858 -0.7428
vn 0.7984 -0.3573 -0.4846
vn 0.7443 -0.2931 -0.6001
vn 0.6443 -0.2558 -0.7207
vn 0.5867 -0.4744 -0.6563
vn 0.3925 -0.3573 -0.8475
vn 0.3125 -0.6789 -0.6645
vn 0.5312 -0.0895 -0.8425
vn 0.5133 -0.2931 -0.8066
vn 0.4439 -0.5984 -0.6670
vn 0.3307 -0.9143 -0.2337
vn 0.6254 -0.6789 -0.3847
vn 0.1954 -0.9143 -0.3548
vn 0.3785 -0.8231 -0.4234
vn 0.6133 -0.5984 -0.5155
vn 0.0405 -0.9944 0.0974
vn 0.3821 -0.0981 0.9189
vn 0.1513 -0.9191 0.3639
vn 0.2735 -0.7018 0.6578
vn 0.3552 -0.3796 0.8542
vn 0.0643 -0.1004 -0.9929
vn 0.0072 -0.9938 -0.1110
vn 0.0597 -0.3830 -0.9218
vn 0.0459 -0.7035 -0.7092
vn 0.0258 -0.9168 -0.3984
vn 0.0173 -0.9950 0.0981
vn 0.2066 -0.0992 0.9734
vn 0.0735 -0.9238 0.3758
vn 0.1431 -0.7090 0.6905
vn 0.1924 -0.3848 0.9027
vn -0.2235 -0.0980 -0.9698
vn -0.0220 -0.9952 -0.0955
vn -0.2075 -0.3827 -0.9003
vn -0.1588 -0.7071 -0.6890
vn -0.0860 -0.9239 -0.3729
vn 0.2019 -0.1102 0.9732
vn 0.0160 -0.9952 0.0967
vn 0.0897 -0.9923 0.0852
vn 0.6894 -0.0894 0.7189
vn 0.1933 -0.4023 0.8949
vn 0.1493 -0.7380 0.6581
vn 0.3241 -0.1251 0.9377
vn 0.3145 -0.3992 0.8612
vn 0.2467 -0.7335 0.6334
vn 0.3610 -0.7025 0.6133
vn 0.0359 -0.9937 0.1060
vn 0.0740 -0.9906 0.1146
vn 0.0690 -0.9377 0.3406
vn 0.1356 -0.9323 0.3353
vn 0.2089 -0.9200 0.3316
vn 0.3001 -0.9057 0.2994
vn 0.5183 -0.6647 0.5381
vn 0.0981 -0.9891 0.1096
vn 0.2783 -0.9040 0.3247
vn 0.4682 -0.6629 0.5843
vn 0.5954 -0.1034 0.7968
vn 0.4660 -0.1252 0.8759
vn 0.6515 -0.3382 0.6790
vn 0.5718 -0.3382 0.7475
vn 0.4515 -0.3679 0.8129
vn 0.7610 -0.0964 0.6415
vn 0.0772 -0.9943 0.0731
vn 0.1024 -0.9947 0.0012
vn 0.9933 -0.1007 0.0570
vn 0.7150 -0.3627 0.5977
vn 0.5503 -0.6969 0.4598
vn 0.8439 -0.1131 0.5244
vn 0.7910 -0.3709 0.4866
vn 0.6017 -0.7072 0.3713
vn 0.6526 -0.7118 0.2597
vn 0.1024 -0.9922 0.0706
vn 0.1268 -0.9906 0.0505
vn 0.2906 -0.9218 0.2568
vn 0.3224 -0.9240 0.2058
vn 0.3513 -0.9258 0.1398
vn 0.3737 -0.9274 0.0162
vn 0.7003 -0.7123 0.0471
vn 0.1229 -0.9922 0.0190
vn 0.3756 -0.9240 0.0720
vn 0.6923 -0.7072 0.1436
vn 0.9735 -0.1131 0.1988
vn 0.9220 -0.1237 0.3669
vn 0.9245 -0.3767 0.0584
vn 0.9091 -0.3708 0.1899
vn 0.8632 -0.3699 0.3435
vn -0.1898 -0.0983 -0.9769
vn -0.0183 -0.9954 -0.0941
vn -0.1761 -0.3844 -0.9062
vn -0.1344 -0.7095 -0.6918
vn -0.0723 -0.9255 -0.3719
vn 0.0806 -0.9966 -0.0180
vn 0.9702 -0.1012 -0.2202
vn 0.3443 -0.9356 -0.0779
vn 0.6691 -0.7274 -0.1521
vn 0.8942 -0.3988 -0.2033
vn -0.9933 -0.1009 -0.0565
vn -0.7643 -0.0952 -0.6378
vn -0.0743 -0.9945 -0.0742
vn -0.1025 -0.9947 -0.0011
vn -0.9738 -0.1133 -0.1971
vn -0.9231 -0.1239 -0.3640
vn -0.9245 -0.3768 -0.0578
vn -0.9093 -0.3711 -0.1883
vn -0.8642 -0.3701 -0.3408
vn -0.6534 -0.7118 -0.2577
vn -0.7168 -0.3589 -0.5979
vn -0.5497 -0.6932 -0.4662
vn -0.8463 -0.1132 -0.5206
vn -0.7931 -0.3710 -0.4831
vn -0.6033 -0.7072 -0.3687
vn -0.1027 -0.9922 -0.0701
vn -0.1207 -0.9915 -0.0476
vn -0.2869 -0.9211 -0.2632
vn -0.3234 -0.9239 -0.2044
vn -0.3518 -0.9257 -0.1387
vn -0.3738 -0.9274 -0.0160
vn -0.7004 -0.7123 -0.0466
vn -0.1229 -0.9922 -0.0188
vn -0.3758 -0.9239 -0.0714
vn -0.6925 -0.7072 -0.1423
vn -0.0293 -0.9917 0.1254
vn -0.2938 -0.0913 0.9515
vn -0.1127 -0.8967 0.4280
vn -0.2051 -0.6653 0.7179
vn -0.2707 -0.3599 0.8929
vn 0.0584 -0.9969 -0.0518
vn 0.7483 -0.1035 -0.6553
vn 0.2571 -0.9397 -0.2256
vn 0.5091 -0.7366 -0.4452
vn 0.6876 -0.4073 -0.6011
vn 0.0290 -0.9966 -0.0768
vn 0.3482 -0.1023 -0.9318
vn 0.1229 -0.9366 -0.3282
vn 0.2389 -0.7305 -0.6398
vn 0.3202 -0.4019 -0.8578
vn -0.0948 -0.9955 0.0086
vn -0.9600 -0.0508 0.2753
vn -0.6295 -0.7468 0.2146
vn -0.8661 -0.4189 0.2727
vn -0.9388 -0.1869 0.2893
vn -0.6853 -0.0855 -0.7232
vn -0.0618 -0.1310 -0.9895
vn -0.0020 -0.9967 -0.0811
vn -0.0926 -0.9913 -0.0930
vn -0.5691 -0.1017 -0.8160
vn -0.4040 -0.1341 -0.9049
vn -0.6486 -0.3277 -0.6869
vn -0.5546 -0.3362 -0.7612
vn -0.4036 -0.3929 -0.8263
vn -0.3292 -0.7262 -0.6035
vn -0.0681 -0.4626 -0.8840
vn -0.0576 -0.7948 -0.6042
vn -0.2196 -0.1449 -0.9648
vn -0.2264 -0.4516 -0.8630
vn -0.1843 -0.7808 -0.5970
vn -0.0236 -0.9957 -0.0898
vn -0.0687 -0.9919 -0.1070
vn -0.0197 -0.9566 -0.2907
vn -0.1054 -0.9485 -0.2986
vn -0.1947 -0.9289 -0.3151
vn -0.3060 -0.8979 -0.3165
vn -0.5203 -0.6514 -0.5522
vn -0.1006 -0.9886 -0.1123
vn -0.2814 -0.9024 -0.3262
vn -0.4659 -0.6579 -0.5917
vn -0.1560 -0.0980 -0.9829
vn -0.0154 -0.9952 -0.0968
vn -0.1448 -0.3827 -0.9125
vn -0.1109 -0.7071 -0.6984
vn -0.0600 -0.9239 -0.3780
vn -0.8321 -0.0118 0.5546
vn -0.3698 -0.9022 0.2218
vn -0.0134 -0.9926 0.1209
vn -0.0843 -0.0797 0.9933
vn -0.8280 -0.0676 0.5567
vn -0.8205 -0.1875 0.5401
vn -0.7088 -0.0202 0.7051
vn -0.7169 -0.0971 0.6904
vn -0.7257 -0.2614 0.6365
vn -0.5447 -0.4239 0.7236
vn -0.2994 -0.9240 0.2377
vn -0.1595 -0.9681 0.1932
vn -0.7528 -0.4621 0.4688
vn -0.6508 -0.5542 0.5189
vn -0.4456 -0.7262 0.5236
vn -0.0561 -0.9097 0.4114
vn -0.1075 -0.6579 0.7454
vn -0.0584 -0.9864 0.1535
vn -0.2267 -0.8460 0.4825
vn -0.3050 -0.5711 0.7621
vn -0.2856 -0.0661 0.9561
vn -0.5166 -0.0483 0.8549
vn -0.1055 -0.3223 0.9407
vn -0.3120 -0.2489 0.9169
vn -0.5396 -0.1707 0.8244
vn 0.0700 -0.0949 0.9930
vn 0.0024 -0.9944 0.1056
vn 0.0767 -0.9952 0.0605
vn 0.7543 -0.1022 0.6485
vn 0.0735 -0.3621 0.9292
vn 0.0585 -0.6989 0.7128
vn 0.2425 -0.1090 0.9640
vn 0.2327 -0.3664 0.9009
vn 0.1750 -0.7081 0.6841
vn 0.3097 -0.7176 0.6237
vn 0.0241 -0.9924 0.1203
vn 0.0588 -0.9911 0.1192
vn 0.0211 -0.9226 0.3851
vn 0.0874 -0.9256 0.3683
vn 0.1634 -0.9293 0.3312
vn 0.2763 -0.9323 0.2334
vn 0.5153 -0.7241 0.4584
vn 0.0794 -0.9928 0.0895
vn 0.2360 -0.9282 0.2877
vn 0.4361 -0.7149 0.5466
vn 0.6281 -0.1113 0.7701
vn 0.4453 -0.1199 0.8873
vn 0.6935 -0.3852 0.6088
vn 0.5800 -0.3727 0.7244
vn 0.4156 -0.3680 0.8318
vn 0.1393 -0.1091 -0.9842
vn 0.0127 -0.9966 -0.0811
vn 0.1312 -0.4192 -0.8984
vn 0.1006 -0.7455 -0.6588
vn 0.0531 -0.9399 -0.3373
vn -0.3315 -0.0985 -0.9383
vn -0.0358 -0.9942 -0.1014
vn -0.3082 -0.3798 -0.8722
vn -0.2374 -0.7014 -0.6720
vn -0.1321 -0.9180 -0.3739
vn 0.0761 -0.9962 0.0416
vn 0.8838 -0.1000 0.4571
vn 0.3204 -0.9322 0.1685
vn 0.6161 -0.7204 0.3184
vn 0.8177 -0.3928 0.4208
vn 0.3740 -0.0881 -0.9232
vn 0.9737 -0.0869 0.2105
vn 0.0980 -0.9949 0.0248
vn 0.0343 -0.9950 -0.0938
vn 0.6246 -0.0822 -0.7766
vn 0.8810 -0.0839 -0.4657
vn 0.3752 -0.3584 -0.8548
vn 0.6073 -0.3246 -0.7251
vn 0.8383 -0.3184 -0.4425
vn 0.6189 -0.7145 -0.3261
vn 0.9191 -0.3547 0.1716
vn 0.7000 -0.7037 0.1222
vn 0.9936 -0.0813 -0.0790
vn 0.9422 -0.3220 -0.0930
vn 0.7176 -0.6925 -0.0737
vn 0.1201 -0.9927 -0.0058
vn 0.0979 -0.9939 -0.0516
vn 0.3681 -0.9265 0.0782
vn 0.3761 -0.9261 -0.0303
vn 0.3143 -0.9348 -0.1654
vn 0.1414 -0.9280 -0.3448
vn 0.2919 -0.7077 -0.6434
vn 0.0719 -0.9929 -0.0950
vn 0.2360 -0.9271 -0.2912
vn 0.4643 -0.6953 -0.5486
vn -0.1598 -0.0884 0.9832
vn 0.4356 -0.1129 0.8930
vn 0.0102 -0.9889 0.1485
vn -0.0198 -0.1016 0.9946
vn 0.1437 -0.1002 0.9845
vn -0.1431 -0.3255 0.9347
vn -0.0229 -0.3164 0.9484
vn 0.1321 -0.2898 0.9479
vn 0.1063 -0.5140 0.8512
vn 0.3832 -0.4099 0.8277
vn 0.2818 -0.7336 0.6184
vn 0.3016 -0.1043 0.9477
vn 0.2791 -0.3389 0.8985
vn 0.2075 -0.6460 0.7346
vn -0.0478 -0.8997 0.4340
vn -0.1177 -0.6436 0.7563
vn 0.1214 -0.9357 0.3312
vn 0.0635 -0.8471 0.5277
vn -0.0105 -0.6219 0.7830
vn -0.0337 -0.9952 0.0920
vn -0.3422 -0.0980 0.9345
vn -0.1316 -0.9239 0.3593
vn -0.2431 -0.7071 0.6640
vn -0.3177 -0.3827 0.8676
vn -0.0495 -0.9944 0.0932
vn -0.4669 -0.0980 0.8789
vn -0.1849 -0.9191 0.3481
vn -0.3342 -0.7018 0.6291
vn -0.4340 -0.3795 0.8171
vn -0.7135 -0.1000 -0.6935
vn -0.0795 -0.9938 -0.0773
vn -0.6626 -0.3824 -0.6440
vn -0.5099 -0.7030 -0.4957
vn -0.2862 -0.9169 -0.2782
vn -0.0836 -0.9940 0.0711
vn -0.7581 -0.0993 0.6446
vn -0.3036 -0.9172 0.2581
vn -0.5425 -0.7020 0.4613
vn -0.7043 -0.3810 0.5989
vn -0.9352 -0.0981 -0.3403
vn -0.0995 -0.9944 -0.0362
vn -0.8694 -0.3796 -0.3164
vn -0.6695 -0.7017 -0.2436
vn -0.3708 -0.9189 -0.1349
vn -0.1065 -0.9940 0.0252
vn -0.9684 -0.0992 0.2289
vn -0.3876 -0.9172 0.0916
vn -0.6932 -0.7019 0.1638
vn -0.8999 -0.3808 0.2127
vn -0.1032 -0.9946 -0.0106
vn -0.9900 -0.0979 -0.1016
vn -0.3898 -0.9200 -0.0400
vn -0.7079 -0.7025 -0.0727
vn -0.9202 -0.3798 -0.0945
vn 0.0328 -0.9947 -0.0977
vn 0.3823 -0.1090 -0.9176
vn 0.1294 -0.9272 -0.3515
vn 0.2514 -0.7307 -0.6347
vn 0.3500 -0.4102 -0.8421
vn 0.5274 -0.1069 0.8429
vn 0.8819 -0.0716 0.4659
vn 0.1615 -0.9813 0.1049
vn 0.6356 -0.0800 0.7679
vn 0.7349 -0.0761 0.6738
vn 0.5123 -0.3930 0.7636
vn 0.6294 -0.2886 0.7215
vn 0.7360 -0.2221 0.6395
vn 0.7214 -0.3982 0.5666
vn 0.8592 -0.2444 0.4495
vn 0.7569 -0.5246 0.3897
vn 0.8222 -0.0779 0.5638
vn 0.8144 -0.2244 0.5351
vn 0.7376 -0.4782 0.4767
vn 0.2608 -0.9227 0.2838
vn 0.4056 -0.7108 0.5746
vn 0.4999 -0.8231 0.2695
vn 0.5266 -0.7508 0.3988
vn 0.5737 -0.5704 0.5878
vn 0.9638 -0.0821 0.2538
vn 0.1473 -0.9873 0.0589
vn 0.9127 -0.3315 0.2389
vn 0.7468 -0.6286 0.2169
vn 0.4667 -0.8700 0.1588
vn 0.1364 -0.9880 -0.0726
vn 0.7702 -0.0944 -0.6307
vn 0.3978 -0.8826 -0.2505
vn 0.6010 -0.6658 -0.4421
vn 0.7207 -0.3688 -0.5871
vn 0.1485 -0.9879 -0.0447
vn 0.9871 -0.0831 -0.1366
vn 0.4742 -0.8738 -0.1081
vn 0.7639 -0.6324 -0.1285
vn 0.9349 -0.3311 -0.1281
vt 0.419535 0.508249
vt 0.419541 0.508909
vt 0.420355 0.509223
vt 0.420380 0.508565
vt 0.421007 0.509586
vt 0.421096 0.509164
vt 0.419546 0.509798
vt 0.420338 0.509860
vt 0.420812 0.509958
vt 0.425465 0.469880
vt 0.425494 0.470783
vt 0.426221 0.470704
vt 0.426354 0.469965
vt 0.426833 0.470620
vt 0.427138 0.469956
vt 0.425411 0.471599
vt 0.426083 0.471334
vt 0.426534 0.471070
vt 0.419553 0.511707
vt 0.420395 0.511437
vt 0.420362 0.510613
vt 0.419550 0.510781
vt 0.421106 0.511174
vt 0.421012 0.510459
vt 0.937196 0.849633
vt 0.937239 0.850477
vt 0.938241 0.850488
vt 0.938106 0.849633
vt 0.939168 0.850488
vt 0.939074 0.849633
vt 0.937358 0.851192
vt 0.938348 0.851192
vt 0.939291 0.851191
vt 0.940612 0.849633
vt 0.939954 0.849633
vt 0.939981 0.850488
vt 0.940698 0.850477
vt 0.940140 0.851192
vt 0.940942 0.851192
vt 0.288299 0.368706
vt 0.287897 0.369068
vt 0.288691 0.370171
vt 0.289243 0.369888
vt 0.289370 0.371259
vt 0.290065 0.371182
vt 0.287545 0.369387
vt 0.288221 0.370350
vt 0.288799 0.371339
vt 0.290880 0.373329
vt 0.290639 0.372390
vt 0.289799 0.372330
vt 0.290117 0.373390
vt 0.289179 0.372383
vt 0.289459 0.373454
vt 0.790291 0.241287
vt 0.790985 0.241300
vt 0.790710 0.240336
vt 0.790040 0.240418
vt 0.790496 0.239326
vt 0.789842 0.239350
vt 0.791498 0.241416
vt 0.791194 0.240344
vt 0.790948 0.239267
vt 0.789715 0.237278
vt 0.789728 0.238247
vt 0.790389 0.238270
vt 0.790365 0.237207
vt 0.274092 0.357181
vt 0.275138 0.357393
vt 0.275200 0.357007
vt 0.274155 0.356680
vt 0.790819 0.238180
vt 0.274303 0.355105
vt 0.274229 0.355951
vt 0.275242 0.356326
vt 0.275169 0.355388
vt 0.276269 0.356836
vt 0.276317 0.356089
vt 0.276209 0.357447
vt 0.278745 0.358267
vt 0.277573 0.357100
vt 0.277314 0.357646
vt 0.278377 0.358599
vt 0.277148 0.358113
vt 0.278053 0.358892
vt 0.975383 0.394635
vt 0.974414 0.394604
vt 0.974371 0.395266
vt 0.975429 0.395288
vt 0.974468 0.395706
vt 0.975539 0.395678
vt 0.973304 0.394666
vt 0.973314 0.395327
vt 0.973391 0.395792
vt 0.256085 0.242739
vt 0.256146 0.241905
vt 0.255207 0.241525
vt 0.255372 0.242453
vt 0.254236 0.240996
vt 0.254318 0.241716
vt 0.256186 0.241209
vt 0.255169 0.240873
vt 0.254180 0.240423
vt 0.251855 0.239394
vt 0.253083 0.240642
vt 0.253198 0.240150
vt 0.252126 0.239147
vt 0.253248 0.239744
vt 0.252344 0.238950
vt 0.971337 0.395021
vt 0.971311 0.395724
vt 0.972294 0.395496
vt 0.972224 0.394812
vt 0.971211 0.396258
vt 0.972304 0.395996
vt 0.947921 0.206513
vt 0.947285 0.206509
vt 0.947283 0.207363
vt 0.947988 0.207357
vt 0.947393 0.208065
vt 0.948179 0.208071
vt 0.946415 0.206505
vt 0.946482 0.207359
vt 0.946554 0.208060
vt 0.248627 0.235968
vt 0.248921 0.235702
vt 0.248102 0.234571
vt 0.247621 0.234716
vt 0.247436 0.233461
vt 0.246789 0.233383
vt 0.249158 0.235487
vt 0.248493 0.234515
vt 0.247953 0.233519
vt 0.246111 0.231268
vt 0.246259 0.232172
vt 0.247078 0.232390
vt 0.246866 0.231335
vt 0.247662 0.232474
vt 0.247495 0.231404
vt 0.944515 0.206500
vt 0.944540 0.207342
vt 0.945549 0.207356
vt 0.945442 0.206501
vt 0.944609 0.208055
vt 0.945608 0.208057
vt 0.881527 0.419591
vt 0.881446 0.420435
vt 0.882214 0.420446
vt 0.882193 0.419591
vt 0.883081 0.420446
vt 0.883091 0.419591
vt 0.881215 0.421150
vt 0.882225 0.421150
vt 0.883238 0.421150
vt 0.885020 0.419591
vt 0.884083 0.419591
vt 0.884070 0.420447
vt 0.885088 0.420435
vt 0.280609 0.233244
vt 0.280387 0.234236
vt 0.281501 0.234251
vt 0.282146 0.233343
vt 0.279788 0.235119
vt 0.280670 0.235116
vt 0.287101 0.233722
vt 0.284426 0.233510
vt 0.283579 0.234192
vt 0.286449 0.233957
vt 0.282412 0.234969
vt 0.284584 0.234751
vt 0.278489 0.237462
vt 0.281789 0.235982
vt 0.280521 0.235939
vt 0.278274 0.237007
vt 0.279468 0.235896
vt 0.278081 0.236633
vt 0.940727 0.419591
vt 0.940750 0.420435
vt 0.941777 0.420446
vt 0.941646 0.419591
vt 0.942718 0.420446
vt 0.942590 0.419591
vt 0.940814 0.421150
vt 0.941916 0.421150
vt 0.942938 0.421149
vt 0.698938 0.199267
vt 0.699240 0.200051
vt 0.699940 0.200183
vt 0.699597 0.199303
vt 0.283197 0.173472
vt 0.283898 0.174274
vt 0.284248 0.174020
vt 0.283549 0.173076
vt 0.943414 0.419591
vt 0.943505 0.420446
vt 0.943798 0.421150
vt 0.284634 0.171842
vt 0.284053 0.172504
vt 0.284858 0.173594
vt 0.285592 0.172952
vt 0.285513 0.174735
vt 0.286364 0.174397
vt 0.284813 0.175018
vt 0.286925 0.177395
vt 0.286832 0.175957
vt 0.285846 0.176001
vt 0.286034 0.177328
vt 0.285108 0.176124
vt 0.285267 0.177284
vt 0.875388 0.206501
vt 0.874577 0.206503
vt 0.874497 0.207358
vt 0.875368 0.207344
vt 0.874324 0.208059
vt 0.875313 0.208056
vt 0.873942 0.206506
vt 0.873811 0.207361
vt 0.873532 0.208063
vt 0.262696 0.163632
vt 0.263468 0.163930
vt 0.264350 0.162847
vt 0.263601 0.162182
vt 0.265356 0.162060
vt 0.264995 0.161219
vt 0.264110 0.164194
vt 0.264824 0.163352
vt 0.265635 0.162737
vt 0.268356 0.161240
vt 0.266664 0.160888
vt 0.266625 0.161881
vt 0.268034 0.161993
vt 0.266643 0.162576
vt 0.267749 0.162643
vt 0.695199 0.181558
vt 0.695854 0.181540
vt 0.695875 0.180610
vt 0.695187 0.180706
vt 0.696013 0.179806
vt 0.695340 0.179951
vt 0.267545 0.163091
vt 0.266621 0.162951
vt 0.696313 0.180485
vt 0.696478 0.179552
vt 0.006614 0.511302
vt 0.006614 0.510328
vt 0.005799 0.510191
vt 0.005770 0.511122
vt 0.005148 0.510048
vt 0.005054 0.510882
vt 0.006614 0.509233
vt 0.005820 0.509330
vt 0.005345 0.509452
vt 0.006833 0.426359
vt 0.006072 0.425954
vt 0.005598 0.426756
vt 0.006110 0.427210
vt 0.005213 0.427444
vt 0.005533 0.428046
vt 0.005432 0.425570
vt 0.005168 0.426369
vt 0.005053 0.426962
vt 0.006613 0.507340
vt 0.005770 0.507756
vt 0.005799 0.508564
vt 0.006614 0.508184
vt 0.005054 0.508479
vt 0.005148 0.509006
vt 0.006613 0.496417
vt 0.006613 0.495691
vt 0.005799 0.495418
vt 0.005769 0.495955
vt 0.005147 0.495172
vt 0.005054 0.495544
vt 0.853887 0.005054
vt 0.854258 0.005971
vt 0.854977 0.006192
vt 0.854739 0.005566
vt 0.005819 0.494924
vt 0.005345 0.494902
vt 0.014834 0.443646
vt 0.013521 0.443235
vt 0.013386 0.443557
vt 0.014518 0.444054
vt 0.013260 0.443844
vt 0.014191 0.444385
vt 0.012302 0.442694
vt 0.012443 0.443108
vt 0.012656 0.443437
vt 0.854776 0.007891
vt 0.855486 0.008016
vt 0.855224 0.007054
vt 0.854570 0.006967
vt 0.855996 0.008191
vt 0.855729 0.007161
vt 0.855405 0.006489
vt 0.220164 0.508437
vt 0.219322 0.508754
vt 0.219356 0.509413
vt 0.220169 0.509097
vt 0.219380 0.510049
vt 0.220174 0.509986
vt 0.659263 0.422264
vt 0.658345 0.422301
vt 0.658237 0.422881
vt 0.658983 0.422854
vt 0.218704 0.509777
vt 0.218905 0.510149
vt 0.220181 0.511895
vt 0.220179 0.510969
vt 0.219363 0.510803
vt 0.219336 0.511627
vt 0.218709 0.510650
vt 0.218617 0.511365
vt 0.656951 0.421931
vt 0.657058 0.422807
vt 0.657639 0.422862
vt 0.657533 0.422184
vt 0.657392 0.423551
vt 0.657822 0.423424
vt 0.658237 0.423245
vt 0.937202 0.650258
vt 0.938111 0.650258
vt 0.938270 0.649402
vt 0.937256 0.649414
vt 0.938407 0.648699
vt 0.937411 0.648698
vt 0.939080 0.650258
vt 0.939201 0.649402
vt 0.939360 0.648699
vt 0.621124 0.267887
vt 0.621389 0.266954
vt 0.620963 0.266349
vt 0.620691 0.267400
vt 0.620467 0.265625
vt 0.620133 0.266471
vt 0.621904 0.266146
vt 0.621401 0.265585
vt 0.620917 0.264933
vt 0.618992 0.263895
vt 0.619537 0.265240
vt 0.619973 0.264631
vt 0.619407 0.263510
vt 0.620474 0.264096
vt 0.620050 0.263167
vt 0.621610 0.262802
vt 0.620824 0.262918
vt 0.621181 0.263790
vt 0.621949 0.263562
vt 0.939960 0.650258
vt 0.940019 0.649402
vt 0.621600 0.264547
vt 0.617269 0.250982
vt 0.617018 0.250112
vt 0.616173 0.250157
vt 0.616471 0.251115
vt 0.615391 0.250340
vt 0.615663 0.251412
vt 0.616820 0.249045
vt 0.615969 0.249132
vt 0.615174 0.249244
vt 0.614494 0.252297
vt 0.614969 0.251827
vt 0.614735 0.250624
vt 0.614142 0.251081
vt 0.614492 0.249404
vt 0.613866 0.249588
vt 0.613689 0.246691
vt 0.613707 0.248047
vt 0.614377 0.248130
vt 0.614252 0.246832
vt 0.615069 0.248101
vt 0.615021 0.246934
vt 0.616693 0.246972
vt 0.615878 0.246984
vt 0.615872 0.248063
vt 0.616706 0.247942
vt 0.972531 0.221210
vt 0.972554 0.220395
vt 0.971477 0.220339
vt 0.971562 0.221178
vt 0.970402 0.220386
vt 0.970453 0.221241
vt 0.972643 0.219541
vt 0.971476 0.219535
vt 0.970328 0.219586
vt 0.968485 0.221596
vt 0.969372 0.221387
vt 0.969365 0.220540
vt 0.968387 0.220792
vt 0.969219 0.219750
vt 0.968130 0.219971
vt 0.967316 0.218760
vt 0.967754 0.219258
vt 0.968972 0.219082
vt 0.968553 0.218470
vt 0.970206 0.218898
vt 0.970059 0.218265
vt 0.972957 0.218223
vt 0.971606 0.218179
vt 0.971483 0.218843
vt 0.972784 0.218778
vt 0.964455 0.222843
vt 0.964376 0.222056
vt 0.963498 0.222379
vt 0.963697 0.223149
vt 0.947285 0.007137
vt 0.947332 0.006281
vt 0.946521 0.006277
vt 0.946414 0.007133
vt 0.964177 0.221281
vt 0.963185 0.221677
vt 0.962314 0.222097
vt 0.962750 0.222771
vt 0.944515 0.007128
vt 0.945442 0.007130
vt 0.945579 0.006273
vt 0.944554 0.006283
vt 0.945673 0.005567
vt 0.944664 0.005563
vt 0.946637 0.005571
vt 0.958962 0.222292
vt 0.960157 0.222548
vt 0.960733 0.222148
vt 0.959410 0.221906
vt 0.961477 0.221674
vt 0.960439 0.221376
vt 0.961174 0.223057
vt 0.961684 0.222565
vt 0.963552 0.220223
vt 0.961894 0.220786
vt 0.962592 0.221194
vt 0.963888 0.220638
vt 0.881528 0.220216
vt 0.882194 0.220216
vt 0.882263 0.219360
vt 0.881507 0.219372
vt 0.882266 0.218657
vt 0.881447 0.218657
vt 0.883092 0.220216
vt 0.883090 0.219361
vt 0.883130 0.218657
vt 0.992289 0.224007
vt 0.992205 0.224203
vt 0.993129 0.224768
vt 0.993449 0.224558
vt 0.993860 0.225259
vt 0.994382 0.225143
vt 0.992139 0.224662
vt 0.992870 0.225088
vt 0.882308 0.218258
vt 0.883258 0.218258
vt 0.553370 0.223111
vt 0.553758 0.222976
vt 0.554086 0.222215
vt 0.553548 0.222416
vt 0.885165 0.218179
vt 0.884210 0.218258
vt 0.884087 0.218657
vt 0.885089 0.218657
vt 0.994947 0.225672
vt 0.994209 0.225740
vt 0.885021 0.220216
vt 0.885038 0.219372
vt 0.884038 0.219360
vt 0.884084 0.220216
vt 0.940728 0.220216
vt 0.941647 0.220216
vt 0.941777 0.219360
vt 0.940750 0.219372
vt 0.941917 0.218657
vt 0.940811 0.218656
vt 0.942591 0.220216
vt 0.942718 0.219360
vt 0.942941 0.218657
vt 0.525563 0.213596
vt 0.525747 0.212759
vt 0.525174 0.212246
vt 0.524854 0.213145
vt 0.524580 0.211614
vt 0.524124 0.212320
vt 0.526195 0.212032
vt 0.525639 0.211589
vt 0.525122 0.211030
vt 0.523034 0.210086
vt 0.523485 0.211245
vt 0.524078 0.210714
vt 0.523551 0.209688
vt 0.524681 0.210241
vt 0.524279 0.209335
vt 0.525916 0.208962
vt 0.525110 0.209080
vt 0.525433 0.209958
vt 0.526218 0.209746
vt 0.943415 0.220216
vt 0.943506 0.219360
vt 0.525837 0.210689
vt 0.875387 0.007130
vt 0.875368 0.006285
vt 0.874497 0.006275
vt 0.874576 0.007131
vt 0.873811 0.006279
vt 0.873942 0.007135
vt 0.875313 0.005567
vt 0.874324 0.005570
vt 0.873532 0.005575
vt 0.522177 0.191252
vt 0.522165 0.190401
vt 0.521368 0.190389
vt 0.521367 0.191316
vt 0.520586 0.190333
vt 0.520523 0.191416
vt 0.522318 0.189646
vt 0.521507 0.189585
vt 0.520752 0.189402
vt 0.519237 0.191661
vt 0.519776 0.191537
vt 0.519909 0.190151
vt 0.519210 0.189945
vt 0.520106 0.188974
vt 0.519516 0.188424
vt 0.520896 0.186823
vt 0.520108 0.187327
vt 0.520578 0.188205
vt 0.521117 0.187632
vt 0.521122 0.188775
vt 0.521596 0.188301
vt 0.205989 0.511301
vt 0.206833 0.511120
vt 0.206803 0.510189
vt 0.205989 0.510326
vt 0.206782 0.509328
vt 0.205989 0.509231
vt 0.207548 0.510880
vt 0.207455 0.510047
vt 0.207257 0.509450
vt 0.205989 0.507338
vt 0.205989 0.508182
vt 0.206803 0.508562
vt 0.206833 0.507754
vt 0.207455 0.509004
vt 0.207548 0.508477
vt 0.671522 0.006361
vt 0.672143 0.005874
vt 0.672171 0.005258
vt 0.671531 0.005518
vt 0.208026 0.510617
vt 0.207782 0.509744
vt 0.673007 0.005518
vt 0.672818 0.005054
vt 0.680493 0.014049
vt 0.680000 0.014708
vt 0.680304 0.015340
vt 0.680865 0.014748
vt 0.680578 0.015964
vt 0.681235 0.015666
vt 0.679602 0.015782
vt 0.679871 0.016022
vt 0.680182 0.016306
vt 0.681754 0.017585
vt 0.681548 0.016662
vt 0.680788 0.016828
vt 0.680999 0.017793
vt 0.680162 0.016999
vt 0.680268 0.018037
vt 0.679304 0.018486
vt 0.679673 0.018281
vt 0.679733 0.017055
vt 0.679357 0.017109
vt 0.372715 0.482701
vt 0.372729 0.483555
vt 0.403684 0.479667
vt 0.403474 0.478838
vt 0.372728 0.484290
vt 0.403850 0.480381
vt 0.372714 0.484795
vt 0.403948 0.480872
vt 0.844420 0.364943
vt 0.843770 0.365031
vt 0.839165 0.394250
vt 0.839820 0.394125
vt 0.846889 0.311801
vt 0.846242 0.311821
vt 0.319078 0.479922
vt 0.318869 0.480411
vt 0.319370 0.479211
vt 0.319700 0.478386
vt 0.842932 0.296637
vt 0.842263 0.296575
vt 0.306306 0.469733
vt 0.305898 0.470063
vt 0.306896 0.469259
vt 0.307578 0.468714
vt 0.425231 0.472203
vt 0.420250 0.495050
vt 0.419407 0.494902
vt 0.846085 0.849633
vt 0.846218 0.850477
vt 0.858268 0.850476
vt 0.858183 0.849633
vt 0.846597 0.851192
vt 0.858508 0.851192
vt 0.300462 0.455938
vt 0.299759 0.456177
vt 0.301277 0.455671
vt 0.432671 0.456412
vt 0.431806 0.456278
vt 0.433392 0.456537
vt 0.420426 0.525758
vt 0.421138 0.525710
vt 0.419584 0.525776
vt 0.894683 0.850476
vt 0.894628 0.849633
vt 0.894840 0.851192
vt 0.293547 0.417489
vt 0.292820 0.417595
vt 0.294390 0.417378
vt 0.421508 0.380793
vt 0.420679 0.380910
vt 0.422198 0.380706
vt 0.420310 0.596916
vt 0.421023 0.596735
vt 0.419468 0.596980
vt 0.794632 0.253108
vt 0.795322 0.253125
vt 0.949245 0.851192
vt 0.949021 0.850476
vt 0.406638 0.280020
vt 0.405806 0.280108
vt 0.407332 0.279958
vt 0.420157 0.691265
vt 0.420869 0.691100
vt 0.419314 0.691324
vt 0.792116 0.199521
vt 0.791465 0.199625
vt 0.235876 0.353564
vt 0.235908 0.354073
vt 0.235808 0.352823
vt 0.235713 0.351963
vt 0.795865 0.187569
vt 0.795190 0.187751
vt 0.221871 0.358910
vt 0.222158 0.359321
vt 0.221419 0.358316
vt 0.220873 0.357629
vt 0.846492 0.637035
vt 0.846386 0.637878
vt 0.865855 0.637833
vt 0.865893 0.636990
vt 0.846086 0.638591
vt 0.865745 0.638545
vt 0.208116 0.375566
vt 0.208758 0.375913
vt 0.207345 0.375172
vt 0.985631 0.396228
vt 0.985541 0.395572
vt 0.256199 0.240757
vt 0.266699 0.242064
vt 0.266589 0.241603
vt 0.266843 0.242775
vt 0.266999 0.243628
vt 0.967277 0.396969
vt 0.967169 0.397496
vt 0.967306 0.396269
vt 0.400821 0.204936
vt 0.399987 0.204994
vt 0.401517 0.204898
vt 0.420076 0.762811
vt 0.420788 0.762661
vt 0.419233 0.762864
vt 0.874152 0.419590
vt 0.873991 0.420434
vt 0.873532 0.421149
vt 0.284740 0.177268
vt 0.249027 0.202524
vt 0.248181 0.202426
vt 0.249732 0.202618
vt 0.916032 0.207313
vt 0.916096 0.208026
vt 0.916009 0.206471
vt 0.388982 0.052502
vt 0.388159 0.052715
vt 0.389667 0.052333
vt 0.419911 0.908342
vt 0.420623 0.908108
vt 0.419068 0.908424
vt 0.696755 0.189482
vt 0.696093 0.189434
vt 0.275318 0.165852
vt 0.274939 0.166226
vt 0.275862 0.165314
vt 0.276491 0.164692
vt 0.083496 0.181853
vt 0.082313 0.182794
vt 0.081298 0.183603
vt 0.005055 0.763543
vt 0.005770 0.762886
vt 0.006614 0.762655
vt 0.005770 0.806190
vt 0.006614 0.806227
vt 0.005055 0.806084
vt 0.100306 0.144327
vt 0.099639 0.144044
vt 0.101078 0.144675
vt 0.005769 0.940036
vt 0.006613 0.940096
vt 0.005054 0.939866
vt 0.157535 0.019926
vt 0.156910 0.019554
vt 0.158258 0.020380
vt 0.380373 0.034289
vt 0.379720 0.034861
vt 0.380916 0.033817
vt 0.419844 0.924420
vt 0.420557 0.924012
vt 0.419001 0.924563
vt 0.005769 0.951386
vt 0.006613 0.951502
vt 0.005054 0.951055
vt 0.165610 0.010459
vt 0.165162 0.009877
vt 0.166123 0.011158
vt 0.364191 0.023820
vt 0.363843 0.024588
vt 0.364475 0.023180
vt 0.381264 0.033515
vt 0.364650 0.022766
vt 0.450530 0.725128
vt 0.451197 0.725144
vt 0.446370 0.706463
vt 0.445720 0.706515
vt 0.446786 0.510005
vt 0.446124 0.510219
vt 0.443500 0.519835
vt 0.444144 0.519686
vt 0.164849 0.009503
vt 0.175989 0.005514
vt 0.175889 0.005054
vt 0.176117 0.006224
vt 0.176255 0.007075
vt 0.444482 0.695070
vt 0.445127 0.694976
vt 0.353546 0.019969
vt 0.353607 0.019521
vt 0.353432 0.020659
vt 0.353285 0.021486
vt 0.944798 0.637879
vt 0.944904 0.637036
vt 0.944496 0.638591
vt 0.191036 0.452094
vt 0.191615 0.452722
vt 0.190339 0.451367
vt 0.005190 0.428742
vt 0.011362 0.442105
vt 0.050263 0.463930
vt 0.049525 0.462920
vt 0.050876 0.464797
vt 0.862471 0.049414
vt 0.862850 0.048828
vt 0.861824 0.049649
vt 0.974662 0.637794
vt 0.974629 0.636952
vt 0.974754 0.638505
vt 0.168134 0.478200
vt 0.169157 0.478330
vt 0.166912 0.478061
vt 0.857955 0.167567
vt 0.858695 0.167284
vt 0.863425 0.150729
vt 0.862776 0.150700
vt 0.984856 0.638410
vt 0.985345 0.637693
vt 0.151850 0.483692
vt 0.151360 0.484345
vt 0.152413 0.482936
vt 0.051272 0.465390
vt 0.151019 0.484795
vt 0.670748 0.374725
vt 0.669933 0.374720
vt 0.665334 0.403902
vt 0.666143 0.403944
vt 0.669078 0.374622
vt 0.664495 0.403700
vt 0.668313 0.374446
vt 0.663754 0.403369
vt 0.667753 0.374220
vt 0.663224 0.402959
vt 0.670759 0.321784
vt 0.670184 0.321897
vt 0.671538 0.321672
vt 0.672402 0.321578
vt 0.673220 0.321516
vt 0.666954 0.307201
vt 0.666486 0.307725
vt 0.667642 0.306741
vt 0.668445 0.306414
vt 0.669241 0.306270
vt 0.660147 0.422078
vt 0.660980 0.297597
vt 0.660637 0.298321
vt 0.661563 0.296968
vt 0.662296 0.296527
vt 0.846224 0.649414
vt 0.846091 0.650258
vt 0.858189 0.650257
vt 0.858273 0.649413
vt 0.219367 0.525948
vt 0.220212 0.525964
vt 0.218649 0.525901
vt 0.218134 0.511149
vt 0.218166 0.525831
vt 0.649745 0.424600
vt 0.649878 0.425466
vt 0.642148 0.280607
vt 0.641512 0.281067
vt 0.642978 0.280201
vt 0.858514 0.648698
vt 0.894834 0.649413
vt 0.895403 0.648698
vt 0.894634 0.650257
vt 0.219251 0.597106
vt 0.220096 0.597168
vt 0.218533 0.596926
vt 0.835482 0.855983
vt 0.835867 0.855195
vt 0.798296 0.826448
vt 0.797806 0.827154
vt 0.835979 0.854306
vt 0.798532 0.825654
vt 0.219098 0.691455
vt 0.219943 0.691512
vt 0.218379 0.691291
vt 0.748228 0.788145
vt 0.747750 0.788860
vt 0.748450 0.787340
vt 0.616014 0.208911
vt 0.615458 0.208604
vt 0.616776 0.209155
vt 0.617629 0.209298
vt 0.618443 0.209320
vt 0.619938 0.196405
vt 0.619505 0.195706
vt 0.620595 0.196980
vt 0.621378 0.197346
vt 0.622168 0.197446
vt 0.629528 0.187936
vt 0.629258 0.187094
vt 0.630048 0.188633
vt 0.846178 0.436101
vt 0.846478 0.436819
vt 0.865946 0.436774
vt 0.865837 0.436055
vt 0.846583 0.437664
vt 0.865984 0.437619
vt 0.980972 0.219533
vt 0.979922 0.218865
vt 0.981866 0.220391
vt 0.982469 0.221309
vt 0.982690 0.222147
vt 0.219017 0.763001
vt 0.219862 0.763052
vt 0.218299 0.762852
vt 0.710737 0.764692
vt 0.710271 0.765416
vt 0.710944 0.763878
vt 0.992100 0.225312
vt 0.992095 0.226056
vt 0.940902 0.218179
vt 0.916031 0.006254
vt 0.916008 0.007099
vt 0.916095 0.005536
vt 0.954741 0.236625
vt 0.955455 0.237096
vt 0.953905 0.236413
vt 0.218852 0.908532
vt 0.219697 0.908613
vt 0.218134 0.908299
vt 0.634625 0.717050
vt 0.634093 0.717733
vt 0.634909 0.716285
vt 0.520731 0.199946
vt 0.520230 0.200399
vt 0.521447 0.199545
vt 0.522269 0.199258
vt 0.523071 0.199129
vt 0.916191 0.005054
vt 0.875231 0.005084
vt 0.541258 0.183490
vt 0.541140 0.182661
vt 0.205990 0.762653
vt 0.206833 0.762046
vt 0.207549 0.760318
vt 0.208027 0.757731
vt 0.714174 0.450495
vt 0.715851 0.450750
vt 0.835979 0.436384
vt 0.835654 0.435573
vt 0.690930 0.459793
vt 0.691225 0.460601
vt 0.207548 0.806082
vt 0.208026 0.805924
vt 0.206833 0.806188
vt 0.205989 0.806225
vt 0.626451 0.485577
vt 0.626801 0.486363
vt 0.207548 0.939864
vt 0.208026 0.939610
vt 0.206832 0.940034
vt 0.205988 0.940094
vt 0.218785 0.924609
vt 0.219629 0.924752
vt 0.633396 0.718228
vt 0.625107 0.704876
vt 0.624311 0.705230
vt 0.625785 0.704404
vt 0.626243 0.703887
vt 0.621412 0.491134
vt 0.621893 0.491776
vt 0.625863 0.484944
vt 0.620714 0.490624
vt 0.206832 0.951384
vt 0.207547 0.951053
vt 0.205988 0.951500
vt 0.623519 0.705413
vt 0.619501 0.686618
vt 0.618692 0.686733
vt 0.620347 0.686457
vt 0.621101 0.686275
vt 0.621647 0.686100
vt 0.618914 0.500287
vt 0.619485 0.500600
vt 0.618140 0.500054
vt 0.619905 0.490322
vt 0.617281 0.499938
vt 0.619109 0.490274
vt 0.616467 0.499955
vt 0.619894 0.675124
vt 0.620463 0.675157
vt 0.619121 0.675129
vt 0.618263 0.675172
vt 0.617449 0.675246
vt 0.432104 0.494902
vt 0.431245 0.494961
vt 0.431245 0.534022
vt 0.432104 0.533793
vt 0.865675 0.435573
vt 0.944588 0.436101
vt 0.944137 0.435619
vt 0.944889 0.436820
vt 0.944995 0.437665
vt 0.206832 0.495953
vt 0.205988 0.496415
vt 0.673984 0.005347
vt 0.687985 0.059191
vt 0.688802 0.059343
vt 0.687122 0.058674
vt 0.686344 0.057872
vt 0.685771 0.056906
vt 0.668040 0.190032
vt 0.668478 0.190886
vt 0.683229 0.175394
vt 0.683124 0.174182
vt 0.669141 0.191595
vt 0.683610 0.176404
vt 0.974753 0.436735
vt 0.974846 0.436016
vt 0.974720 0.437581
vt 0.687316 0.161055
vt 0.686755 0.161411
vt 0.688083 0.160737
vt 0.684208 0.177060
vt 0.688939 0.160505
vt 0.684933 0.177262
vt 0.689754 0.160395
vt 0.794971 0.253867
vt 0.966549 0.396574
vt 0.205988 0.495689
vt 0.833169 0.412383
vt 0.994947 0.399482
vt 0.613780 0.394689
vt 0.565679 0.354692
vt 0.560035 0.197630
vt 0.560193 0.199170
vt 0.560210 0.200523
vt 0.559885 0.207524
vt 0.529385 0.329974
vt 0.550610 0.016770
vt 0.559415 0.194921
vt 0.559762 0.196138
vt 0.557780 0.191254
vt 0.556484 0.188218
vt 0.557141 0.189634
vt 0.555500 0.186802
vt 0.555907 0.187224
vt 0.525463 0.025816
vt 0.554262 0.222378
vt 0.555303 0.220214
vt 0.554804 0.221408
vt 0.455807 0.279833
vt 0.459677 0.049470
vt 0.447785 0.267140
vt 0.454485 0.054725
vt 0.444114 0.249187
vt 0.451617 0.063476
vt 0.443500 0.238197
s 1
f 21/1/21 26/2/26 27/3/27 24/4/24
f 24/4/24 27/3/27 28/5/28 25/6/25
f 26/2/26 36/7/36 39/8/39 27/3/27
f 27/3/27 39/8/39 29/9/29 28/5/28
f 22/10/22 32/11/32 33/12/33 30/13/30
f 30/13/30 33/12/33 34/14/34 31/15/31
f 32/11/32 25/16/25 28/17/28 33/12/33
f 33/12/33 28/17/28 29/18/29 34/14/34
f 23/19/23 37/20/37 38/21/38 35/22/35
f 35/22/35 38/21/38 39/8/39 36/7/36
f 37/20/37 31/23/31 34/24/34 38/21/38
f 38/21/38 34/24/34 29/9/29 39/8/39
f 60/25/60 66/26/66 67/27/67 64/28/64
f 64/28/64 67/27/67 68/29/68 65/30/65
f 66/26/66 81/31/81 84/32/84 67/27/67
f 67/27/67 84/32/84 69/33/69 68/29/68
f 61/34/61 72/35/72 73/36/73 70/37/70
f 70/37/70 73/36/73 74/38/74 71/39/71
f 72/35/72 65/30/65 68/29/68 73/36/73
f 73/36/73 68/29/68 69/33/69 74/38/74
f 62/40/62 77/41/77 78/42/78 75/43/75
f 75/43/75 78/42/78 79/44/79 76/45/76
f 77/41/77 71/46/71 74/47/74 78/42/78
f 78/42/78 74/47/74 69/48/69 79/44/79
f 63/49/63 82/50/82 83/51/83 80/52/80
f 80/52/80 83/51/83 84/53/84 81/54/81
f 82/50/82 76/45/76 79/44/79 83/51/83
f 83/51/83 79/44/79 69/48/69 84/53/84
f 85/55/85 91/56/91 92/57/92 89/58/89
f 89/58/89 92/57/92 93/59/93 90/60/90
f 91/56/91 106/61/106 109/62/109 92/57/92
f 92/57/92 109/62/109 94/63/94 93/59/93
f 86/64/86 97/65/97 98/66/98 95/67/95
f 95/68/95 98/69/98 99/70/99 96/71/96
f 97/65/97 90/60/90 93/59/93 98/66/98
f 98/66/98 93/59/93 94/63/94 99/72/99
f 87/73/87 102/74/102 103/75/103 100/76/100
f 100/76/100 103/75/103 104/77/104 101/78/101
f 102/74/102 96/71/96 99/70/99 103/75/103
f 103/75/103 99/70/99 94/79/94 104/77/104
f 88/80/88 107/81/107 108/82/108 105/83/105
f 105/83/105 108/82/108 109/84/109 106/85/106
f 107/81/107 101/78/101 104/77/104 108/82/108
f 108/82/108 104/77/104 94/79/94 109/84/109
f 120/86/120 126/87/126 127/88/127 124/89/124
f 124/89/124 127/88/127 128/90/128 125/91/125
f 126/87/126 141/92/141 144/93/144 127/88/127
f 127/88/127 144/93/144 129/94/129 128/90/128
f 121/95/121 132/96/132 133/97/133 130/98/130
f 130/98/130 133/97/133 134/99/134 131/100/131
f 132/96/132 125/101/125 128/102/128 133/97/133
f 133/97/133 128/102/128 129/103/129 134/99/134
f 122/104/122 137/105/137 138/106/138 135/107/135
f 135/107/135 138/106/138 139/108/139 136/109/136
f 137/105/137 131/100/131 134/99/134 138/106/138
f 138/106/138 134/99/134 129/103/129 139/108/139
f 123/110/123 142/111/142 143/112/143 140/113/140
f 140/113/140 143/112/143 144/93/144 141/92/141
f 142/111/142 136/114/136 139/115/139 143/112/143
f 143/112/143 139/115/139 129/94/129 144/93/144
f 165/116/165 171/117/171 172/118/172 169/119/169
f 169/119/169 172/118/172 173/120/173 170/121/170
f 171/117/171 186/122/186 189/123/189 172/118/172
f 172/118/172 189/123/189 174/124/174 173/120/173
f 166/125/166 177/126/177 178/127/178 175/128/175
f 175/128/175 178/127/178 179/129/179 176/130/176
f 177/126/177 170/131/170 173/132/173 178/127/178
f 178/127/178 173/132/173 174/133/174 179/129/179
f 167/134/167 182/135/182 183/136/183 180/137/180
f 180/137/180 183/136/183 184/138/184 181/139/181
f 182/135/182 176/130/176 179/129/179 183/136/183
f 183/136/183 179/129/179 174/133/174 184/138/184
f 168/140/168 187/141/187 188/142/188 185/143/185
f 185/143/185 188/142/188 189/123/189 186/122/186
f 187/141/187 181/144/181 184/145/184 188/142/188
f 188/142/188 184/145/184 174/124/174 189/123/189
f 195/146/195 201/147/201 202/148/202 199/149/199
f 199/149/199 202/148/202 203/150/203 200/151/200
f 201/147/201 216/152/216 219/153/219 202/148/202
f 202/148/202 219/153/219 204/154/204 203/150/203
f 196/155/196 207/156/207 208/157/208 205/158/205
f 205/159/205 208/160/208 209/161/209 206/162/206
f 207/156/207 200/151/200 203/150/203 208/157/208
f 208/160/208 203/163/203 204/164/204 209/161/209
f 197/165/197 212/166/212 213/167/213 210/168/210
f 210/168/210 213/167/213 214/169/214 211/170/211
f 212/166/212 206/162/206 209/161/209 213/167/213
f 213/167/213 209/161/209 204/164/204 214/169/214
f 198/171/198 217/172/217 218/173/218 215/174/215
f 215/174/215 218/173/218 219/175/219 216/176/216
f 217/172/217 211/170/211 214/169/214 218/173/218
f 218/173/218 214/169/214 204/164/204 219/175/219
f 220/177/220 226/178/226 227/179/227 224/180/224
f 224/180/224 227/179/227 228/181/228 225/182/225
f 226/178/226 241/183/241 244/184/244 227/179/227
f 227/179/227 244/184/244 229/185/229 228/181/228
f 221/186/221 232/187/232 233/188/233 230/189/230
f 230/190/230 233/191/233 234/192/234 231/193/231
f 232/194/232 225/182/225 228/181/228 233/195/233
f 233/195/233 228/181/228 229/185/229 234/196/234
f 222/197/222 237/198/237 238/199/238 235/200/235
f 235/200/235 238/199/238 239/201/239 236/202/236
f 237/198/237 231/193/231 234/192/234 238/199/238
f 238/199/238 234/192/234 229/203/229 239/201/239
f 223/204/223 242/205/242 243/206/243 240/207/240
f 240/207/240 243/206/243 244/208/244 241/209/241
f 242/205/242 236/202/236 239/201/239 243/206/243
f 243/206/243 239/201/239 229/203/229 244/208/244
f 260/210/260 266/211/266 267/212/267 264/213/264
f 264/213/264 267/212/267 268/214/268 265/215/265
f 266/211/266 281/216/281 284/217/284 267/212/267
f 267/212/267 284/217/284 269/218/269 268/214/268
f 261/219/261 272/220/272 273/221/273 270/222/270
f 270/222/270 273/221/273 274/223/274 271/224/271
f 272/220/272 265/225/265 268/226/268 273/221/273
f 273/221/273 268/226/268 269/227/269 274/223/274
f 262/228/262 277/229/277 278/230/278 275/231/275
f 275/231/275 278/230/278 279/232/279 276/233/276
f 277/229/277 271/224/271 274/223/274 278/230/278
f 278/230/278 274/223/274 269/227/269 279/232/279
f 263/234/263 282/235/282 283/236/283 280/237/280
f 280/237/280 283/236/283 284/238/284 281/239/281
f 282/240/282 276/233/276 279/232/279 283/241/283
f 283/236/283 279/242/279 269/243/269 284/238/284
f 285/244/285 290/245/290 291/246/291 288/247/288
f 288/247/288 291/246/291 292/248/292 289/249/289
f 290/245/290 300/250/300 303/251/303 291/246/291
f 291/246/291 303/251/303 293/252/293 292/248/292
f 286/253/286 296/254/296 297/255/297 294/256/294
f 294/256/294 297/255/297 298/257/298 295/258/295
f 296/254/296 289/259/289 292/260/292 297/255/297
f 297/255/297 292/260/292 293/261/293 298/257/298
f 287/262/287 301/263/301 302/264/302 299/265/299
f 299/265/299 302/264/302 303/251/303 300/250/300
f 301/263/301 295/266/295 298/267/298 302/264/302
f 302/264/302 298/267/298 293/252/293 303/251/303
f 344/268/344 349/269/349 350/270/350 347/271/347
f 347/271/347 350/270/350 351/272/351 348/273/348
f 349/274/349 359/275/359 362/276/362 350/277/350
f 350/270/350 362/278/362 352/279/352 351/272/351
f 345/280/345 355/281/355 356/282/356 353/283/353
f 353/283/353 356/282/356 357/284/357 354/285/354
f 355/281/355 348/286/348 351/287/351 356/282/356
f 356/282/356 351/287/351 352/288/352 357/284/357
f 346/289/346 360/290/360 361/291/361 358/292/358
f 358/292/358 361/291/361 362/276/362 359/275/359
f 360/290/360 354/293/354 357/294/357 361/291/361
f 361/291/361 357/294/357 352/295/352 362/276/362
f 398/296/398 403/297/403 404/298/404 401/299/401
f 401/299/401 404/298/404 405/300/405 402/301/402
f 403/302/403 413/303/413 416/304/416 404/305/404
f 404/298/404 416/306/416 406/307/406 405/300/405
f 399/308/399 409/309/409 410/310/410 407/311/407
f 407/311/407 410/310/410 411/312/411 408/313/408
f 409/309/409 402/301/402 405/300/405 410/310/410
f 410/310/410 405/300/405 406/307/406 411/312/411
f 400/314/400 414/315/414 415/316/415 412/317/412
f 412/317/412 415/316/415 416/304/416 413/303/413
f 414/315/414 408/318/408 411/319/411 415/316/415
f 415/316/415 411/319/411 406/320/406 416/304/416
f 437/321/437 443/322/443 444/323/444 441/324/441
f 441/324/441 444/323/444 445/325/445 442/326/442
f 443/322/443 458/327/458 461/328/461 444/323/444
f 444/323/444 461/328/461 446/329/446 445/325/445
f 438/330/438 449/331/449 450/332/450 447/333/447
f 447/333/447 450/332/450 451/334/451 448/335/448
f 449/331/449 442/336/442 445/337/445 450/332/450
f 450/332/450 445/337/445 446/338/446 451/334/451
f 439/339/439 454/340/454 455/341/455 452/342/452
f 452/342/452 455/341/455 456/343/456 453/344/453
f 454/340/454 448/335/448 451/334/451 455/341/455
f 455/341/455 451/334/451 446/338/446 456/343/456
f 440/345/440 459/346/459 460/347/460 457/348/457
f 457/349/457 460/350/460 461/328/461 458/327/458
f 459/346/459 453/344/453 456/343/456 460/347/460
f 460/347/460 456/343/456 446/338/446 461/351/461
f 462/352/462 468/353/468 469/354/469 466/355/466
f 466/355/466 469/354/469 470/356/470 467/357/467
f 468/353/468 483/358/483 486/359/486 469/354/469
f 469/354/469 486/359/486 471/360/471 470/356/470
f 463/361/463 474/362/474 475/363/475 472/364/472
f 472/364/472 475/363/475 476/365/476 473/366/473
f 474/362/474 467/357/467 470/356/470 475/363/475
f 475/363/475 470/356/470 471/360/471 476/365/476
f 464/367/464 479/368/479 480/369/480 477/370/477
f 477/370/477 480/369/480 481/371/481 478/372/478
f 479/368/479 473/366/473 476/365/476 480/369/480
f 480/369/480 476/365/476 471/360/471 481/371/481
f 465/373/465 484/374/484 485/375/485 482/376/482
f 482/376/482 485/375/485 486/359/486 483/358/483
f 484/374/484 478/372/478 481/371/481 485/375/485
f 485/375/485 481/371/481 471/360/471 486/359/486
f 497/377/497 503/378/503 504/379/504 501/380/501
f 501/380/501 504/379/504 505/381/505 502/382/502
f 503/378/503 518/383/518 521/384/521 504/379/504
f 504/379/504 521/384/521 506/385/506 505/381/505
f 498/386/498 509/387/509 510/388/510 507/389/507
f 507/389/507 510/388/510 511/390/511 508/391/508
f 509/387/509 502/382/502 505/381/505 510/388/510
f 510/388/510 505/381/505 506/385/506 511/390/511
f 499/392/499 514/393/514 515/394/515 512/395/512
f 512/395/512 515/394/515 516/396/516 513/397/513
f 514/393/514 508/391/508 511/390/511 515/394/515
f 515/394/515 511/390/511 506/385/506 516/396/516
f 500/398/500 519/399/519 520/400/520 517/401/517
f 517/401/517 520/400/520 521/384/521 518/383/518
f 519/399/519 513/397/513 516/396/516 520/400/520
f 520/400/520 516/396/516 506/385/506 521/384/521
f 542/402/542 548/403/548 549/404/549 546/405/546
f 546/406/546 549/407/549 550/408/550 547/409/547
f 548/403/548 563/410/563 566/411/566 549/404/549
f 549/404/549 566/411/566 551/412/551 550/413/550
f 543/414/543 554/415/554 555/416/555 552/417/552
f 552/417/552 555/416/555 556/418/556 553/419/553
f 554/415/554 547/409/547 550/408/550 555/416/555
f 555/416/555 550/408/550 551/420/551 556/418/556
f 544/421/544 559/422/559 560/423/560 557/424/557
f 557/424/557 560/423/560 561/425/561 558/426/558
f 559/422/559 553/427/553 556/428/556 560/423/560
f 560/423/560 556/428/556 551/412/551 561/425/561
f 545/429/545 564/430/564 565/431/565 562/432/562
f 562/432/562 565/431/565 566/411/566 563/410/563
f 564/430/564 558/426/558 561/425/561 565/431/565
f 565/431/565 561/425/561 551/412/551 566/411/566
f 572/433/572 578/434/578 579/435/579 576/436/576
f 576/436/576 579/435/579 580/437/580 577/438/577
f 578/434/578 593/439/593 596/440/596 579/435/579
f 579/435/579 596/440/596 581/441/581 580/437/580
f 573/442/573 584/443/584 585/444/585 582/445/582
f 582/445/582 585/444/585 586/446/586 583/447/583
f 584/443/584 577/448/577 580/449/580 585/444/585
f 585/450/585 580/437/580 581/441/581 586/451/586
f 574/452/574 589/453/589 590/454/590 587/455/587
f 587/456/587 590/457/590 591/458/591 588/459/588
f 589/460/589 583/447/583 586/446/586 590/461/590
f 590/457/590 586/451/586 581/441/581 591/458/591
f 575/462/575 594/463/594 595/464/595 592/465/592
f 592/465/592 595/464/595 596/440/596 593/439/593
f 594/463/594 588/459/588 591/458/591 595/464/595
f 595/464/595 591/458/591 581/441/581 596/440/596
f 597/466/597 603/467/603 604/468/604 601/469/601
f 601/469/601 604/468/604 605/470/605 602/471/602
f 603/467/603 618/472/618 621/473/621 604/468/604
f 604/468/604 621/473/621 606/474/606 605/470/605
f 598/475/598 609/476/609 610/477/610 607/478/607
f 607/478/607 610/477/610 611/479/611 608/480/608
f 609/476/609 602/481/602 605/482/605 610/477/610
f 610/477/610 605/482/605 606/483/606 611/479/611
f 599/484/599 614/485/614 615/486/615 612/487/612
f 612/487/612 615/486/615 616/488/616 613/489/613
f 614/485/614 608/480/608 611/479/611 615/486/615
f 615/486/615 611/479/611 606/483/606 616/488/616
f 600/490/600 619/491/619 620/492/620 617/493/617
f 617/494/617 620/495/620 621/473/621 618/472/618
f 619/491/619 613/489/613 616/488/616 620/492/620
f 620/492/620 616/488/616 606/483/606 621/496/621
f 637/497/637 643/498/643 644/499/644 641/500/641
f 641/500/641 644/499/644 645/501/645 642/502/642
f 643/498/643 658/503/658 661/504/661 644/499/644
f 644/499/644 661/504/661 646/505/646 645/501/645
f 638/506/638 649/507/649 650/508/650 647/509/647
f 647/509/647 650/508/650 651/510/651 648/511/648
f 649/507/649 642/512/642 645/513/645 650/508/650
f 650/508/650 645/513/645 646/514/646 651/510/651
f 639/515/639 654/516/654 655/517/655 652/518/652
f 652/518/652 655/517/655 656/519/656 653/520/653
f 654/516/654 648/511/648 651/510/651 655/517/655
f 655/517/655 651/510/651 646/514/646 656/519/656
f 640/521/640 659/522/659 660/523/660 657/524/657
f 657/524/657 660/523/660 661/525/661 658/526/658
f 659/522/659 653/520/653 656/519/656 660/523/660
f 660/523/660 656/519/656 646/514/646 661/525/661
f 662/527/662 667/528/667 668/529/668 665/530/665
f 665/530/665 668/529/668 669/531/669 666/532/666
f 667/528/667 677/533/677 680/534/680 668/529/668
f 668/529/668 680/534/680 670/535/670 669/531/669
f 663/536/663 673/537/673 674/538/674 671/539/671
f 671/539/671 674/538/674 675/540/675 672/541/672
f 673/537/673 666/532/666 669/531/669 674/538/674
f 674/538/674 669/531/669 670/535/670 675/540/675
f 664/542/664 678/543/678 679/544/679 676/545/676
f 676/546/676 679/547/679 680/534/680 677/533/677
f 678/543/678 672/548/672 675/549/675 679/544/679
f 679/547/679 675/540/675 670/535/670 680/534/680
f 721/550/721 726/551/726 727/552/727 724/553/724
f 724/553/724 727/552/727 728/554/728 725/555/725
f 726/551/726 736/556/736 739/557/739 727/552/727
f 727/552/727 739/557/739 729/558/729 728/554/728
f 722/559/722 732/560/732 733/561/733 730/562/730
f 730/562/730 733/561/733 734/563/734 731/564/731
f 732/560/732 725/555/725 728/554/728 733/561/733
f 733/561/733 728/554/728 729/558/729 734/563/734
f 723/565/723 737/566/737 738/567/738 735/568/735
f 735/568/735 738/567/738 739/557/739 736/556/736
f 737/566/737 731/564/731 734/563/734 738/567/738
f 738/567/738 734/563/734 729/558/729 739/557/739
f 2/569/2 5/570/5 13/571/13 11/572/11
f 5/570/5 4/573/4 14/574/14 13/571/13
f 4/573/4 3/575/3 15/576/15 14/574/14
f 3/577/3 1/578/1 12/579/12 15/580/15
f 1/578/1 3/577/3 8/581/8 6/582/6
f 3/575/3 4/573/4 9/583/9 8/584/8
f 4/573/4 5/570/5 10/585/10 9/583/9
f 5/570/5 2/569/2 7/586/7 10/585/10
f 6/582/6 8/581/8 18/587/18 16/588/16
f 8/584/8 9/583/9 19/589/19 18/590/18
f 9/583/9 10/585/10 20/591/20 19/589/19
f 10/585/10 7/586/7 17/592/17 20/591/20
f 11/572/11 13/571/13 32/11/32 22/10/22
f 13/571/13 14/574/14 25/16/25 32/11/32
f 14/574/14 15/576/15 24/593/24 25/16/25
f 15/594/15 12/595/12 21/1/21 24/4/24
f 16/596/16 18/597/18 42/598/42 40/599/40
f 18/597/18 19/600/19 43/601/43 42/598/42
f 19/589/19 20/591/20 44/602/44 43/603/43
f 20/591/20 17/592/17 41/604/41 44/602/44
f 22/10/22 30/13/30 47/605/47 45/606/45
f 30/13/30 31/15/31 48/607/48 47/605/47
f 31/23/31 37/20/37 49/608/49 48/609/48
f 37/20/37 23/19/23 46/610/46 49/608/49
f 40/599/40 42/598/42 52/611/52 50/612/50
f 42/598/42 43/601/43 53/613/53 52/611/52
f 43/603/43 44/602/44 54/614/54 53/615/53
f 44/602/44 41/604/41 51/616/51 54/614/54
f 45/606/45 47/605/47 57/617/57 55/618/55
f 47/605/47 48/607/48 58/619/58 57/617/57
f 48/609/48 49/608/49 59/620/59 58/621/58
f 49/608/49 46/610/46 56/622/56 59/620/59
f 50/612/50 52/611/52 66/26/66 60/25/60
f 52/611/52 53/613/53 81/31/81 66/26/66
f 53/615/53 54/614/54 80/52/80 81/54/81
f 54/614/54 51/616/51 63/49/63 80/52/80
f 61/623/61 70/624/70 91/56/91 85/55/85
f 70/37/70 71/39/71 106/625/106 91/626/91
f 71/46/71 77/41/77 105/83/105 106/85/106
f 77/41/77 62/40/62 88/80/88 105/83/105
f 55/618/55 57/617/57 112/627/112 110/628/110
f 57/617/57 58/619/58 113/629/113 112/627/112
f 58/621/58 59/620/59 114/630/114 113/631/113
f 59/620/59 56/622/56 111/632/111 114/630/114
f 86/64/86 95/67/95 117/633/117 115/634/115
f 95/68/95 96/71/96 118/635/118 117/636/117
f 96/71/96 102/74/102 119/637/119 118/635/118
f 102/74/102 87/73/87 116/638/116 119/637/119
f 115/634/115 117/633/117 152/639/152 150/640/150
f 117/636/117 118/635/118 153/641/153 152/642/152
f 118/635/118 119/637/119 154/643/154 153/641/153
f 119/637/119 116/638/116 151/644/151 154/643/154
f 150/645/150 152/646/152 157/647/157 155/648/155
f 152/646/152 153/649/153 158/650/158 157/647/157
f 153/641/153 154/643/154 159/651/159 158/652/158
f 154/643/154 151/644/151 156/653/156 159/651/159
f 120/86/120 124/89/124 162/654/162 160/655/160
f 124/656/124 125/101/125 163/657/163 162/658/162
f 125/101/125 132/96/132 164/659/164 163/657/163
f 132/96/132 121/95/121 161/660/161 164/659/164
f 122/104/122 135/107/135 177/126/177 166/125/166
f 135/107/135 136/109/136 170/131/170 177/126/177
f 136/114/136 142/111/142 169/661/169 170/662/170
f 142/111/142 123/110/123 165/663/165 169/661/169
f 110/628/110 112/627/112 192/664/192 190/665/190
f 112/627/112 113/629/113 193/666/193 192/664/192
f 113/631/113 114/630/114 194/667/194 193/668/193
f 114/630/114 111/632/111 191/669/191 194/667/194
f 160/670/160 162/671/162 201/147/201 195/146/195
f 162/671/162 163/672/163 216/152/216 201/147/201
f 163/657/163 164/659/164 215/174/215 216/176/216
f 164/659/164 161/660/161 198/171/198 215/174/215
f 196/155/196 205/158/205 226/178/226 220/177/220
f 205/159/205 206/162/206 241/209/241 226/673/226
f 206/162/206 212/166/212 240/207/240 241/209/241
f 212/166/212 197/165/197 223/204/223 240/207/240
f 167/134/167 180/137/180 247/674/247 245/675/245
f 180/137/180 181/139/181 248/676/248 247/674/247
f 181/144/181 187/141/187 249/677/249 248/678/248
f 187/141/187 168/140/168 246/679/246 249/677/249
f 190/665/190 192/664/192 252/680/252 250/681/250
f 192/664/192 193/666/193 253/682/253 252/680/252
f 193/668/193 194/667/194 254/683/254 253/684/253
f 194/667/194 191/669/191 251/685/251 254/683/254
f 221/186/221 230/189/230 257/686/257 255/687/255
f 230/190/230 231/193/231 258/688/258 257/689/257
f 231/193/231 237/198/237 259/690/259 258/688/258
f 237/198/237 222/197/222 256/691/256 259/690/259
f 245/675/245 247/674/247 272/220/272 261/219/261
f 247/674/247 248/676/248 265/225/265 272/220/272
f 248/678/248 249/677/249 264/213/264 265/215/265
f 249/677/249 246/679/246 260/210/260 264/213/264
f 255/687/255 257/686/257 282/235/282 263/234/263
f 257/689/257 258/688/258 276/233/276 282/240/282
f 258/688/258 259/690/259 275/231/275 276/233/276
f 259/690/259 256/691/256 262/228/262 275/231/275
f 146/692/146 149/693/149 296/254/296 286/253/286
f 149/693/149 148/694/148 289/259/289 296/254/296
f 148/695/148 147/696/147 288/247/288 289/249/289
f 147/696/147 145/697/145 285/244/285 288/247/288
f 145/697/145 147/696/147 306/698/306 304/699/304
f 147/696/147 148/695/148 307/700/307 306/698/306
f 148/694/148 149/693/149 308/701/308 307/702/307
f 149/693/149 146/692/146 305/703/305 308/701/308
f 304/699/304 306/698/306 311/704/311 309/705/309
f 306/698/306 307/700/307 312/706/312 311/704/311
f 307/702/307 308/701/308 313/707/313 312/708/312
f 308/701/308 305/703/305 310/709/310 313/707/313
f 250/681/250 252/680/252 316/710/316 314/711/314
f 252/680/252 253/682/253 317/712/317 316/710/316
f 253/684/253 254/683/254 318/713/318 317/714/317
f 254/683/254 251/685/251 315/715/315 318/713/318
f 309/705/309 311/704/311 321/716/321 319/717/319
f 311/704/311 312/706/312 322/718/322 321/716/321
f 312/708/312 313/707/313 323/719/323 322/720/322
f 313/707/313 310/709/310 320/721/320 323/719/323
f 314/711/314 316/710/316 326/722/326 324/723/324
f 316/710/316 317/712/317 327/724/327 326/722/326
f 317/712/317 318/725/318 328/726/328 327/724/327
f 318/727/318 315/728/315 325/729/325 328/730/328
f 319/731/319 321/732/321 331/733/331 329/734/329
f 321/735/321 322/720/322 332/736/332 331/737/331
f 322/720/322 323/719/323 333/738/333 332/736/332
f 323/719/323 320/721/320 330/739/330 333/738/333
f 329/734/329 331/733/331 336/740/336 334/741/334
f 331/737/331 332/736/332 337/742/337 336/743/336
f 332/736/332 333/738/333 338/744/338 337/742/337
f 333/738/333 330/739/330 335/745/335 338/744/338
f 324/723/324 326/722/326 338/744/338 335/745/335
f 326/722/326 327/724/327 337/742/337 338/744/338
f 327/724/327 328/726/328 336/743/336 337/742/337
f 328/730/328 325/729/325 334/741/334 336/740/336
f 155/648/155 157/647/157 341/746/341 339/747/339
f 157/647/157 158/650/158 342/748/342 341/746/341
f 158/652/158 159/651/159 343/749/343 342/750/342
f 159/651/159 156/653/156 340/751/340 343/749/343
f 286/253/286 294/256/294 355/281/355 345/280/345
f 294/256/294 295/258/295 348/286/348 355/281/355
f 295/258/295 301/752/301 347/753/347 348/286/348
f 301/263/301 287/262/287 344/268/344 347/271/347
f 345/280/345 353/283/353 365/754/365 363/755/363
f 353/283/353 354/285/354 366/756/366 365/754/365
f 354/293/354 360/290/360 367/757/367 366/758/366
f 360/290/360 346/289/346 364/759/364 367/757/367
f 339/747/339 341/746/341 370/760/370 368/761/368
f 341/746/341 342/748/342 371/762/371 370/760/370
f 342/750/342 343/749/343 372/763/372 371/764/371
f 343/749/343 340/751/340 369/765/369 372/763/372
f 368/766/368 370/767/370 375/768/375 373/769/373
f 370/760/370 371/762/371 376/770/376 375/771/375
f 371/764/371 372/763/372 377/772/377 376/773/376
f 372/763/372 369/765/369 374/774/374 377/772/377
f 363/755/363 365/754/365 377/772/377 374/774/374
f 365/754/365 366/756/366 376/773/376 377/772/377
f 366/756/366 367/775/367 375/776/375 376/773/376
f 367/757/367 364/759/364 373/769/373 375/768/375
f 379/777/379 382/778/382 390/779/390 388/780/388
f 382/778/382 381/781/381 391/782/391 390/779/390
f 381/781/381 380/783/380 392/784/392 391/782/391
f 380/783/380 378/785/378 389/786/389 392/784/392
f 378/785/378 380/783/380 385/787/385 383/788/383
f 380/783/380 381/781/381 386/789/386 385/787/385
f 381/781/381 382/778/382 387/790/387 386/789/386
f 382/778/382 379/777/379 384/791/384 387/790/387
f 383/788/383 385/787/385 395/792/395 393/793/393
f 385/787/385 386/789/386 396/794/396 395/792/395
f 386/789/386 387/790/387 397/795/397 396/794/396
f 387/790/387 384/791/384 394/796/394 397/795/397
f 388/780/388 390/779/390 403/302/403 398/797/398
f 390/779/390 391/782/391 413/303/413 403/302/403
f 391/782/391 392/784/392 412/317/412 413/303/413
f 392/784/392 389/786/389 400/314/400 412/317/412
f 393/793/393 395/792/395 419/798/419 417/799/417
f 395/792/395 396/794/396 420/800/420 419/798/419
f 396/794/396 397/795/397 421/801/421 420/800/420
f 397/802/397 394/803/394 418/804/418 421/805/421
f 399/308/399 407/311/407 424/806/424 422/807/422
f 407/311/407 408/313/408 425/808/425 424/806/424
f 408/313/408 414/809/414 426/810/426 425/808/425
f 414/315/414 400/314/400 423/811/423 426/812/426
f 417/799/417 419/798/419 429/813/429 427/814/427
f 419/798/419 420/800/420 430/815/430 429/813/429
f 420/816/420 421/805/421 431/817/431 430/818/430
f 421/805/421 418/804/418 428/819/428 431/817/431
f 422/807/422 424/806/424 434/820/434 432/821/432
f 424/806/424 425/808/425 435/822/435 434/820/434
f 425/823/425 426/824/426 436/825/436 435/826/435
f 426/824/426 423/827/423 433/828/433 436/825/436
f 427/814/427 429/813/429 449/331/449 438/330/438
f 429/813/429 430/815/430 442/336/442 449/331/449
f 430/818/430 431/817/431 441/324/441 442/326/442
f 431/817/431 428/819/428 437/321/437 441/324/441
f 439/339/439 452/342/452 474/362/474 463/361/463
f 452/342/452 453/344/453 467/357/467 474/362/474
f 453/344/453 459/346/459 466/355/466 467/357/467
f 459/346/459 440/345/440 462/352/462 466/355/466
f 432/821/432 434/820/434 489/829/489 487/830/487
f 434/820/434 435/822/435 490/831/490 489/829/489
f 435/826/435 436/825/436 491/832/491 490/833/490
f 436/825/436 433/828/433 488/834/488 491/832/491
f 464/367/464 477/370/477 494/835/494 492/836/492
f 477/370/477 478/372/478 495/837/495 494/835/494
f 478/372/478 484/374/484 496/838/496 495/837/495
f 484/374/484 465/373/465 493/839/493 496/838/496
f 492/836/492 494/835/494 529/840/529 527/841/527
f 494/835/494 495/837/495 530/842/530 529/840/529
f 495/837/495 496/838/496 531/843/531 530/842/530
f 496/838/496 493/839/493 528/844/528 531/843/531
f 527/841/527 529/840/529 534/845/534 532/846/532
f 529/840/529 530/842/530 535/847/535 534/845/534
f 530/848/530 531/849/531 536/850/536 535/851/535
f 531/849/531 528/852/528 533/853/533 536/850/536
f 500/398/500 517/401/517 539/854/539 537/855/537
f 517/401/517 518/383/518 540/856/540 539/854/539
f 518/383/518 503/378/503 541/857/541 540/856/540
f 503/378/503 497/377/497 538/858/538 541/857/541
f 498/386/498 507/389/507 548/403/548 542/402/542
f 507/389/507 508/391/508 563/410/563 548/403/548
f 508/391/508 514/393/514 562/432/562 563/410/563
f 514/393/514 499/392/499 545/429/545 562/432/562
f 487/830/487 489/829/489 569/859/569 567/860/567
f 489/829/489 490/831/490 570/861/570 569/859/569
f 490/833/490 491/832/491 571/862/571 570/863/570
f 491/832/491 488/834/488 568/864/568 571/862/571
f 537/855/537 539/854/539 584/443/584 573/442/573
f 539/854/539 540/856/540 577/448/577 584/443/584
f 540/856/540 541/857/541 576/865/576 577/448/577
f 541/857/541 538/858/538 572/866/572 576/865/576
f 574/452/574 587/455/587 609/476/609 598/475/598
f 587/456/587 588/459/588 602/471/602 609/867/609
f 588/459/588 594/463/594 601/469/601 602/471/602
f 594/463/594 575/462/575 597/466/597 601/469/601
f 543/414/543 552/417/552 624/868/624 622/869/622
f 552/417/552 553/419/553 625/870/625 624/868/624
f 553/427/553 559/422/559 626/871/626 625/872/625
f 559/422/559 544/421/544 623/873/623 626/871/626
f 567/860/567 569/859/569 629/874/629 627/875/627
f 569/859/569 570/861/570 630/876/630 629/874/629
f 570/863/570 571/862/571 631/877/631 630/878/630
f 571/862/571 568/864/568 628/879/628 631/877/631
f 599/484/599 612/487/612 634/880/634 632/881/632
f 612/487/612 613/489/613 635/882/635 634/880/634
f 613/489/613 619/491/619 636/883/636 635/882/635
f 619/491/619 600/490/600 633/884/633 636/883/636
f 622/869/622 624/868/624 643/498/643 637/497/637
f 624/868/624 625/870/625 658/503/658 643/498/643
f 625/870/625 626/885/626 657/886/657 658/503/658
f 626/887/626 623/888/623 640/521/640 657/524/657
f 632/881/632 634/880/634 654/516/654 639/515/639
f 634/880/634 635/882/635 648/511/648 654/516/654
f 635/882/635 636/883/636 647/509/647 648/511/648
f 636/883/636 633/884/633 638/506/638 647/509/647
f 523/889/523 526/890/526 667/528/667 662/527/662
f 526/890/526 525/891/525 677/533/677 667/528/667
f 525/891/525 524/892/524 676/546/676 677/533/677
f 524/893/524 522/894/522 664/895/664 676/896/676
f 522/894/522 524/893/524 683/897/683 681/898/681
f 524/892/524 525/891/525 684/899/684 683/900/683
f 525/891/525 526/890/526 685/901/685 684/899/684
f 526/890/526 523/889/523 682/902/682 685/901/685
f 681/898/681 683/897/683 688/903/688 686/904/686
f 683/900/683 684/899/684 689/905/689 688/906/688
f 684/899/684 685/901/685 690/907/690 689/905/689
f 685/901/685 682/902/682 687/908/687 690/907/690
f 627/875/627 629/874/629 693/909/693 691/910/691
f 629/911/629 630/878/630 694/912/694 693/913/693
f 630/878/630 631/877/631 695/914/695 694/912/694
f 631/877/631 628/879/628 692/915/692 695/914/695
f 686/904/686 688/903/688 698/916/698 696/917/696
f 688/903/688 689/918/689 699/919/699 698/916/698
f 689/905/689 690/907/690 700/920/700 699/921/699
f 690/907/690 687/908/687 697/922/697 700/920/700
f 691/923/691 693/913/693 703/924/703 701/925/701
f 693/913/693 694/912/694 704/926/704 703/924/703
f 694/912/694 695/914/695 705/927/705 704/926/704
f 695/914/695 692/915/692 702/928/702 705/927/705
f 696/917/696 698/916/698 708/929/708 706/930/706
f 698/916/698 699/919/699 709/931/709 708/929/708
f 699/919/699 700/932/700 710/933/710 709/931/709
f 700/932/700 697/934/697 707/935/707 710/933/710
f 706/930/706 708/929/708 713/936/713 711/937/711
f 708/929/708 709/931/709 714/938/714 713/936/713
f 709/931/709 710/933/710 715/939/715 714/938/714
f 710/933/710 707/935/707 712/940/712 715/939/715
f 701/925/701 703/924/703 715/939/715 712/940/712
f 703/924/703 704/926/704 714/938/714 715/939/715
f 704/926/704 705/927/705 713/936/713 714/938/714
f 705/927/705 702/928/702 711/937/711 713/936/713
f 532/941/532 534/942/534 718/943/718 716/944/716
f 534/945/534 535/851/535 719/946/719 718/947/718
f 535/851/535 536/850/536 720/948/720 719/946/719
f 536/850/536 533/853/533 717/949/717 720/948/720
f 663/536/663 671/539/671 726/950/726 721/951/721
f 671/952/671 672/548/672 736/556/736 726/551/726
f 672/548/672 678/543/678 735/568/735 736/556/736
f 678/543/678 664/542/664 723/565/723 735/568/735
f 722/559/722 730/562/730 742/953/742 740/954/740
f 730/562/730 731/564/731 743/955/743 742/953/742
f 731/564/731 737/566/737 744/956/744 743/955/743
f 737/566/737 723/565/723 741/957/741 744/956/744
f 716/958/716 718/959/718 747/960/747 745/961/745
f 718/959/718 719/962/719 748/963/748 747/960/747
f 719/946/719 720/948/720 749/964/749 748/965/748
f 720/948/720 717/949/717 746/966/746 749/964/749
f 745/961/745 747/960/747 752/967/752 750/968/750
f 747/960/747 748/963/748 753/969/753 752/967/752
f 748/963/748 749/970/749 754/971/754 753/969/753
f 749/970/749 746/972/746 751/973/751 754/971/754
f 740/954/740 742/953/742 754/971/754 751/973/751
f 742/953/742 743/955/743 753/969/753 754/971/754
f 743/955/743 744/956/744 752/967/752 753/969/753
f 744/956/744 741/957/741 750/968/750 752/967/752
f 23/19/23 35/22/35 409/309/409 399/308/399
f 35/22/35 36/7/36 402/301/402 409/309/409
f 36/7/36 26/2/26 401/299/401 402/301/402
f 26/2/26 21/1/21 398/296/398 401/299/401
f 60/25/60 64/28/64 443/322/443 437/321/437
f 64/28/64 65/30/65 458/327/458 443/322/443
f 65/30/65 72/35/72 457/349/457 458/327/458
f 72/974/72 61/623/61 440/345/440 457/348/457
f 85/55/85 89/58/89 468/353/468 462/352/462
f 89/58/89 90/60/90 483/358/483 468/353/468
f 90/60/90 97/65/97 482/376/482 483/358/483
f 97/65/97 86/64/86 465/373/465 482/376/482
f 123/110/123 140/113/140 509/387/509 498/386/498
f 140/113/140 141/92/141 502/382/502 509/387/509
f 141/92/141 126/87/126 501/380/501 502/382/502
f 126/87/126 120/86/120 497/377/497 501/380/501
f 168/140/168 185/143/185 554/415/554 543/414/543
f 185/143/185 186/122/186 547/409/547 554/415/554
f 186/122/186 171/117/171 546/406/546 547/409/547
f 171/975/171 165/663/165 542/402/542 546/405/546
f 195/146/195 199/149/199 578/434/578 572/433/572
f 199/149/199 200/151/200 593/439/593 578/434/578
f 200/151/200 207/156/207 592/465/592 593/439/593
f 207/156/207 196/155/196 575/462/575 592/465/592
f 220/177/220 224/180/224 603/467/603 597/466/597
f 224/180/224 225/182/225 618/472/618 603/467/603
f 225/182/225 232/194/232 617/494/617 618/472/618
f 232/187/232 221/186/221 600/490/600 617/493/617
f 263/234/263 280/237/280 649/507/649 638/506/638
f 280/237/280 281/239/281 642/512/642 649/507/649
f 281/216/281 266/211/266 641/500/641 642/502/642
f 266/211/266 260/210/260 637/497/637 641/500/641
f 287/262/287 299/265/299 673/537/673 663/536/663
f 299/265/299 300/250/300 666/532/666 673/537/673
f 300/250/300 290/245/290 665/530/665 666/532/666
f 290/245/290 285/244/285 662/527/662 665/530/665
f 346/289/346 358/292/358 732/560/732 722/559/722
f 358/292/358 359/275/359 725/555/725 732/560/732
f 359/275/359 349/274/349 724/553/724 725/555/725
f 349/269/349 344/268/344 721/951/721 724/976/724
f 1/578/1 379/777/379 388/780/388 12/579/12
f 2/569/2 11/572/11 7/586/7
f 6/582/6 384/791/384 379/777/379 1/578/1
f 17/592/17 7/586/7 11/572/11
f 16/588/16 394/796/394 384/791/384 6/582/6
f 22/10/22 17/592/17 11/572/11
f 12/579/12 388/780/388 398/797/398 21/977/21
f 41/604/41 17/592/17 22/10/22
f 40/599/40 418/804/418 394/803/394 16/596/16
f 45/606/45 41/604/41 22/10/22
f 23/19/23 399/308/399 422/807/422 46/610/46
f 51/616/51 41/604/41 45/606/45
f 50/612/50 428/819/428 418/804/418 40/599/40
f 55/618/55 51/616/51 45/606/45
f 46/610/46 422/807/422 432/821/432 56/622/56
f 63/49/63 51/616/51 55/618/55 76/45/76 82/50/82
f 60/25/60 437/321/437 428/819/428 50/612/50
f 88/80/88 62/40/62 75/43/75 76/45/76 55/618/55
f 110/628/110 87/73/87 100/76/100 101/78/101 107/81/107 88/80/88 55/618/55
f 56/622/56 432/821/432 487/830/487 111/632/111
f 85/55/85 462/352/462 440/345/440 61/623/61
f 116/638/116 87/73/87 110/628/110
f 115/634/115 493/839/493 465/373/465 86/64/86
f 110/628/110 121/95/121 130/98/130 131/100/131 116/638/116
f 161/660/161 121/95/121 110/628/110
f 110/628/110 190/665/190 161/660/161
f 111/632/111 487/830/487 567/860/567 191/669/191
f 122/104/122 146/692/146 116/638/116 131/100/131 137/105/137
f 116/638/116 146/692/146 151/644/151
f 150/640/150 528/844/528 493/839/493 115/634/115
f 123/110/123 498/386/498 542/402/542 165/663/165
f 160/655/160 538/858/538 497/377/497 120/86/120
f 176/130/176 146/692/146 122/104/122 166/125/166 175/128/175
f 245/675/245 146/692/146 176/130/176 182/135/182 167/134/167
f 261/219/261 146/692/146 245/675/245
f 145/697/145 523/889/523 662/527/662 285/244/285
f 305/703/305 146/692/146 261/219/261 270/222/270 271/224/271
f 304/699/304 682/902/682 523/889/523 145/697/145
f 151/644/151 146/692/146 156/653/156
f 146/692/146 286/253/286 156/653/156
f 155/648/155 533/853/533 528/852/528 150/645/150
f 156/653/156 286/253/286 340/751/340
f 339/747/339 717/949/717 533/853/533 155/648/155
f 198/171/198 161/660/161 190/665/190 211/170/211 217/172/217
f 195/978/195 572/866/572 538/858/538 160/655/160
f 168/140/168 543/414/543 622/869/622 246/679/246
f 223/204/223 197/165/197 210/168/210 211/170/211 190/665/190
f 250/681/250 222/197/222 235/200/235 236/202/236 242/205/242 223/204/223 190/665/190
f 191/669/191 567/860/567 627/875/627 251/685/251
f 220/177/220 597/466/597 575/462/575 196/155/196
f 256/691/256 222/197/222 250/681/250
f 255/687/255 633/884/633 600/490/600 221/186/221
f 246/679/246 622/869/622 637/497/637 260/210/260
f 262/228/262 256/691/256 250/681/250
f 305/703/305 271/224/271 277/229/277 262/228/262 250/681/250
f 310/709/310 305/703/305 250/681/250
f 314/711/314 310/709/310 250/681/250
f 251/685/251 627/875/627 691/910/691 315/715/315
f 263/234/263 638/506/638 633/884/633 255/687/255
f 286/253/286 345/280/345 340/751/340
f 287/262/287 663/536/663 721/951/721 344/268/344
f 309/705/309 687/908/687 682/902/682 304/699/304
f 320/721/320 310/709/310 314/711/314
f 319/717/319 697/922/697 687/908/687 309/705/309
f 324/723/324 320/721/320 314/711/314
f 315/728/315 691/923/691 701/925/701 325/729/325
f 330/739/330 320/721/320 324/723/324
f 329/734/329 707/935/707 697/934/697 319/731/319
f 335/745/335 330/739/330 324/723/324
f 325/729/325 701/925/701 712/940/712 334/741/334
f 334/741/334 712/940/712 707/935/707 329/734/329
f 345/280/345 363/755/363 340/751/340
f 340/751/340 363/755/363 369/765/369
f 368/761/368 746/966/746 717/949/717 339/747/339
f 346/289/346 722/559/722 740/954/740 364/759/364
f 374/774/374 369/765/369 363/755/363
f 364/759/364 740/954/740 751/973/751 373/769/373
f 373/769/373 751/973/751 746/972/746 368/766/368
f 378/785/378 383/788/383 389/786/389
f 393/793/393 389/786/389 383/788/383
f 400/314/400 389/786/389 393/793/393
f 417/799/417 400/314/400 393/793/393
f 423/811/423 400/314/400 417/799/417
f 427/814/427 423/811/423 417/799/417
f 433/979/433 423/811/423 427/814/427
f 448/335/448 433/979/433 427/814/427 438/330/438 447/333/447
f 463/361/463 433/979/433 448/335/448 454/340/454 439/339/439
f 488/980/488 433/979/433 463/361/463 472/364/472 473/366/473 479/368/479 464/367/464
f 492/836/492 488/980/488 464/367/464
f 488/980/488 492/836/492 513/981/513 519/982/519 500/983/500
f 537/984/537 488/980/488 500/983/500
f 488/980/488 537/984/537 568/985/568
f 513/981/513 492/836/492 522/986/522 499/987/499 512/988/512
f 492/836/492 527/841/527 522/986/522
f 545/989/545 499/987/499 522/986/522 558/990/558 564/991/564
f 527/841/527 532/846/532 522/986/522
f 623/888/623 544/992/544 557/993/557 558/990/558 522/986/522
f 640/521/640 623/888/623 522/986/522
f 681/994/681 653/520/653 659/522/659 640/521/640 522/986/522
f 522/986/522 532/846/532 664/542/664
f 532/846/532 716/958/716 664/542/664
f 583/995/583 568/985/568 537/984/537 573/996/573 582/997/582
f 598/475/598 568/985/568 583/995/583 589/453/589 574/452/574
f 628/998/628 568/985/568 598/475/598 607/478/607 608/480/608 614/485/614 599/484/599
f 632/881/632 628/998/628 599/484/599
f 639/515/639 628/998/628 632/881/632
f 681/994/681 628/998/628 639/515/639 652/518/652 653/520/653
f 686/999/686 628/998/628 681/994/681
f 692/1000/692 628/998/628 686/999/686
f 664/542/664 716/958/716 723/565/723
f 696/1001/696 692/1000/692 686/999/686
f 702/1002/702 692/1000/692 696/1001/696
f 706/1003/706 702/1002/702 696/1001/696
f 711/1004/711 702/1002/702 706/1003/706
f 723/565/723 716/958/716 741/957/741
f 716/958/716 745/961/745 741/957/741
f 750/968/750 741/957/741 745/961/745
