# Blender 5.2.1 LTS
# www.blender.org
o content_introduction
v -1.641378 2.389189 0.179869
v -1.618987 2.457291 0.192608
v -1.663670 2.388248 0.196191
v -1.712135 2.389189 0.179869
v -1.689744 2.457291 0.192608
v -1.734427 2.388248 0.196191
v -1.817692 2.387687 0.179869
v -1.811158 2.394390 0.204869
v -1.766947 2.394415 0.179869
v -1.760642 2.387745 0.204869
v -1.787848 2.462677 0.179869
v -1.792475 2.471463 0.204869
v -1.801602 2.414274 0.179869
v -1.789052 2.454132 0.204869
v -1.776206 2.414274 0.204869
v -1.886593 2.442882 0.196885
v -1.856528 2.388083 0.197029
v -1.854954 2.447947 0.183174
v -1.936403 2.381467 0.191906
v -1.909420 2.468678 0.192369
v -1.940881 2.442642 0.192832
v -2.051945 2.414741 0.204869
v -2.070665 2.422381 0.179869
v -2.022414 2.458498 0.179869
v -2.034486 2.457990 0.204869
v -2.069400 2.482694 0.204869
v -2.115827 2.481673 0.179869
v -2.117089 2.475538 0.204869
v -2.117719 2.407543 0.185226
v -2.075513 2.465309 0.204869
v -2.040031 2.449448 0.179869
v -2.062906 2.424436 0.204869
v -2.100280 2.435976 0.204869
v -2.093055 2.440525 0.179869
v -2.112042 2.451596 0.179869
v -2.093300 2.457131 0.204869
v -2.083119 2.466988 0.179869
v -2.055128 2.375308 0.198619
v -2.060875 2.404475 0.187369
v -2.129563 2.378529 0.192369
v -2.152396 2.469250 0.192369
v -2.188477 2.481398 0.192964
v -2.224557 2.469250 0.190980
v -2.225904 2.441139 0.191076
v -2.242308 2.478605 0.199512
v -2.241672 2.416614 0.188693
v -2.160979 2.432938 0.179869
v -2.172709 2.458097 0.179869
v -2.199402 2.454357 0.204869
v -2.219420 2.430525 0.179869
v -2.217865 2.427154 0.204869
v -2.153002 2.428817 0.204869
v -2.170433 2.435460 0.204869
v -2.204161 2.436726 0.191826
v -2.172543 2.402949 0.192369
v -2.248062 2.406169 0.198619
v -2.242384 2.375126 0.187369
v -0.455657 2.394301 0.195494
v -0.240015 2.395408 0.179869
v -0.217624 2.463509 0.192608
v -0.262306 2.394467 0.196191
v -0.333063 2.394467 0.196191
v -0.288381 2.463509 0.192608
v -0.310772 2.395408 0.179869
v -0.416328 2.393905 0.179869
v -0.409794 2.400609 0.204869
v -0.359278 2.393963 0.204869
v -0.365583 2.400633 0.179869
v -0.386484 2.468896 0.179869
v -0.391111 2.477682 0.204869
v -0.400239 2.420492 0.179869
v -0.387688 2.460351 0.204869
v -0.374842 2.420492 0.204869
v -0.480926 2.449100 0.196046
v -0.455657 2.454166 0.184415
v -0.535039 2.387685 0.191906
v -0.508055 2.474897 0.192369
v -0.539517 2.448861 0.192832
v -0.677524 2.460541 0.179869
v -0.724251 2.434571 0.188202
v -0.676638 2.458848 0.204869
v -0.625147 2.396774 0.192369
v -0.679726 2.416524 0.192964
v -0.734427 2.396774 0.190980
v -0.831774 2.390234 0.189869
v -0.826551 2.468769 0.201023
v -0.834972 2.473855 0.188202
v -0.784233 2.435453 0.204869
v -0.765344 2.409746 0.179869
v -0.784039 2.470799 0.183130
v -0.430879 1.463648 0.204536
v -0.711870 1.458707 0.204519
v -0.707970 1.473738 0.204354
v -0.393967 1.476298 0.204869
v -0.390855 1.476196 0.203369
v -0.391890 1.468418 0.203869
v -0.400583 1.476298 0.204869
v -0.397471 1.476192 0.203369
v -0.398497 1.468398 0.203869
v -0.405984 1.476409 0.203869
v -0.416087 1.479810 0.203917
v -0.426189 1.476409 0.203758
v -0.432309 1.481033 0.202869
v -0.432309 1.461323 0.202869
v -0.432309 1.468298 0.202869
v -0.432309 1.471887 0.202869
v -0.430879 1.479509 0.204202
v -0.437318 1.470092 0.203869
v -0.411672 1.461494 0.202869
v -0.407715 1.470669 0.202869
v -0.406064 1.467338 0.204869
v -0.424483 1.471823 0.202869
v -0.421456 1.473246 0.204869
v -0.424632 1.464864 0.203817
v -0.420346 1.461740 0.204869
v -0.411226 1.467502 0.203869
v -0.420041 1.465701 0.203869
v -0.420041 1.469387 0.203869
v -0.410822 1.454195 0.203869
v -0.432309 1.459922 0.204869
v -0.432309 1.459922 0.202869
v -0.432309 1.448469 0.204869
v -0.432309 1.448469 0.202869
v -0.428053 1.456315 0.203669
v -0.415095 1.453466 0.202869
v -0.415095 1.454890 0.204869
v -0.428053 1.452041 0.204069
v -0.467677 1.448058 0.203869
v -0.465540 1.481033 0.203536
v -0.469813 1.481033 0.204203
v -0.459772 1.475793 0.204553
v -0.453553 1.456070 0.203552
v -0.453990 1.474108 0.203869
v -0.442171 1.458280 0.203869
v -0.447689 1.476581 0.203561
v -0.443085 1.475769 0.204441
v -0.514685 1.481033 0.202869
v -0.514685 1.448058 0.202869
v -0.514685 1.464434 0.202869
v -0.514685 1.468041 0.202869
v -0.514886 1.466207 0.204202
v -0.492108 1.457635 0.204082
v -0.496438 1.474088 0.203536
v -0.506982 1.476057 0.203628
v -0.525637 1.454965 0.204069
v -0.527036 1.476603 0.203810
v -0.550678 1.471323 0.203938
v -0.552142 1.455436 0.204744
v -0.549839 1.454375 0.202869
v -0.532401 1.473973 0.202869
v -0.530825 1.472217 0.204869
v -0.532454 1.466841 0.202869
v -0.535475 1.464902 0.204869
v -0.546614 1.469861 0.202869
v -0.546613 1.470753 0.204869
v -0.540078 1.456144 0.204469
v -0.535119 1.460015 0.202869
v -0.541749 1.462022 0.204036
v -0.593779 1.448058 0.204203
v -0.595882 1.481033 0.203869
v -0.597984 1.448058 0.203536
v -0.572292 1.457255 0.204069
v -0.572292 1.478195 0.203669
v -0.588258 1.478195 0.204869
v -0.588258 1.478195 0.202869
v -0.588258 1.457255 0.204869
v -0.588258 1.457255 0.202869
v -0.582117 1.474588 0.203369
v -0.576514 1.474588 0.204869
v -0.582117 1.460896 0.204369
v -0.576514 1.460896 0.202869
v -0.628543 1.453013 0.203936
v -0.626204 1.474117 0.203491
v -0.631431 1.477610 0.204369
v -0.608367 1.457499 0.203298
v -0.618482 1.459345 0.204203
v -0.611746 1.474087 0.203752
v -0.646721 1.459557 0.204182
v -0.655499 1.471227 0.203767
v -0.666367 1.458088 0.203684
v -0.681352 1.476298 0.203869
v -0.678830 1.458696 0.203869
v -0.676326 1.476298 0.203869
v -0.679934 1.456486 0.203946
v -0.680696 1.451040 0.203826
v -0.676058 1.452020 0.203778
v -0.703078 1.458829 0.203155
v -0.720900 1.462903 0.203354
v -0.728799 1.468763 0.203882
v -0.735774 1.460835 0.204356
v -0.744557 1.467491 0.203828
v -0.752365 1.467391 0.204017
v -0.750652 1.452694 0.203353
v -0.748260 1.453126 0.204796
v -0.736654 1.455443 0.202869
v -0.736606 1.455644 0.204869
v -0.743056 1.458516 0.203960
v -0.743159 1.454692 0.203669
v -0.749465 1.457500 0.202869
v -0.770349 1.449627 0.203921
v -0.763747 1.471691 0.203188
v -0.773869 1.468775 0.204869
v -0.762317 1.464809 0.204869
v -0.769248 1.454284 0.204869
v -0.775566 1.464569 0.202869
v -0.769885 1.465836 0.203826
v -0.762700 1.455893 0.202869
v -0.780360 1.451135 0.204203
v -0.782736 1.477716 0.203869
v -0.785113 1.451135 0.203536
v -0.790024 1.476947 0.203687
v -0.794919 1.476775 0.203913
v -0.792526 1.471854 0.203946
v -0.789967 1.469101 0.203536
v -0.794719 1.469101 0.204203
v -0.792343 1.451135 0.203869
v -0.817227 1.460835 0.204356
v -0.810252 1.468763 0.203882
v -0.802353 1.462903 0.203313
v -0.832268 1.450667 0.202869
v -0.831149 1.444759 0.204287
v -0.821055 1.453008 0.202869
v -0.820566 1.466391 0.204869
v -0.826076 1.470713 0.202866
v -0.834275 1.468284 0.204470
v -0.832179 1.465429 0.203869
v -0.826484 1.465578 0.203994
v -0.827840 1.453530 0.204403
v -0.860531 1.458014 0.202869
v -0.858095 1.454109 0.204647
v -0.855825 1.476868 0.203203
v -0.868813 1.475865 0.204869
v -0.873221 1.472252 0.203383
v -0.870564 1.461396 0.204869
v -0.868864 1.460689 0.202869
v -0.860531 1.469568 0.204869
v -0.860531 1.472417 0.202869
v -0.867256 1.464713 0.204054
v -0.867277 1.471603 0.203703
v -0.888051 1.452765 0.204126
v -0.878765 1.468634 0.203677
v -0.889766 1.467903 0.202869
v -0.889523 1.468735 0.204869
v -0.892828 1.459275 0.202869
v -0.887830 1.461905 0.203980
v -0.887010 1.465307 0.203869
v -0.881637 1.465227 0.204869
v -0.875454 1.456017 0.203602
v -0.895529 1.465652 0.203619
v -0.901000 1.469530 0.204869
v -0.909780 1.469124 0.202869
v -0.911535 1.467325 0.204869
v -0.912890 1.452657 0.204451
v -0.908722 1.450750 0.202869
v -0.897076 1.452921 0.204869
v -0.895848 1.454073 0.202869
v -0.904394 1.453055 0.203813
v -0.907928 1.464780 0.204054
v -0.900550 1.464754 0.203810
v -0.922672 1.448581 0.204562
v -0.921419 1.468130 0.202959
v -0.925372 1.470038 0.204870
v -0.933800 1.452073 0.203800
v -0.923276 1.453958 0.202869
v -0.934695 1.464594 0.202869
v -0.928362 1.454277 0.204869
v -0.925895 1.466749 0.203828
v -0.939489 1.451135 0.204203
v -0.941865 1.477716 0.203869
v -0.944241 1.451135 0.203536
v -0.960530 1.452765 0.204126
v -0.951243 1.468634 0.203677
v -0.962245 1.467903 0.202869
v -0.962001 1.468735 0.204869
v -0.965307 1.459275 0.202869
v -0.960309 1.461905 0.203980
v -0.959489 1.465307 0.203869
v -0.954115 1.465227 0.204869
v -0.947932 1.456017 0.203602
v -0.973010 1.476298 0.203869
v -0.970933 1.468418 0.203869
v -0.968856 1.476298 0.203869
v -0.979625 1.476298 0.204869
v -0.976513 1.476192 0.203369
v -0.977539 1.468398 0.203869
v -1.175029 1.452233 0.204149
v -1.211236 1.466370 0.204203
v -1.008839 1.448058 0.204203
v -1.010959 1.481033 0.203869
v -1.013078 1.448058 0.203536
v -0.991248 1.462443 0.204869
v -0.986279 1.465563 0.203308
v -0.991360 1.478961 0.202869
v -0.989714 1.478035 0.204869
v -1.006611 1.469357 0.202869
v -1.002601 1.477090 0.204869
v -1.003576 1.465674 0.204869
v -0.991415 1.474247 0.203960
v -0.995382 1.465028 0.203826
v -0.999290 1.474217 0.203869
v -0.984192 1.454678 0.203619
v -1.007336 1.457520 0.203869
v -1.007575 1.454027 0.204203
v -1.048477 1.468822 0.203314
v -1.037446 1.470001 0.204036
v -1.045650 1.476756 0.204203
v -1.055848 1.481033 0.203536
v -1.060104 1.481033 0.204203
v -1.057976 1.448058 0.203869
v -1.043506 1.448964 0.203869
v -1.035119 1.461276 0.203778
v -1.051658 1.463002 0.203913
v -1.092566 1.448058 0.203869
v -1.090463 1.481033 0.203536
v -1.094668 1.481033 0.204203
v -1.084053 1.459192 0.204100
v -1.074013 1.461043 0.203988
v -1.077427 1.474564 0.203616
v -1.126839 1.448058 0.204203
v -1.128908 1.481033 0.203869
v -1.130976 1.448058 0.203536
v -1.116988 1.476749 0.204203
v -1.118062 1.457970 0.204529
v -1.116638 1.463300 0.202869
v -1.104425 1.456948 0.202869
v -1.099852 1.464949 0.204869
v -1.106469 1.477162 0.202869
v -1.107178 1.461002 0.203869
v -1.111642 1.460124 0.203980
v -1.110165 1.476020 0.204869
v -1.174498 1.478922 0.204333
v -1.179468 1.468190 0.203269
v -1.169129 1.458982 0.203829
v -1.161027 1.456605 0.204069
v -1.166514 1.476408 0.203869
v -1.158091 1.459090 0.203829
v -1.150565 1.456640 0.204069
v -1.156074 1.476408 0.203869
v -1.211010 1.481033 0.202869
v -1.211010 1.448058 0.202869
v -1.211010 1.464759 0.202869
v -1.211010 1.468366 0.202869
v -1.189548 1.474099 0.203569
v -1.199436 1.470896 0.203980
v -1.195619 1.458408 0.203987
v -0.302660 1.402247 0.204536
v -0.641834 1.385614 0.204869
v -0.641834 1.418588 0.204869
v -0.641834 1.404725 0.204869
v -0.641834 1.401118 0.204869
v -1.098261 1.385614 0.204869
v -1.098261 1.418588 0.204869
v -1.098261 1.404263 0.204869
v -1.098261 1.400657 0.204869
v -1.213975 1.389790 0.204150
v -1.249173 1.417241 0.204202
v -0.304090 1.418588 0.202869
v -0.304090 1.399922 0.202869
v -0.304090 1.406896 0.202869
v -0.304090 1.410503 0.202869
v -0.302660 1.417241 0.204202
v -0.309099 1.408700 0.203869
v -0.286854 1.412956 0.203390
v -0.291872 1.404908 0.204405
v -0.279275 1.401495 0.204021
v -0.283365 1.392401 0.203869
v -0.304090 1.398537 0.204869
v -0.304090 1.398537 0.202869
v -0.304090 1.386315 0.204869
v -0.304090 1.386315 0.202869
v -0.299834 1.394930 0.203669
v -0.287646 1.393249 0.204869
v -0.287646 1.391568 0.202869
v -0.299834 1.389887 0.204069
v -0.331210 1.410500 0.203469
v -0.338320 1.401062 0.203960
v -0.337920 1.416651 0.204069
v -0.315805 1.402577 0.203629
v -0.321587 1.413388 0.204536
v -0.326895 1.405025 0.203711
v -0.315351 1.392851 0.203457
v -0.335902 1.399386 0.204869
v -0.336470 1.397636 0.202869
v -0.340613 1.387500 0.203914
v -0.323510 1.394201 0.203485
v -0.320393 1.393706 0.204559
v -0.337343 1.391761 0.204869
v -0.335664 1.389945 0.202869
v -0.371595 1.385614 0.204203
v -0.373714 1.418588 0.203869
v -0.375834 1.385614 0.203536
v -0.349035 1.403118 0.203308
v -0.352469 1.415591 0.204869
v -0.354117 1.416517 0.202869
v -0.369367 1.406912 0.202869
v -0.365356 1.414646 0.204869
v -0.366331 1.403229 0.204869
v -0.354005 1.399998 0.204869
v -0.354171 1.411803 0.203960
v -0.358138 1.402584 0.203826
v -0.362046 1.411772 0.203869
v -0.346948 1.392234 0.203619
v -0.370091 1.395075 0.203869
v -0.370331 1.391582 0.204203
v -0.403163 1.396595 0.203951
v -0.398953 1.411968 0.203901
v -0.408131 1.390499 0.203800
v -0.436800 1.399824 0.203700
v -0.422037 1.397891 0.203869
v -0.430568 1.414092 0.204173
v -0.486323 1.414315 0.203619
v -0.486668 1.399712 0.204023
v -0.466108 1.413947 0.203869
v -0.467318 1.397484 0.203969
v -0.477454 1.399315 0.203869
v -0.489156 1.392543 0.203769
v -0.501337 1.408331 0.204369
v -0.504711 1.417143 0.203869
v -0.519330 1.417996 0.203869
v -0.524097 1.409561 0.203490
v -0.506574 1.405033 0.202869
v -0.518672 1.414105 0.204869
v -0.505536 1.410264 0.204254
v -0.505636 1.413251 0.202869
v -0.518619 1.406768 0.204869
v -0.519839 1.412531 0.202869
v -0.521067 1.396165 0.202980
v -0.520997 1.386679 0.204298
v -0.501356 1.398247 0.203869
v -0.527937 1.400721 0.203155
v -0.523147 1.400633 0.204869
v -0.515749 1.396674 0.204069
v -0.515749 1.399819 0.203726
v -0.509526 1.397722 0.202869
v -0.509526 1.398771 0.204869
v -0.564096 1.408247 0.203869
v -0.570039 1.416873 0.204163
v -0.570039 1.400839 0.203575
v -0.563286 1.415765 0.203652
v -0.550490 1.401503 0.204224
v -0.553093 1.410797 0.203130
v -0.552513 1.393706 0.204559
v -0.547470 1.392851 0.203457
v -0.568021 1.399386 0.204869
v -0.568590 1.397636 0.202869
v -0.572733 1.387500 0.203914
v -0.555630 1.394201 0.203485
v -0.567784 1.389945 0.202869
v -0.569463 1.391761 0.204869
v -0.579903 1.413964 0.203869
v -0.590005 1.417366 0.203917
v -0.600108 1.413964 0.203758
v -0.605346 1.400408 0.203415
v -0.600756 1.406810 0.204046
v -0.605646 1.418588 0.204119
v -0.580488 1.405105 0.203869
v -0.585488 1.399228 0.204869
v -0.585534 1.410995 0.202869
v -0.598233 1.407753 0.202869
v -0.598232 1.402448 0.204869
v -0.593929 1.399226 0.202869
v -0.586078 1.406955 0.203960
v -0.586081 1.403241 0.203826
v -0.593119 1.409957 0.204869
v -0.594382 1.404467 0.203516
v -0.586039 1.391819 0.203869
v -0.607749 1.397614 0.204869
v -0.607749 1.397614 0.202869
v -0.607749 1.386024 0.204869
v -0.607749 1.386024 0.202869
v -0.603578 1.394041 0.203669
v -0.590244 1.392560 0.204869
v -0.590244 1.391078 0.202869
v -0.603578 1.389597 0.204069
v -0.639663 1.388198 0.203314
v -0.639663 1.413967 0.203091
v -0.646809 1.402922 0.203869
v -0.633637 1.415336 0.203869
v -0.630429 1.398065 0.203936
v -0.620846 1.412818 0.203792
v -0.636312 1.392606 0.204269
v -0.616085 1.392539 0.203711
v -0.623763 1.401727 0.203792
v -0.685702 1.402246 0.203807
v -0.665868 1.413810 0.203869
v -0.688279 1.415580 0.204069
v -0.664710 1.392381 0.204324
v -0.675461 1.400329 0.203619
v -0.692586 1.391930 0.203758
v -0.704622 1.417875 0.204869
v -0.721071 1.416904 0.202869
v -0.722829 1.411999 0.204518
v -0.717048 1.403050 0.204869
v -0.723412 1.403273 0.203536
v -0.701181 1.403263 0.204051
v -0.707509 1.403050 0.202869
v -0.704903 1.412187 0.204399
v -0.703617 1.410689 0.203139
v -0.718454 1.413860 0.203638
v -0.715603 1.405237 0.203803
v -0.708960 1.405264 0.204069
v -0.718417 1.385739 0.202869
v -0.704841 1.386492 0.204869
v -0.702368 1.397572 0.202869
v -0.699480 1.391992 0.204069
v -0.723902 1.394090 0.202869
v -0.718570 1.396876 0.204869
v -0.722778 1.387549 0.204869
v -0.705711 1.393683 0.203973
v -0.706097 1.390049 0.203749
v -0.719476 1.391371 0.203565
v -0.733881 1.392203 0.203536
v -0.740544 1.407488 0.203736
v -0.756075 1.396944 0.204081
v -0.774757 1.406953 0.203890
v -0.787367 1.414945 0.204408
v -0.793297 1.405045 0.203536
v -0.773058 1.389842 0.204869
v -0.771433 1.394732 0.202869
v -0.776181 1.398384 0.204869
v -0.788445 1.398384 0.202869
v -0.793192 1.394732 0.204869
v -0.782313 1.384103 0.203886
v -0.791568 1.389842 0.202869
v -0.775406 1.392613 0.203425
v -0.789219 1.392613 0.204319
v -0.806638 1.403528 0.204069
v -0.810911 1.417614 0.204869
v -0.810911 1.413904 0.204869
v -0.825156 1.416377 0.204069
v -0.828005 1.403528 0.204869
v -0.828005 1.403528 0.202869
v -0.810911 1.410298 0.204869
v -0.812077 1.414858 0.203069
v -0.810911 1.407101 0.204869
v -0.810911 1.408167 0.202869
v -0.823732 1.407900 0.204369
v -0.817714 1.390093 0.204119
v -0.805304 1.398163 0.203415
v -0.832621 1.398614 0.203980
v -0.861082 1.418588 0.203536
v -0.865321 1.418588 0.204203
v -0.863202 1.385614 0.203869
v -0.838522 1.403118 0.203308
v -0.841956 1.415591 0.204869
v -0.843604 1.416517 0.202869
v -0.858854 1.406912 0.202869
v -0.854843 1.414646 0.204869
v -0.855818 1.403230 0.204869
v -0.843492 1.399998 0.204869
v -0.843658 1.411803 0.203960
v -0.847625 1.402584 0.203826
v -0.851533 1.411771 0.203869
v -0.836435 1.392234 0.203619
v -0.859579 1.395075 0.203869
v -0.859818 1.391582 0.204203
v -0.900721 1.406377 0.203314
v -0.889689 1.407557 0.204036
v -0.897893 1.414312 0.204203
v -0.908091 1.418588 0.203536
v -0.912347 1.418588 0.204203
v -0.910219 1.385614 0.203869
v -0.887362 1.398832 0.203778
v -0.903901 1.400558 0.203913
v -0.895749 1.386520 0.203869
v -0.925816 1.401331 0.204869
v -0.932155 1.401624 0.202869
v -0.920621 1.405827 0.203490
v -0.921847 1.415578 0.202869
v -0.940008 1.414988 0.204004
v -0.938684 1.407189 0.204012
v -0.925396 1.413595 0.203960
v -0.927487 1.404540 0.203457
v -0.933089 1.413048 0.202869
v -0.926093 1.417980 0.204869
v -0.926244 1.386315 0.204069
v -0.929143 1.398355 0.203751
v -0.943338 1.397794 0.203869
v -0.946467 1.397742 0.204619
v -0.947509 1.386315 0.204869
v -0.947509 1.386315 0.202869
v -0.930449 1.391631 0.204869
v -0.943338 1.392537 0.202869
v -0.930449 1.390725 0.202869
v -0.943338 1.389819 0.204069
v -0.979817 1.385614 0.203869
v -0.977714 1.418588 0.203536
v -0.981920 1.418588 0.204203
v -0.971201 1.396623 0.204175
v -0.961264 1.398599 0.203988
v -0.964478 1.411735 0.203587
v -1.008506 1.398115 0.203946
v -1.014911 1.418588 0.204119
v -1.014193 1.394320 0.203669
v -0.997818 1.405709 0.203321
v -0.990838 1.414637 0.204393
v -1.008867 1.414571 0.204869
v -1.009897 1.411060 0.202869
v -1.005894 1.406651 0.204869
v -0.996292 1.410347 0.202869
v -0.995387 1.412238 0.204263
v -1.004039 1.410035 0.203913
v -1.000430 1.418230 0.202869
v -1.003318 1.414274 0.204869
v -1.000779 1.396284 0.203792
v -0.989784 1.402372 0.203869
v -1.008517 1.403353 0.203913
v -0.996789 1.395905 0.204203
v -0.996056 1.388099 0.203536
v -1.017868 1.388460 0.203869
v -1.038564 1.392203 0.203536
v -1.059922 1.397364 0.204069
v -1.044264 1.408364 0.203652
v -1.098261 1.418588 0.202869
v -1.098261 1.385614 0.202869
v -1.098261 1.400657 0.202869
v -1.098261 1.404263 0.202869
v -1.093971 1.402101 0.203869
v -1.103424 1.402460 0.203869
v -1.072125 1.412238 0.203869
v -1.082193 1.416314 0.203917
v -1.092279 1.412238 0.203758
v -1.078605 1.392536 0.202869
v -1.074191 1.399461 0.204869
v -1.074594 1.406030 0.203895
v -1.088011 1.408160 0.203869
v -1.089301 1.394591 0.204369
v -1.078495 1.397874 0.203786
v -1.083638 1.406055 0.202869
v -1.087542 1.400679 0.204869
v -1.115411 1.403827 0.203796
v -1.110437 1.412560 0.204307
v -1.112899 1.413725 0.202869
v -1.125197 1.417468 0.204869
v -1.134393 1.411116 0.203174
v -1.115810 1.413178 0.204030
v -1.125231 1.402771 0.204869
v -1.129090 1.409801 0.203610
v -1.122706 1.389335 0.203946
v -1.111082 1.397990 0.203726
v -1.137304 1.398597 0.203980
v -1.149756 1.413484 0.203565
v -1.162381 1.413255 0.204453
v -1.162512 1.407893 0.203331
v -1.141714 1.400742 0.204203
v -1.141714 1.403819 0.203536
v -1.172313 1.402280 0.203869
v -1.151604 1.391160 0.204434
v -1.151982 1.396579 0.203331
v -1.164655 1.390913 0.203619
v -1.213450 1.416477 0.204334
v -1.218692 1.405745 0.203269
v -1.190569 1.394845 0.204069
v -1.194808 1.416212 0.204869
v -1.193748 1.412422 0.203155
v -1.194808 1.408571 0.204869
v -1.203743 1.413665 0.204069
v -1.206569 1.394845 0.204869
v -1.204450 1.399904 0.202869
v -1.194808 1.404964 0.204869
v -1.194808 1.398451 0.204869
v -1.194808 1.398451 0.202869
v -1.202330 1.400079 0.204369
v -1.250603 1.418588 0.202869
v -1.250603 1.399340 0.202869
v -1.250603 1.406896 0.202869
v -1.250603 1.410503 0.202869
v -1.249173 1.401859 0.204536
v -1.255612 1.408700 0.203869
v -1.229783 1.413204 0.202869
v -1.229783 1.404793 0.202869
v -1.229783 1.407238 0.202869
v -1.229783 1.410708 0.202869
v -1.236969 1.407199 0.204119
v -1.225509 1.401186 0.204069
v -1.225509 1.416845 0.203669
v -1.238324 1.383936 0.203405
v -1.228914 1.394874 0.204369
v -1.231675 1.395159 0.202869
v -1.251922 1.395730 0.204509
v -1.247666 1.397986 0.202869
v -1.233808 1.394173 0.204128
v -1.241141 1.386363 0.204869
v -1.247279 1.392314 0.203869
v -1.266949 1.400432 0.202869
v -1.263162 1.405116 0.204548
v -1.268453 1.416180 0.204100
v -1.285722 1.411584 0.204869
v -1.275768 1.416780 0.202869
v -1.281726 1.400429 0.204869
v -1.285249 1.402562 0.202869
v -1.268327 1.404334 0.203841
v -1.282583 1.407863 0.203869
v -1.259048 1.390400 0.204203
v -1.259048 1.393939 0.203536
v -1.289646 1.392170 0.203869
v -1.300366 1.397112 0.204182
v -1.309144 1.408783 0.203767
v -1.320012 1.395644 0.203684
v -0.704157 1.363152 0.204091
v -0.789100 1.367114 0.204556
v -1.030658 1.357657 0.204558
v -0.276530 1.366233 0.203314
v -0.265499 1.367412 0.204036
v -0.273703 1.374167 0.204203
v -0.286029 1.345469 0.203869
v -0.283901 1.378444 0.203536
v -0.288157 1.378444 0.204203
v -0.263172 1.358688 0.203778
v -0.279711 1.360413 0.203913
v -0.271559 1.346375 0.203869
v -0.296646 1.365194 0.203917
v -0.297658 1.375436 0.202869
v -0.299536 1.377165 0.204869
v -0.307127 1.378078 0.203946
v -0.314123 1.373104 0.203536
v -0.314289 1.363913 0.203844
v -0.301206 1.373450 0.203960
v -0.306231 1.364090 0.204869
v -0.303434 1.364088 0.202869
v -0.307612 1.374040 0.204869
v -0.302055 1.346170 0.204069
v -0.304809 1.358210 0.203962
v -0.319149 1.357649 0.203869
v -0.322277 1.357598 0.204619
v -0.323319 1.346170 0.204869
v -0.323319 1.346170 0.202869
v -0.319149 1.352393 0.202869
v -0.306260 1.351487 0.204869
v -0.306260 1.350581 0.202869
v -0.319149 1.349675 0.204069
v -0.351655 1.367165 0.203969
v -0.363457 1.370142 0.203415
v -0.352843 1.374557 0.204682
v -0.357764 1.355649 0.203822
v -0.342482 1.360624 0.203869
v -0.373080 1.360624 0.203980
v -0.349490 1.355642 0.204203
v -0.348752 1.347955 0.203536
v -0.369166 1.348315 0.203869
v -0.400909 1.345469 0.204203
v -0.403012 1.378444 0.203869
v -0.405114 1.345469 0.203536
v -0.379354 1.354393 0.204069
v -0.383542 1.376068 0.204869
v -0.382495 1.372359 0.203155
v -0.383542 1.368615 0.204869
v -0.392573 1.373584 0.204069
v -0.395422 1.354393 0.204869
v -0.393285 1.359701 0.202869
v -0.383542 1.365008 0.204869
v -0.383542 1.357999 0.204869
v -0.383542 1.357999 0.202869
v -0.391149 1.359751 0.204369
v -0.434277 1.377777 0.202869
v -0.434277 1.359777 0.202869
v -0.434277 1.366444 0.202869
v -0.434277 1.370034 0.202869
v -0.435573 1.368781 0.204012
v -0.415366 1.361827 0.203519
v -0.420979 1.371831 0.204655
v -0.424906 1.364980 0.203415
v -0.422142 1.346771 0.203869
v -0.419708 1.354396 0.203215
v -0.424046 1.358735 0.204869
v -0.437638 1.357756 0.202869
v -0.436783 1.345921 0.203869
v -0.423944 1.354110 0.203989
v -0.424515 1.349647 0.204869
v -0.435675 1.349643 0.202869
v -0.440325 1.353189 0.204509
v -0.436279 1.354137 0.203669
v -0.474294 1.345469 0.203869
v -0.472225 1.378444 0.203536
v -0.476362 1.378444 0.204203
v -0.462621 1.371743 0.202869
v -0.463133 1.374412 0.204747
v -0.462866 1.355791 0.203635
v -0.458356 1.353870 0.204869
v -0.449490 1.355417 0.204869
v -0.449811 1.354361 0.202869
v -0.448687 1.372809 0.204869
v -0.449500 1.374366 0.202869
v -0.454553 1.356422 0.203920
v -0.458663 1.369334 0.203832
v -0.453891 1.372857 0.203814
v -0.506961 1.345469 0.204203
v -0.509089 1.378444 0.203869
v -0.511217 1.345469 0.203536
v -0.502140 1.346444 0.203619
v -0.487961 1.358438 0.204244
v -0.495741 1.371748 0.203536
v -0.538135 1.356450 0.203951
v -0.533925 1.371823 0.203901
v -0.543103 1.350355 0.203800
v -0.571772 1.359680 0.203701
v -0.557009 1.357747 0.203869
v -0.565541 1.373948 0.204173
v -0.585928 1.357306 0.203826
v -0.585554 1.362631 0.203819
v -0.590433 1.358989 0.204012
v -0.613586 1.348577 0.203869
v -0.608117 1.357139 0.204869
v -0.599376 1.352455 0.203619
v -0.603883 1.370722 0.204869
v -0.604814 1.374493 0.203494
v -0.607713 1.358427 0.202869
v -0.604153 1.369584 0.202869
v -0.600601 1.358427 0.204869
v -0.600602 1.358427 0.202869
v -0.621995 1.348546 0.203869
v -0.624431 1.373709 0.204203
v -0.619559 1.373709 0.203536
v -0.647099 1.359770 0.203503
v -0.647161 1.378216 0.204246
v -0.652888 1.376763 0.202869
v -0.665901 1.377427 0.203155
v -0.668444 1.376816 0.204687
v -0.668444 1.361070 0.203051
v -0.665901 1.360482 0.204583
v -0.648107 1.373355 0.204869
v -0.648103 1.364592 0.202869
v -0.657413 1.368950 0.203869
v -0.655393 1.361469 0.204869
v -0.665901 1.366820 0.203869
v -0.660682 1.369297 0.203441
v -0.665901 1.370957 0.203869
v -0.668465 1.356625 0.203669
v -0.667732 1.346753 0.204119
v -0.648191 1.356264 0.203869
v -0.702140 1.377643 0.204202
v -0.705002 1.371670 0.203369
v -0.679868 1.364340 0.204119
v -0.686219 1.374441 0.203909
v -0.692976 1.363286 0.203669
v -0.684596 1.355015 0.202869
v -0.681835 1.354729 0.204369
v -0.700587 1.357842 0.202869
v -0.704844 1.355585 0.204509
v -0.691244 1.343792 0.203405
v -0.686729 1.354029 0.204128
v -0.694063 1.346218 0.204869
v -0.700201 1.352170 0.203869
v -0.724516 1.373820 0.203869
v -0.734619 1.377222 0.203917
v -0.744721 1.373820 0.203758
v -0.748788 1.376609 0.202830
v -0.753001 1.371789 0.204735
v -0.751727 1.361994 0.203784
v -0.730204 1.358905 0.202869
v -0.726247 1.368080 0.202869
v -0.724595 1.364748 0.204869
v -0.743014 1.369234 0.202869
v -0.739988 1.370656 0.204869
v -0.743164 1.362275 0.203817
v -0.738878 1.359151 0.204869
v -0.729758 1.364913 0.203869
v -0.738573 1.363113 0.203869
v -0.738573 1.366798 0.203869
v -0.748011 1.346306 0.204869
v -0.727636 1.351787 0.203869
v -0.746259 1.357955 0.204869
v -0.751402 1.355386 0.203319
v -0.746288 1.345582 0.202869
v -0.733302 1.351450 0.204869
v -0.733302 1.352112 0.202869
v -0.746303 1.349767 0.203603
v -0.746309 1.353781 0.204136
v -0.783704 1.360455 0.203314
v -0.784358 1.375749 0.203719
v -0.773631 1.364763 0.204405
v -0.768612 1.372812 0.203390
v -0.761034 1.361351 0.204021
v -0.766921 1.355015 0.202869
v -0.764160 1.354729 0.204369
v -0.782912 1.357842 0.202869
v -0.787168 1.355585 0.204509
v -0.773568 1.343793 0.203405
v -0.769053 1.354029 0.204128
v -0.776388 1.346218 0.204869
v -0.782526 1.352170 0.203869
v -0.830594 1.374171 0.203619
v -0.830940 1.359568 0.204023
v -0.810379 1.373803 0.203869
v -0.811590 1.357340 0.203969
v -0.821725 1.359171 0.203869
v -0.833428 1.352398 0.203769
v -0.845609 1.368187 0.204369
v -0.850846 1.364889 0.202869
v -0.848983 1.376998 0.203869
v -0.863601 1.377852 0.203869
v -0.868368 1.369416 0.203490
v -0.862891 1.366624 0.204869
v -0.862944 1.373961 0.204869
v -0.849807 1.370120 0.204254
v -0.849907 1.373107 0.202869
v -0.864110 1.372387 0.202869
v -0.865339 1.356021 0.202980
v -0.865268 1.346534 0.204298
v -0.845627 1.358102 0.203869
v -0.872208 1.360577 0.203155
v -0.867419 1.360488 0.204869
v -0.860020 1.356529 0.204069
v -0.860020 1.359675 0.203726
v -0.853798 1.358627 0.204869
v -0.853798 1.357578 0.202869
v -0.914653 1.360034 0.203869
v -0.912550 1.378444 0.203536
v -0.916755 1.378444 0.204203
v -0.891131 1.363008 0.204069
v -0.891131 1.377213 0.203669
v -0.906926 1.377213 0.204869
v -0.906926 1.377213 0.202869
v -0.906926 1.363008 0.204869
v -0.906926 1.363008 0.202869
v -0.900875 1.373606 0.203369
v -0.895337 1.371276 0.204869
v -0.895337 1.366615 0.202869
v -0.902721 1.366615 0.204069
v -0.899326 1.348985 0.203314
v -0.902821 1.357397 0.204119
v -0.913363 1.349894 0.204163
v -0.960328 1.348281 0.203314
v -0.960328 1.374279 0.203091
v -0.965202 1.364821 0.204310
v -0.937919 1.354534 0.203960
v -0.946849 1.373837 0.203817
v -0.951105 1.357172 0.203869
v -0.996385 1.359865 0.203536
v -0.998388 1.374191 0.203647
v -0.999246 1.365360 0.204369
v -0.987768 1.365174 0.202869
v -0.975075 1.376577 0.204869
v -0.970302 1.370616 0.203222
v -0.988959 1.374622 0.203769
v -0.981276 1.359189 0.204869
v -0.976372 1.371939 0.203739
v -0.979996 1.363554 0.203783
v -0.984403 1.373418 0.204869
v -0.985534 1.343792 0.203405
v -0.976126 1.354729 0.204369
v -0.978887 1.355015 0.202869
v -0.994878 1.357842 0.202869
v -0.999134 1.355585 0.204509
v -0.981019 1.354029 0.204128
v -0.988354 1.346218 0.204869
v -0.994492 1.352170 0.203869
v -1.006499 1.373478 0.203869
v -1.016602 1.377051 0.203917
v -1.026704 1.373478 0.203758
v -1.030930 1.376893 0.203975
v -1.035540 1.363897 0.203269
v -1.007967 1.361534 0.203383
v -1.012535 1.370195 0.202869
v -1.026272 1.364015 0.203869
v -1.020822 1.357817 0.202869
v -1.011981 1.364671 0.203575
v -1.013523 1.358825 0.204869
v -1.020438 1.362018 0.203869
v -1.020716 1.365674 0.202869
v -1.015608 1.370907 0.204869
v -1.011610 1.346512 0.204069
v -1.014482 1.354210 0.203792
v -1.033713 1.348315 0.203869
v -1.069949 1.366233 0.203314
v -1.058918 1.367412 0.204036
v -1.067122 1.374167 0.204203
v -1.079448 1.345469 0.203869
v -1.077319 1.378444 0.203536
v -1.081576 1.378444 0.204203
v -1.056591 1.358687 0.203778
v -1.073130 1.360413 0.203913
v -1.064978 1.346375 0.203869
v -1.107708 1.363913 0.203844
v -1.090064 1.365193 0.203917
v -1.092953 1.377164 0.204869
v -1.091076 1.375436 0.202869
v -1.100546 1.378078 0.203946
v -1.094624 1.373450 0.203960
v -1.099650 1.364090 0.204869
v -1.096852 1.364088 0.202869
v -1.107541 1.373104 0.203536
v -1.101031 1.374040 0.204869
v -1.095473 1.346170 0.204069
v -1.098628 1.357379 0.203155
v -1.099679 1.359333 0.204869
v -1.099679 1.355965 0.204869
v -1.113957 1.358210 0.204069
v -1.116738 1.346170 0.204869
v -1.114653 1.349282 0.202869
v -1.112567 1.350355 0.204369
v -1.099679 1.352393 0.204869
v -1.099679 1.349675 0.204869
v -1.099679 1.349675 0.202869
v -1.146943 1.345469 0.204203
v -1.149046 1.378444 0.203869
v -1.151148 1.345469 0.203536
v -1.140533 1.356603 0.204100
v -1.130493 1.358454 0.203988
v -1.133907 1.371975 0.203616
v -1.177735 1.357971 0.203946
v -1.184140 1.378444 0.204119
v -1.183422 1.354176 0.203669
v -1.167046 1.365566 0.203321
v -1.169660 1.378085 0.202869
v -1.160066 1.374492 0.204393
v -1.178096 1.374427 0.204869
v -1.179125 1.370917 0.202869
v -1.175124 1.366506 0.204869
v -1.165520 1.370204 0.202869
v -1.164616 1.372094 0.204263
v -1.173268 1.369891 0.203913
v -1.172548 1.374128 0.204869
v -1.170008 1.356140 0.203792
v -1.159013 1.362228 0.203869
v -1.177745 1.363209 0.203913
v -1.166018 1.355760 0.204203
v -1.165285 1.347955 0.203536
v -1.187097 1.348315 0.203869
v -1.232072 1.345469 0.203619
v -1.226038 1.366494 0.204046
v -1.231766 1.377018 0.203778
v -1.221075 1.358074 0.203955
v -1.211384 1.358346 0.203794
v -1.215901 1.376239 0.203869
v -1.264345 1.378444 0.203536
v -1.268550 1.378444 0.204203
v -1.266448 1.345469 0.203869
v -1.242790 1.354393 0.204069
v -1.244908 1.373584 0.203007
v -1.256009 1.373584 0.204069
v -1.258858 1.354393 0.204869
v -1.258858 1.354393 0.202869
v -1.246978 1.370154 0.204869
v -1.254584 1.365008 0.202869
v -1.246978 1.360335 0.202869
v -1.246978 1.357999 0.204869
v -1.254584 1.359751 0.204369
v -1.297020 1.364767 0.204177
v -1.278769 1.362131 0.203726
v -1.291290 1.373268 0.203723
v -1.275935 1.350375 0.204203
v -1.275935 1.353897 0.203536
v -1.306533 1.352136 0.203869
v -1.318985 1.373340 0.203565
v -1.331610 1.373111 0.204453
v -1.331741 1.367749 0.203331
v -1.310943 1.360598 0.204203
v -1.310943 1.363675 0.203536
v -1.341542 1.362136 0.203869
v -1.321211 1.356434 0.203331
v -1.320832 1.351015 0.204434
v -1.333883 1.350769 0.203619
v -0.419201 1.335815 0.204202
v -1.254988 1.326339 0.204566
v -0.348529 1.305228 0.204203
v -0.350657 1.338202 0.203869
v -0.352785 1.305228 0.203536
v -0.343948 1.306202 0.203619
v -0.339554 1.325613 0.203869
v -0.343948 1.337536 0.204119
v -0.335384 1.317442 0.203406
v -0.328636 1.317721 0.204129
v -0.332391 1.332559 0.203869
v -0.385042 1.337467 0.204012
v -0.383036 1.328454 0.203810
v -0.363640 1.335664 0.203869
v -0.359059 1.322228 0.203869
v -0.372683 1.327211 0.203917
v -0.389657 1.322228 0.203758
v -0.361500 1.313761 0.204869
v -0.361313 1.312909 0.202869
v -0.382308 1.317635 0.202869
v -0.385783 1.314820 0.204869
v -0.384857 1.306879 0.202869
v -0.382252 1.306331 0.204869
v -0.366947 1.311980 0.203869
v -0.381373 1.310330 0.204203
v -0.381372 1.313631 0.203536
v -0.420631 1.338202 0.202869
v -0.420631 1.305228 0.202869
v -0.420631 1.320271 0.202869
v -0.420631 1.323878 0.202869
v -0.419201 1.310243 0.204536
v -0.425794 1.322075 0.203869
v -0.394495 1.331852 0.203869
v -0.404563 1.335929 0.203917
v -0.414649 1.331852 0.203758
v -0.415854 1.316938 0.204478
v -0.397269 1.315353 0.204869
v -0.398484 1.328080 0.204869
v -0.397258 1.325946 0.202869
v -0.415891 1.324269 0.203261
v -0.398521 1.313199 0.202869
v -0.400958 1.323903 0.204203
v -0.400865 1.317488 0.203786
v -0.409886 1.320702 0.203733
v -0.444611 1.315483 0.204142
v -0.432782 1.314552 0.204869
v -0.431254 1.317145 0.202869
v -0.431479 1.332622 0.203894
v -0.441457 1.336189 0.202869
v -0.441041 1.334747 0.204869
v -0.453127 1.336599 0.203155
v -0.455650 1.335638 0.204687
v -0.454704 1.308309 0.203298
v -0.453127 1.317553 0.204869
v -0.439038 1.333609 0.202869
v -0.435565 1.331471 0.204869
v -0.438162 1.315883 0.203869
v -0.441216 1.313305 0.202869
v -0.447213 1.321160 0.202869
v -0.453127 1.324673 0.203869
v -0.447213 1.328185 0.204869
v -0.447168 1.330461 0.202869
v -0.447169 1.318885 0.204869
v -0.492765 1.325991 0.203314
v -0.481734 1.327171 0.204036
v -0.489938 1.333926 0.204203
v -0.502264 1.305228 0.203869
v -0.500136 1.338202 0.203536
v -0.504392 1.338202 0.204203
v -0.479407 1.318446 0.203778
v -0.495946 1.320172 0.203913
v -0.487794 1.306134 0.203869
v -0.512881 1.324952 0.203917
v -0.513892 1.335192 0.202869
v -0.515772 1.336924 0.204869
v -0.523363 1.337837 0.203946
v -0.530358 1.332862 0.203536
v -0.530524 1.323672 0.203844
v -0.517441 1.333209 0.203960
v -0.522466 1.323849 0.204869
v -0.519669 1.323847 0.202869
v -0.523847 1.333799 0.204869
v -0.518290 1.305929 0.204069
v -0.521042 1.317969 0.203883
v -0.535384 1.317408 0.203869
v -0.538512 1.317356 0.204619
v -0.539555 1.305929 0.204869
v -0.539555 1.305929 0.202869
v -0.535384 1.312151 0.202869
v -0.522495 1.310339 0.202869
v -0.522495 1.311245 0.204869
v -0.535384 1.309433 0.204069
v -0.571127 1.338202 0.203536
v -0.575264 1.338202 0.204203
v -0.573196 1.305228 0.203869
v -0.562033 1.334171 0.204747
v -0.562447 1.317617 0.203501
v -0.557257 1.313628 0.204869
v -0.548391 1.315176 0.204869
v -0.548712 1.314119 0.202869
v -0.547589 1.332569 0.204869
v -0.548401 1.334123 0.202869
v -0.559023 1.334975 0.202869
v -0.554127 1.316122 0.203886
v -0.556121 1.332111 0.203736
v -0.552140 1.332132 0.203966
v -0.612401 1.330114 0.203469
v -0.619511 1.320677 0.203960
v -0.619110 1.336265 0.204069
v -0.608085 1.324639 0.203711
v -0.596996 1.322191 0.203629
v -0.602777 1.333003 0.204536
v -0.596541 1.312465 0.203457
v -0.601584 1.313321 0.204559
v -0.617093 1.319000 0.204869
v -0.617660 1.317251 0.202869
v -0.621804 1.307114 0.203914
v -0.604701 1.313816 0.203485
v -0.618533 1.311375 0.204869
v -0.616854 1.309559 0.202869
v -0.654717 1.337467 0.204012
v -0.652711 1.328454 0.203810
v -0.633315 1.335664 0.203869
v -0.628734 1.322228 0.203869
v -0.642358 1.327211 0.203917
v -0.659332 1.322228 0.203758
v -0.630988 1.312909 0.202869
v -0.631175 1.313761 0.204869
v -0.651983 1.317635 0.202869
v -0.655458 1.314820 0.204869
v -0.654532 1.306879 0.202869
v -0.651927 1.306331 0.204869
v -0.651047 1.313631 0.203536
v -0.636623 1.311980 0.203869
v -0.651048 1.310330 0.204203
v -0.690307 1.338202 0.202869
v -0.690307 1.305228 0.202869
v -0.690307 1.320271 0.202869
v -0.690307 1.323878 0.202869
v -0.688877 1.310243 0.204536
v -0.688877 1.335815 0.204202
v -0.695469 1.322075 0.203869
v -0.664170 1.331852 0.203869
v -0.674238 1.335929 0.203917
v -0.684324 1.331852 0.203758
v -0.668196 1.313199 0.202869
v -0.666945 1.315353 0.204869
v -0.666934 1.325946 0.202869
v -0.668159 1.328080 0.204869
v -0.685566 1.324269 0.203261
v -0.685529 1.316938 0.204478
v -0.670634 1.323903 0.204203
v -0.670540 1.317488 0.203786
v -0.679561 1.320702 0.203733
v -0.714190 1.311884 0.203506
v -0.709097 1.321973 0.204069
v -0.720272 1.327612 0.203906
v -0.755172 1.323618 0.203521
v -0.738320 1.323846 0.204229
v -0.749943 1.333594 0.204058
v -0.757452 1.306293 0.204119
v -0.758190 1.314845 0.203669
v -0.737828 1.314484 0.203869
v -0.788820 1.326895 0.203890
v -0.801429 1.334609 0.204408
v -0.807360 1.325049 0.203536
v -0.785589 1.305929 0.204069
v -0.787725 1.317775 0.204425
v -0.789862 1.315207 0.202869
v -0.802922 1.316818 0.203869
v -0.806127 1.316643 0.204619
v -0.807196 1.305929 0.203536
v -0.789862 1.311040 0.204869
v -0.802922 1.311040 0.202869
v -0.789862 1.309502 0.202869
v -0.802922 1.309502 0.204869
v -0.823196 1.335545 0.204203
v -0.822457 1.327266 0.203536
v -0.842478 1.327630 0.203869
v -0.816084 1.320536 0.203869
v -0.846683 1.322339 0.204203
v -0.846683 1.318732 0.203536
v -0.820563 1.306630 0.204069
v -0.823435 1.314339 0.203792
v -0.842614 1.308434 0.203869
v -0.888088 1.307614 0.203617
v -0.887837 1.333980 0.203091
v -0.892702 1.326199 0.204637
v -0.867213 1.316800 0.203810
v -0.874692 1.328302 0.204614
v -0.877428 1.318538 0.203369
v -0.899144 1.332861 0.203869
v -0.909418 1.336553 0.203917
v -0.919691 1.332861 0.203758
v -0.922563 1.338202 0.203536
v -0.926871 1.338202 0.204203
v -0.924717 1.305228 0.203869
v -0.901765 1.317275 0.203904
v -0.906577 1.319549 0.202869
v -0.903891 1.329338 0.203909
v -0.918610 1.323659 0.204225
v -0.906591 1.325965 0.202869
v -0.904677 1.324197 0.204869
v -0.915910 1.316903 0.203203
v -0.914226 1.324453 0.204869
v -0.959401 1.337467 0.204012
v -0.957395 1.328454 0.203810
v -0.937999 1.335664 0.203869
v -0.933418 1.322228 0.203869
v -0.947042 1.327211 0.203917
v -0.964016 1.322228 0.203758
v -0.935859 1.313761 0.204869
v -0.935672 1.312909 0.202869
v -0.956667 1.317635 0.202869
v -0.960142 1.314820 0.204869
v -0.959216 1.306879 0.202869
v -0.956611 1.306331 0.204869
v -0.941306 1.311980 0.203869
v -0.955731 1.310330 0.204203
v -0.955731 1.313631 0.203536
v -0.968666 1.333237 0.203869
v -0.978768 1.336810 0.203917
v -0.988871 1.333237 0.203758
v -0.989693 1.324939 0.203693
v -0.994070 1.315529 0.203960
v -0.994375 1.338202 0.204119
v -0.972040 1.318903 0.202869
v -0.977273 1.331908 0.202869
v -0.970781 1.327772 0.204869
v -0.988661 1.324705 0.204869
v -0.986691 1.319808 0.202869
v -0.974331 1.324401 0.203575
v -0.975783 1.318587 0.204869
v -0.982428 1.321784 0.203869
v -0.982427 1.325709 0.203826
v -0.974580 1.306134 0.204069
v -0.977406 1.313810 0.203792
v -0.997418 1.307921 0.203869
v -1.018785 1.333562 0.203869
v -1.043298 1.335331 0.204203
v -1.043298 1.331792 0.203536
v -1.022123 1.324837 0.203917
v -1.033958 1.326149 0.203869
v -1.041924 1.321155 0.203822
v -1.015743 1.311493 0.203869
v -1.046341 1.313279 0.204203
v -1.046341 1.309707 0.203536
v -1.057061 1.316726 0.204182
v -1.065839 1.328397 0.203767
v -1.076706 1.315258 0.203684
v -1.096954 1.311621 0.203130
v -1.101257 1.329092 0.204203
v -1.112504 1.316114 0.204119
v -1.145111 1.322428 0.203169
v -1.142033 1.323087 0.204254
v -1.143942 1.336254 0.204180
v -1.130438 1.322196 0.204060
v -1.124089 1.333010 0.204163
v -1.131892 1.330226 0.203349
v -1.128324 1.311861 0.203869
v -1.149366 1.317792 0.204869
v -1.149366 1.317792 0.202869
v -1.149366 1.305929 0.204869
v -1.149366 1.305929 0.202869
v -1.145127 1.314185 0.203669
v -1.132563 1.312624 0.204869
v -1.132563 1.311063 0.202869
v -1.145127 1.309502 0.204069
v -1.179298 1.320493 0.204203
v -1.181401 1.338202 0.203869
v -1.183503 1.320493 0.203536
v -1.171381 1.321835 0.202869
v -1.157299 1.325440 0.203490
v -1.162867 1.322247 0.204869
v -1.161604 1.338669 0.202869
v -1.160416 1.336934 0.204869
v -1.172968 1.335382 0.204183
v -1.173476 1.324599 0.204869
v -1.160456 1.330801 0.203575
v -1.169337 1.325894 0.203869
v -1.169340 1.333199 0.203869
v -1.162221 1.305929 0.204069
v -1.165068 1.317969 0.203772
v -1.179298 1.317408 0.203869
v -1.182426 1.317356 0.204619
v -1.183469 1.305929 0.204869
v -1.183469 1.305929 0.202869
v -1.179298 1.312151 0.202869
v -1.166426 1.311245 0.204869
v -1.166426 1.310339 0.202869
v -1.179298 1.309433 0.204069
v -1.215871 1.305228 0.203869
v -1.213760 1.338202 0.203536
v -1.217982 1.338202 0.204203
v -1.195247 1.335826 0.203869
v -1.209558 1.316785 0.203980
v -1.194805 1.316377 0.203536
v -1.250151 1.307639 0.203661
v -1.249880 1.334037 0.203091
v -1.227470 1.314294 0.203960
v -1.236401 1.333596 0.203817
v -1.240657 1.316930 0.203869
v -1.260114 1.311371 0.204012
v -1.264619 1.313078 0.203826
v -1.264965 1.307703 0.203819
v -0.291055 1.134455 0.204423
v -0.599424 1.109793 0.204869
v -0.599424 1.141126 0.204869
v -0.599424 1.128904 0.204869
v -0.599424 1.125297 0.204869
v -0.694945 1.140346 0.204202
v -0.976826 1.109793 0.204869
v -0.976826 1.141126 0.204869
v -0.976826 1.128904 0.204869
v -0.976826 1.125297 0.204869
v -1.167629 1.131468 0.204869
v -1.167629 1.141793 0.204869
v -1.167629 1.137485 0.204869
v -1.167629 1.133878 0.204869
v -1.214849 1.113832 0.204536
v -0.226291 1.119798 0.203951
v -0.222081 1.135172 0.203901
v -0.231258 1.113703 0.203801
v -0.246103 1.119799 0.203951
v -0.241893 1.135172 0.203901
v -0.251070 1.113703 0.203801
v -0.277041 1.111926 0.203869
v -0.271572 1.120488 0.204869
v -0.262831 1.115804 0.203619
v -0.267338 1.134071 0.204869
v -0.268269 1.137842 0.203494
v -0.271167 1.121776 0.202869
v -0.267607 1.132933 0.202869
v -0.264056 1.121776 0.204869
v -0.264056 1.121776 0.202869
v -0.292959 1.125175 0.203222
v -0.286078 1.114442 0.203975
v -0.308826 1.114259 0.204103
v -0.306459 1.134158 0.203292
v -0.316950 1.137009 0.203869
v -0.355920 1.141126 0.202869
v -0.355920 1.123126 0.202869
v -0.355920 1.129793 0.202869
v -0.355920 1.133382 0.202869
v -0.357216 1.132338 0.204012
v -0.338287 1.136882 0.203269
v -0.348439 1.136989 0.204132
v -0.338634 1.126422 0.203851
v -0.341697 1.115630 0.203869
v -0.362740 1.121741 0.204869
v -0.362740 1.121741 0.202869
v -0.362740 1.109519 0.204869
v -0.362740 1.109519 0.202869
v -0.358501 1.118134 0.203669
v -0.345937 1.116453 0.204869
v -0.345937 1.114773 0.202869
v -0.358501 1.113092 0.204069
v -0.390629 1.128058 0.203869
v -0.395304 1.141793 0.204119
v -0.395304 1.108818 0.203619
v -0.370381 1.135451 0.204203
v -0.370381 1.139023 0.203536
v -0.389492 1.137237 0.203869
v -0.389035 1.119890 0.204149
v -0.370733 1.118984 0.203565
v -0.379948 1.128966 0.203869
v -0.425243 1.128116 0.204177
v -0.406993 1.125480 0.203726
v -0.419514 1.136617 0.203723
v -0.404159 1.115485 0.203869
v -0.434757 1.117246 0.204203
v -0.434757 1.113724 0.203536
v -0.446279 1.139136 0.204203
v -0.445540 1.130856 0.203536
v -0.465561 1.131220 0.203869
v -0.439167 1.124126 0.203869
v -0.469766 1.125929 0.204203
v -0.469766 1.122323 0.203536
v -0.443646 1.110220 0.204069
v -0.446518 1.117930 0.203792
v -0.465697 1.112023 0.203869
v -0.512638 1.108818 0.203619
v -0.506603 1.130171 0.203693
v -0.512332 1.139852 0.204324
v -0.501641 1.121423 0.203955
v -0.491950 1.121695 0.203794
v -0.496467 1.139588 0.203869
v -0.534899 1.128528 0.203490
v -0.525409 1.138096 0.204369
v -0.528279 1.138442 0.202869
v -0.542770 1.141648 0.204869
v -0.544537 1.140958 0.202869
v -0.544002 1.135895 0.203869
v -0.530613 1.137573 0.203989
v -0.545633 1.130779 0.204530
v -0.544390 1.122829 0.203869
v -0.525909 1.124196 0.203469
v -0.536071 1.113636 0.204080
v -0.556767 1.107322 0.203869
v -0.561287 1.116186 0.203869
v -0.556843 1.116186 0.203869
v -0.597313 1.124714 0.203202
v -0.603834 1.125904 0.203869
v -0.579236 1.117981 0.204069
v -0.586783 1.137186 0.203869
v -0.589862 1.120609 0.203837
v -0.638799 1.119878 0.203960
v -0.633500 1.131794 0.203693
v -0.639099 1.141793 0.204119
v -0.625915 1.126197 0.203775
v -0.614786 1.123066 0.203753
v -0.622620 1.135904 0.203980
v -0.622091 1.119895 0.204203
v -0.621352 1.111372 0.203536
v -0.641544 1.111733 0.203869
v -0.648254 1.107322 0.203869
v -0.652774 1.116186 0.203869
v -0.648330 1.116186 0.203869
v -0.696381 1.141793 0.202869
v -0.696381 1.122391 0.202869
v -0.696381 1.129468 0.202869
v -0.696381 1.133109 0.202869
v -0.694945 1.124750 0.204536
v -0.701253 1.131289 0.203869
v -0.688631 1.140658 0.203869
v -0.685975 1.131939 0.203869
v -0.671595 1.138870 0.203869
v -0.690912 1.125489 0.204269
v -0.678284 1.129602 0.204036
v -0.669967 1.125076 0.203298
v -0.693134 1.109846 0.204869
v -0.691368 1.109101 0.202869
v -0.670220 1.116437 0.202869
v -0.673029 1.114578 0.204536
v -0.691355 1.121732 0.204869
v -0.696650 1.119064 0.203319
v -0.678165 1.115425 0.203869
v -0.691539 1.113372 0.203669
v -0.691543 1.117468 0.204069
v -0.718278 1.131732 0.204083
v -0.716202 1.137177 0.203012
v -0.727371 1.135112 0.204549
v -0.720179 1.113912 0.204119
v -0.707749 1.122906 0.203415
v -0.735065 1.123357 0.203980
v -0.744261 1.116186 0.203869
v -0.739741 1.107322 0.203869
v -0.739817 1.116186 0.203869
v -0.777900 1.116322 0.203155
v -0.769202 1.131503 0.204155
v -0.786875 1.128427 0.204111
v -0.821441 1.108818 0.203869
v -0.819339 1.141793 0.203536
v -0.823543 1.141793 0.204203
v -0.797851 1.118015 0.204069
v -0.797851 1.138955 0.203669
v -0.813817 1.138955 0.204869
v -0.813817 1.138955 0.202869
v -0.813817 1.118015 0.204869
v -0.813817 1.118015 0.202869
v -0.802073 1.135348 0.204869
v -0.807676 1.135348 0.203369
v -0.802073 1.121656 0.202869
v -0.807676 1.121656 0.204369
v -0.831229 1.107322 0.203869
v -0.831304 1.116186 0.202869
v -0.834582 1.116116 0.204369
v -0.857048 1.126733 0.204069
v -0.859846 1.139582 0.203884
v -0.874142 1.138964 0.203869
v -0.877347 1.138989 0.204619
v -0.878415 1.126733 0.204869
v -0.878415 1.126733 0.202869
v -0.861321 1.132436 0.204869
v -0.874142 1.133502 0.202869
v -0.861321 1.131371 0.202869
v -0.874142 1.130305 0.204069
v -0.868410 1.112550 0.203946
v -0.856808 1.121217 0.203726
v -0.883031 1.121819 0.203980
v -0.912342 1.120596 0.204095
v -0.911832 1.140135 0.204245
v -0.916997 1.131396 0.203269
v -0.903411 1.125459 0.203447
v -0.892758 1.126629 0.203482
v -0.897015 1.135496 0.204651
v -0.895817 1.119812 0.204203
v -0.895079 1.111407 0.203536
v -0.914894 1.111767 0.203869
v -0.943012 1.123575 0.204549
v -0.944895 1.130082 0.203908
v -0.946198 1.113639 0.203703
v -0.975074 1.125037 0.203155
v -0.980994 1.125727 0.203980
v -0.971105 1.136788 0.204277
v -0.958551 1.118358 0.203509
v -0.963826 1.134238 0.204095
v -1.027817 1.108818 0.203869
v -1.025714 1.141793 0.203536
v -1.029920 1.141793 0.204203
v -1.019305 1.119951 0.204100
v -1.009264 1.121802 0.203988
v -1.012678 1.135324 0.203616
v -1.042520 1.123118 0.203503
v -1.042582 1.141565 0.204246
v -1.061321 1.140776 0.203155
v -1.063865 1.140166 0.204687
v -1.063865 1.124418 0.203051
v -1.061321 1.123831 0.204583
v -1.043527 1.136704 0.204869
v -1.048309 1.140112 0.202869
v -1.043524 1.127940 0.202869
v -1.050812 1.124817 0.204869
v -1.052834 1.132300 0.203869
v -1.061321 1.130169 0.203869
v -1.061321 1.134305 0.203869
v -1.056103 1.132645 0.203441
v -1.063886 1.119974 0.203669
v -1.063153 1.110103 0.204119
v -1.043612 1.119614 0.203869
v -1.097099 1.108818 0.204203
v -1.099168 1.141793 0.203869
v -1.101236 1.108818 0.203536
v -1.087494 1.135092 0.202869
v -1.088006 1.137761 0.204747
v -1.083230 1.117219 0.204869
v -1.087740 1.119140 0.203635
v -1.074685 1.117708 0.202869
v -1.074363 1.118766 0.204869
v -1.073560 1.136158 0.204869
v -1.074374 1.137715 0.202869
v -1.078765 1.136205 0.203814
v -1.079427 1.119771 0.203920
v -1.083536 1.132685 0.203832
v -1.145749 1.108818 0.203869
v -1.143612 1.141793 0.203536
v -1.147885 1.141793 0.204203
v -1.119969 1.132985 0.204869
v -1.126236 1.126940 0.202869
v -1.134700 1.141004 0.204869
v -1.128024 1.142225 0.202869
v -1.139691 1.131700 0.203512
v -1.136192 1.127936 0.204869
v -1.126410 1.131597 0.203973
v -1.134578 1.131491 0.203869
v -1.129608 1.138450 0.204136
v -1.130689 1.109724 0.203869
v -1.122596 1.121854 0.203778
v -1.138936 1.123503 0.203913
v -1.178159 1.108818 0.204203
v -1.180296 1.141793 0.203869
v -1.182432 1.108818 0.203536
v -1.167629 1.131468 0.202869
v -1.167629 1.141793 0.202869
v -1.167629 1.133878 0.202869
v -1.167629 1.137485 0.202869
v -1.164715 1.127366 0.203857
v -1.175184 1.135682 0.203869
v -1.216279 1.141793 0.202869
v -1.216279 1.108818 0.202869
v -1.216279 1.123861 0.202869
v -1.216279 1.127468 0.202869
v -1.214849 1.139406 0.204202
v -1.221441 1.125665 0.203869
v -1.191270 1.135700 0.203536
v -1.200407 1.139726 0.204091
v -1.210296 1.135443 0.203758
v -1.192917 1.118942 0.204869
v -1.192906 1.129537 0.202869
v -1.194132 1.131671 0.204869
v -1.211537 1.127860 0.203260
v -1.211501 1.120528 0.204478
v -1.194168 1.116789 0.202869
v -1.196606 1.127494 0.204203
v -1.196512 1.121079 0.203786
v -1.205533 1.124292 0.203733
v -1.248437 1.125451 0.203807
v -1.228603 1.137015 0.203869
v -1.251014 1.138784 0.204069
v -1.227445 1.115585 0.204324
v -1.238196 1.123533 0.203619
v -1.255321 1.115135 0.203758
v -1.295458 1.123126 0.204203
v -1.297612 1.141793 0.203869
v -1.299766 1.123126 0.203536
v -1.285107 1.123850 0.204869
v -1.274753 1.126496 0.204869
v -1.276105 1.124154 0.202869
v -1.274747 1.138167 0.202869
v -1.285177 1.140793 0.202869
v -1.276071 1.140485 0.204869
v -1.290321 1.136859 0.204149
v -1.290319 1.127857 0.203638
v -1.276510 1.132097 0.203991
v -1.285408 1.127898 0.203792
v -1.285720 1.136411 0.203749
v -1.297873 1.112468 0.204238
v -1.293036 1.118856 0.203344
v -1.287148 1.109738 0.204163
v -1.283266 1.114652 0.203799
v -1.274670 1.110132 0.203869
v -1.281398 1.121698 0.203924
v -1.329792 1.131942 0.204298
v -1.310447 1.131152 0.204004
v -1.322277 1.139096 0.203592
v -1.307048 1.125630 0.203869
v -1.337646 1.127434 0.204203
v -1.337646 1.123827 0.203536
v -1.311526 1.109519 0.204069
v -1.313663 1.121326 0.204425
v -1.328894 1.120357 0.203869
v -1.332099 1.120190 0.204619
v -1.333167 1.109519 0.203536
v -1.315800 1.114585 0.204869
v -1.328894 1.114585 0.202869
v -1.315800 1.118737 0.202869
v -1.315800 1.113092 0.202869
v -1.328894 1.113092 0.204869
v -1.367142 1.108818 0.203869
v -1.365031 1.141793 0.203536
v -1.369253 1.141793 0.204203
v -1.346518 1.139417 0.203869
v -1.360829 1.120376 0.203980
v -1.346077 1.119967 0.203536
v -1.403287 1.141793 0.202869
v -1.403287 1.108818 0.202869
v -1.403287 1.125690 0.202869
v -1.403287 1.129297 0.202869
v -1.399014 1.125306 0.203869
v -1.405122 1.128170 0.204369
v -1.378741 1.117884 0.203960
v -1.387672 1.137186 0.203817
v -1.391927 1.120520 0.203869
v -1.411385 1.114962 0.204012
v -1.415890 1.116668 0.203826
v -1.416236 1.111293 0.203819
v -0.246789 1.195344 0.201536
v -0.252131 1.195344 0.203203
v -0.249460 1.154127 0.202369
v -0.238581 1.168157 0.201465
v -0.224781 1.170615 0.201660
v -0.232278 1.182999 0.204244
v -0.294011 1.174639 0.201744
v -0.284812 1.186245 0.201369
v -0.292960 1.192355 0.203203
v -0.278650 1.180128 0.203427
v -0.262502 1.176190 0.202869
v -0.273780 1.189414 0.201575
v -0.274255 1.166015 0.201608
v -0.289983 1.165708 0.203828
v -0.290215 1.158072 0.201023
v -0.305421 1.189138 0.202369
v -0.318049 1.193603 0.202488
v -0.330678 1.189138 0.202091
v -0.333890 1.171351 0.202536
v -0.332056 1.181943 0.201619
v -0.337558 1.195344 0.203369
v -0.305750 1.176723 0.199869
v -0.323545 1.183033 0.199869
v -0.314687 1.187099 0.204869
v -0.327954 1.172353 0.199869
v -0.326829 1.175625 0.204869
v -0.314319 1.170825 0.204869
v -0.312503 1.178093 0.201634
v -0.321713 1.174309 0.199869
v -0.312814 1.155259 0.202869
v -0.316347 1.164853 0.202177
v -0.341361 1.157492 0.202369
v -0.349716 1.190270 0.202369
v -0.362216 1.194170 0.202488
v -0.374609 1.190270 0.202091
v -0.382708 1.195344 0.199869
v -0.382708 1.168250 0.199869
v -0.382708 1.177353 0.199869
v -0.382708 1.181862 0.199869
v -0.382804 1.181330 0.203202
v -0.361230 1.171259 0.201427
v -0.354106 1.178276 0.204869
v -0.352714 1.184643 0.204869
v -0.351636 1.184636 0.199869
v -0.374105 1.182834 0.199869
v -0.371524 1.180894 0.204869
v -0.356524 1.182474 0.199869
v -0.360759 1.178678 0.199869
v -0.368040 1.181844 0.199869
v -0.353209 1.159943 0.204869
v -0.356358 1.158673 0.199869
v -0.360727 1.165045 0.199869
v -0.380932 1.166523 0.204869
v -0.385295 1.160781 0.199869
v -0.360010 1.160736 0.204869
v -0.378139 1.162088 0.201974
v -0.380880 1.158183 0.204869
v -0.514161 0.856108 0.204030
v -0.394304 0.852143 0.203369
v -0.397052 0.858548 0.203744
v -0.397052 0.840883 0.202994
v -0.391094 0.847853 0.203680
v -0.385126 0.846555 0.203658
v -0.388500 0.855641 0.202735
v -0.403736 0.855358 0.203369
v -0.414905 0.857711 0.201869
v -0.415665 0.853483 0.204869
v -0.414181 0.853378 0.201869
v -0.405041 0.854361 0.204869
v -0.405041 0.856350 0.201869
v -0.414216 0.854419 0.204869
v -0.413979 0.856491 0.201869
v -0.413205 0.857684 0.204869
v -0.414079 0.846011 0.203891
v -0.404672 0.848681 0.203369
v -0.408683 0.844955 0.202769
v -0.438727 0.858191 0.201869
v -0.438727 0.848704 0.201869
v -0.438727 0.852605 0.201869
v -0.438727 0.853841 0.201869
v -0.439759 0.853589 0.203584
v -0.429150 0.850394 0.203193
v -0.434852 0.854210 0.203852
v -0.431411 0.856246 0.202298
v -0.431090 0.841369 0.201869
v -0.431542 0.841769 0.204869
v -0.431542 0.847318 0.201869
v -0.431090 0.847724 0.204869
v -0.442152 0.844546 0.203369
v -0.441143 0.843253 0.204869
v -0.432445 0.846506 0.204869
v -0.432445 0.842568 0.201869
v -0.441143 0.845826 0.201869
v -0.457542 0.851373 0.203369
v -0.459973 0.858548 0.203744
v -0.459973 0.840883 0.202994
v -0.446466 0.856610 0.201869
v -0.446466 0.856210 0.204869
v -0.456521 0.856410 0.203369
v -0.449471 0.849778 0.202261
v -0.450893 0.849903 0.204419
v -0.456860 0.846231 0.203498
v -0.466475 0.849590 0.203369
v -0.472567 0.854987 0.204119
v -0.475145 0.851687 0.202319
v -0.464662 0.844247 0.204869
v -0.464662 0.844653 0.201869
v -0.481054 0.844450 0.203369
v -0.482737 0.847635 0.203369
v -0.486278 0.855310 0.203600
v -0.486259 0.840174 0.203138
v -0.497571 0.855659 0.201869
v -0.490522 0.850224 0.201869
v -0.490971 0.850630 0.204869
v -0.490522 0.857889 0.204869
v -0.501069 0.854712 0.203100
v -0.499726 0.851847 0.204944
v -0.491868 0.856653 0.204869
v -0.490971 0.857477 0.201869
v -0.491868 0.851442 0.201869
v -0.495568 0.846470 0.202726
v -0.500007 0.845483 0.204494
v -0.499978 0.842214 0.202469
v -0.522116 0.840883 0.201869
v -0.521658 0.840883 0.204869
v -0.521887 0.858548 0.203369
v -0.510612 0.848193 0.202261
v -0.516728 0.847430 0.203892
v -0.539977 0.849874 0.204052
v -0.538391 0.851754 0.202142
v -0.539345 0.857412 0.204187
v -0.528637 0.850394 0.203193
v -0.534339 0.854211 0.203852
v -0.530898 0.856246 0.202298
v -0.530577 0.841369 0.201869
v -0.531029 0.841769 0.204869
v -0.531029 0.847318 0.201869
v -0.530577 0.847724 0.204869
v -0.541640 0.847724 0.201869
v -0.541640 0.841369 0.204869
v -0.541191 0.847318 0.204869
v -0.531933 0.846506 0.204869
v -0.531933 0.842568 0.201869
v -0.540293 0.844537 0.203369
v -0.541191 0.841769 0.201869
v -0.557029 0.851373 0.203369
v -0.559460 0.858548 0.203744
v -0.559460 0.840883 0.202994
v -0.545953 0.856610 0.201869
v -0.545953 0.856210 0.204869
v -0.556008 0.856410 0.203369
v -0.547401 0.849344 0.203244
v -0.552653 0.851937 0.204119
v -0.555462 0.846259 0.203226
v -0.565962 0.849590 0.203369
v -0.572054 0.854987 0.204119
v -0.574632 0.851687 0.202319
v -0.580541 0.844653 0.204869
v -0.580541 0.844247 0.201869
v -0.564149 0.844450 0.203369
v -0.591473 0.850455 0.201869
v -0.591318 0.856035 0.204869
v -0.592418 0.857914 0.201869
v -0.602026 0.856193 0.203138
v -0.596252 0.849149 0.204728
v -0.603499 0.849411 0.201869
v -0.595095 0.857789 0.201869
v -0.593223 0.850533 0.201869
v -0.598203 0.851529 0.201869
v -0.599817 0.852172 0.204869
v -0.602812 0.852502 0.204869
v -0.598082 0.856781 0.204869
v -0.602545 0.856660 0.201869
v -0.599488 0.850412 0.201869
v -0.592775 0.846950 0.203369
v -0.603842 0.847255 0.204119
v -0.603327 0.842385 0.202769
v -0.621521 0.857372 0.202848
v -0.621406 0.849431 0.202536
v -0.623585 0.852719 0.204377
v -0.613396 0.855620 0.203062
v -0.609124 0.849449 0.203650
v -0.615729 0.851260 0.203798
v -0.611310 0.841369 0.204869
v -0.611310 0.847825 0.204869
v -0.622088 0.847825 0.201869
v -0.622088 0.841369 0.204869
v -0.621640 0.847422 0.204869
v -0.612656 0.845267 0.204869
v -0.620742 0.846616 0.201869
v -0.611983 0.844795 0.201869
v -0.620742 0.842568 0.204869
v -0.621640 0.841769 0.201869
v -0.628104 0.854754 0.203069
v -0.629624 0.842645 0.204869
v -0.630673 0.844203 0.201869
v -1.149446 0.851605 0.203869
v -0.977870 0.847137 0.203043
v -0.981415 0.855957 0.202261
v -0.986579 0.852727 0.204238
v -1.005729 0.841794 0.201869
v -1.005502 0.859459 0.203369
v -1.005274 0.841794 0.204869
v -0.992905 0.846986 0.201869
v -0.993363 0.847386 0.204869
v -0.993363 0.857502 0.201869
v -0.992905 0.857902 0.204869
v -1.001312 0.857902 0.201869
v -1.001312 0.846986 0.204869
v -1.000854 0.857502 0.204869
v -0.997109 0.856703 0.203584
v -0.994279 0.848186 0.201869
v -0.999938 0.848186 0.204869
v -1.000854 0.847386 0.201869
v -1.028787 0.852665 0.202142
v -1.030422 0.850785 0.204024
v -1.029768 0.858323 0.204174
v -1.019033 0.851304 0.203193
v -1.024735 0.855121 0.203852
v -1.021294 0.857156 0.202298
v -1.020973 0.842279 0.201869
v -1.021425 0.842679 0.204869
v -1.021425 0.848229 0.201869
v -1.020973 0.848635 0.204869
v -1.032035 0.848635 0.201869
v -1.032035 0.842279 0.204869
v -1.031586 0.848229 0.204869
v -1.022328 0.847417 0.204869
v -1.030689 0.845448 0.203369
v -1.022328 0.843479 0.201869
v -1.031586 0.842679 0.201869
v -1.049856 0.841794 0.202994
v -1.047425 0.852284 0.203369
v -1.049856 0.859459 0.203744
v -1.036349 0.857321 0.203369
v -1.046404 0.857521 0.204869
v -1.046404 0.857121 0.201869
v -1.045859 0.847169 0.203226
v -1.037797 0.850255 0.203244
v -1.043049 0.852847 0.204119
v -1.056358 0.850500 0.203369
v -1.062450 0.855897 0.204119
v -1.065028 0.852598 0.202319
v -1.054545 0.845564 0.201869
v -1.054545 0.845158 0.204869
v -1.070936 0.845361 0.203369
v -1.072620 0.848545 0.203369
v -1.076161 0.856220 0.203600
v -1.076142 0.841085 0.203138
v -1.092850 0.859459 0.201869
v -1.092850 0.849706 0.201869
v -1.092850 0.853516 0.201869
v -1.092850 0.854752 0.201869
v -1.093175 0.854595 0.203869
v -1.086492 0.852170 0.203798
v -1.079886 0.850360 0.203650
v -1.084158 0.856531 0.203062
v -1.082072 0.842279 0.201869
v -1.082072 0.848735 0.201869
v -1.092850 0.848735 0.201869
v -1.092850 0.842279 0.204869
v -1.092401 0.848333 0.204869
v -1.082745 0.845304 0.204869
v -1.091504 0.847527 0.201869
v -1.083418 0.844828 0.201869
v -1.091504 0.843479 0.204869
v -1.092401 0.842679 0.201869
v -1.111770 0.849257 0.202994
v -1.107992 0.854983 0.202769
v -1.111495 0.857853 0.203869
v -1.105000 0.852292 0.203983
v -1.098770 0.850324 0.203476
v -1.103071 0.856388 0.203036
v -1.105260 0.841574 0.204869
v -1.112839 0.842824 0.201869
v -1.101026 0.846218 0.204869
v -1.109340 0.848955 0.201869
v -1.108825 0.849374 0.204869
v -1.112159 0.846892 0.204869
v -1.102530 0.845712 0.204869
v -1.101766 0.844894 0.201869
v -1.107025 0.842647 0.203336
v -1.126883 0.854454 0.204177
v -1.130091 0.857700 0.202869
v -1.130319 0.846895 0.202994
v -1.121030 0.853807 0.204388
v -1.122513 0.855641 0.202084
v -1.126396 0.850149 0.203584
v -1.120465 0.842671 0.204119
v -1.120980 0.847005 0.202769
v -1.131468 0.842971 0.203369
v -1.149023 0.859459 0.201869
v -1.149023 0.841794 0.201869
v -1.149023 0.851061 0.201869
v -1.149023 0.852280 0.201869
v -1.136400 0.846295 0.203369
v -1.140897 0.855764 0.203254
v -1.142575 0.849325 0.203479
v -1.165562 0.847137 0.203043
v -1.169107 0.855957 0.202261
v -1.174271 0.852727 0.204238
v -1.193194 0.841794 0.203369
v -1.192967 0.859459 0.201869
v -1.193421 0.859459 0.204869
v -1.180598 0.846986 0.204869
v -1.180598 0.857902 0.201869
v -1.189004 0.857902 0.201869
v -1.189004 0.846986 0.204869
v -1.188546 0.857502 0.204869
v -1.181513 0.857102 0.204869
v -1.185744 0.856703 0.201869
v -1.181513 0.847786 0.201869
v -1.185744 0.848186 0.204869
v -1.188546 0.847386 0.201869
v -1.211880 0.859459 0.201869
v -1.211880 0.841794 0.201869
v -1.211880 0.851061 0.201869
v -1.211880 0.852280 0.201869
v -1.212303 0.851605 0.203869
v -1.200204 0.847359 0.203983
v -1.203988 0.852972 0.204548
v -1.203791 0.851524 0.201869
v -1.224151 0.850877 0.204869
v -1.217998 0.855223 0.201869
v -1.219269 0.851750 0.204869
v -1.218953 0.857984 0.204869
v -1.224879 0.859026 0.204869
v -1.226114 0.857518 0.201869
v -1.229088 0.856599 0.204655
v -1.227554 0.852636 0.202017
v -1.219820 0.857017 0.204869
v -1.224032 0.851280 0.204869
v -1.224693 0.857731 0.204869
v -1.220717 0.842206 0.204869
v -1.221373 0.848702 0.202233
v -1.230801 0.848523 0.204869
v -1.230485 0.847855 0.201869
v -1.231614 0.842206 0.204869
v -1.231162 0.842612 0.201869
v -1.230259 0.845713 0.204869
v -1.222063 0.846826 0.204869
v -1.221729 0.843692 0.201882
v -1.230259 0.843424 0.204869
v -1.248962 0.857847 0.203251
v -1.248798 0.849960 0.202536
v -1.251219 0.853338 0.204170
v -1.239078 0.852523 0.203869
v -1.240916 0.857050 0.203103
v -1.245227 0.850903 0.203203
v -1.245798 0.841463 0.201869
v -1.238041 0.844643 0.201869
v -1.238433 0.844443 0.204869
v -1.246621 0.848555 0.204869
v -1.240287 0.848313 0.201869
v -1.246331 0.848672 0.201869
v -1.250013 0.846110 0.201869
v -1.241017 0.847311 0.201869
v -1.239902 0.843912 0.201869
v -1.249162 0.843730 0.204869
v -1.248933 0.845451 0.201869
v -1.257016 0.843555 0.204869
v -1.255496 0.855665 0.203069
v -1.258065 0.845114 0.201869
v -0.369937 0.597636 0.201869
v -0.369937 0.580869 0.201869
v -0.369937 0.589513 0.201869
v -0.369937 0.590731 0.201869
v -0.371077 0.589736 0.203584
v -0.363736 0.585887 0.204869
v -0.363500 0.595828 0.203369
v -0.363962 0.585891 0.201869
v -0.391087 0.585429 0.202994
v -0.390859 0.596234 0.202869
v -0.387651 0.592988 0.204177
v -0.381798 0.592342 0.204388
v -0.383281 0.594175 0.202084
v -0.387164 0.588683 0.203584
v -0.381675 0.586030 0.203869
v -0.381439 0.581385 0.202869
v -0.392236 0.581505 0.203369
v -0.414214 0.597636 0.201869
v -0.414214 0.588149 0.201869
v -0.414214 0.592050 0.201869
v -0.414214 0.593287 0.201869
v -0.415246 0.593034 0.203584
v -0.410338 0.593656 0.203852
v -0.404637 0.589839 0.203193
v -0.406898 0.595691 0.202298
v -0.406577 0.580814 0.201869
v -0.407028 0.581214 0.204869
v -0.407028 0.586763 0.201869
v -0.406577 0.587169 0.204869
v -0.417639 0.583992 0.203369
v -0.416629 0.582698 0.204869
v -0.407932 0.585951 0.204869
v -0.407932 0.582014 0.201869
v -0.416629 0.585271 0.201869
v -0.435459 0.580329 0.202994
v -0.433028 0.590818 0.203369
v -0.435459 0.597993 0.203744
v -0.421952 0.595855 0.203369
v -0.432007 0.596055 0.204869
v -0.432007 0.595655 0.201869
v -0.432347 0.585676 0.203498
v -0.424957 0.589223 0.202261
v -0.426379 0.589349 0.204419
v -0.441961 0.589035 0.203369
v -0.448054 0.594432 0.204119
v -0.450632 0.591132 0.202319
v -0.456540 0.583692 0.201869
v -0.440148 0.583895 0.203369
v -0.456540 0.584098 0.204869
v -0.458223 0.587080 0.203369
v -0.461764 0.594755 0.203600
v -0.461746 0.579619 0.203138
v -0.478454 0.597993 0.201869
v -0.478454 0.588241 0.201869
v -0.478454 0.592050 0.201869
v -0.478454 0.593287 0.201869
v -0.478779 0.593129 0.203869
v -0.465489 0.588894 0.203651
v -0.469761 0.595065 0.203062
v -0.472095 0.590705 0.203798
v -0.467675 0.580814 0.201869
v -0.468124 0.581214 0.204869
v -0.468124 0.586867 0.201869
v -0.467675 0.587270 0.204869
v -0.478454 0.587270 0.201869
v -0.478454 0.580814 0.204869
v -0.478005 0.586867 0.204869
v -0.469022 0.586061 0.204869
v -0.477108 0.584037 0.203369
v -0.469022 0.582014 0.201869
v -0.478005 0.581214 0.201869
v -0.497373 0.587792 0.202994
v -0.493596 0.593518 0.202769
v -0.497099 0.596387 0.203869
v -0.490603 0.590827 0.203983
v -0.484374 0.588859 0.203476
v -0.488674 0.594922 0.203036
v -0.486630 0.584753 0.204869
v -0.487370 0.583428 0.201869
v -0.494944 0.587490 0.201869
v -0.494428 0.587909 0.204869
v -0.490865 0.580109 0.204869
v -0.498442 0.581358 0.201869
v -0.488134 0.584246 0.204869
v -0.492628 0.581182 0.203336
v -0.497762 0.585427 0.204869
v -0.515708 0.583186 0.203426
v -0.515518 0.596681 0.204129
v -0.518078 0.590587 0.202619
v -0.513133 0.595003 0.203203
v -0.502575 0.595003 0.203369
v -0.507863 0.596766 0.203441
v -0.507837 0.584579 0.203591
v -0.504968 0.587720 0.204869
v -0.506327 0.593583 0.204869
v -0.502636 0.590901 0.201869
v -0.511186 0.592963 0.201869
v -0.512500 0.591111 0.204869
v -0.511388 0.588195 0.201869
v -0.504400 0.590998 0.201869
v -0.510744 0.589029 0.204869
v -0.511106 0.591136 0.201869
v -0.533504 0.590996 0.201869
v -0.533428 0.582683 0.203449
v -0.533681 0.596186 0.204107
v -0.526009 0.588409 0.204869
v -0.525739 0.588871 0.201869
v -0.525705 0.595603 0.203969
v -0.554957 0.589630 0.204869
v -0.551001 0.591564 0.201869
v -0.548928 0.594790 0.204869
v -0.551050 0.597786 0.201869
v -0.559987 0.593541 0.201869
v -0.558125 0.597227 0.204869
v -0.560388 0.593051 0.204869
v -0.558113 0.595850 0.204869
v -0.547334 0.587340 0.202687
v -0.552367 0.583612 0.203369
v -0.559513 0.584660 0.203628
v -0.578985 0.587792 0.202994
v -0.574766 0.593583 0.203869
v -0.578673 0.596084 0.203290
v -0.572215 0.590827 0.203983
v -0.565985 0.588859 0.203476
v -0.570286 0.594922 0.203036
v -0.580053 0.581358 0.201869
v -0.568981 0.583428 0.201869
v -0.568241 0.584753 0.204869
v -0.576040 0.587909 0.204869
v -0.572477 0.580109 0.204869
v -0.579374 0.585427 0.204869
v -0.576555 0.587490 0.201869
v -0.569746 0.584246 0.204869
v -0.574240 0.581182 0.203336
v -0.594023 0.588735 0.204869
v -0.586559 0.588082 0.201869
v -0.586664 0.597138 0.201869
v -0.593781 0.596042 0.204869
v -0.592015 0.596038 0.201869
v -0.597433 0.597362 0.201869
v -0.597547 0.596528 0.204869
v -0.597604 0.586164 0.202512
v -0.586730 0.594899 0.201869
v -0.586527 0.595978 0.204869
v -0.590017 0.588173 0.201869
v -0.586235 0.590117 0.204869
v -0.593668 0.591197 0.204869
v -0.597089 0.593033 0.201869
v -0.594155 0.594165 0.201869
v -0.593962 0.590611 0.201869
v -0.588230 0.583795 0.204869
v -0.588229 0.584001 0.201869
v -0.598893 0.581487 0.203369
v -0.613318 0.592652 0.202733
v -0.604233 0.591116 0.203167
v -0.610601 0.595861 0.204066
v -0.605298 0.587768 0.204177
v -0.617810 0.587884 0.203119
v -0.610507 0.582087 0.202687
v -0.631341 0.586611 0.202869
v -0.635033 0.585102 0.203448
v -0.635349 0.597993 0.203744
v -0.623642 0.592430 0.201869
v -0.623188 0.595021 0.204869
v -0.624713 0.596463 0.201869
v -0.628882 0.598095 0.204869
v -0.632320 0.593604 0.204869
v -0.632451 0.594695 0.201869
v -0.626637 0.590521 0.204869
v -0.624669 0.593445 0.204869
v -0.629782 0.592342 0.204869
v -0.629106 0.596955 0.204869
v -0.627731 0.587050 0.203915
v -0.621850 0.588895 0.203369
v -0.632670 0.589381 0.202512
v -0.624832 0.581100 0.204119
v -0.625347 0.585070 0.202769
v -0.636476 0.581405 0.203369
v -0.641100 0.594199 0.203069
v -0.642619 0.582090 0.204869
v -0.643668 0.583649 0.201869
v -1.137417 0.586073 0.203839
v -1.135083 0.594436 0.203069
v -0.981414 0.596845 0.201869
v -0.981414 0.586103 0.201869
v -0.981414 0.590224 0.201869
v -0.981414 0.591442 0.201869
v -0.981737 0.591418 0.203869
v -0.976756 0.592726 0.201869
v -0.976761 0.592929 0.204869
v -0.968887 0.595467 0.203369
v -0.978726 0.588133 0.203969
v -0.967368 0.587840 0.202769
v -0.972307 0.590491 0.203369
v -0.969802 0.580732 0.201869
v -0.969803 0.584673 0.204869
v -0.981488 0.584676 0.201869
v -0.980793 0.583741 0.204869
v -0.979001 0.580281 0.201869
v -0.981489 0.580728 0.204869
v -0.971296 0.583707 0.204869
v -0.970515 0.583745 0.201869
v -0.972307 0.580279 0.204869
v -0.980012 0.583707 0.201869
v -0.996852 0.591126 0.202669
v -0.989498 0.591159 0.202887
v -0.995401 0.593953 0.204057
v -0.988949 0.586693 0.204177
v -1.001460 0.586809 0.203119
v -0.994161 0.580957 0.202687
v -1.023062 0.596488 0.201869
v -1.023062 0.587001 0.201869
v -1.023062 0.590902 0.201869
v -1.023062 0.592138 0.201869
v -1.024094 0.591886 0.203584
v -1.013485 0.588691 0.203193
v -1.019187 0.592507 0.203852
v -1.015746 0.594542 0.202298
v -1.015425 0.579666 0.204869
v -1.015425 0.586021 0.201869
v -1.026487 0.586021 0.201869
v -1.026487 0.579666 0.201869
v -1.026039 0.585615 0.204869
v -1.016441 0.584123 0.204869
v -1.025141 0.583491 0.201869
v -1.016780 0.584803 0.201869
v -1.016328 0.580465 0.201869
v -1.025590 0.580465 0.204869
v -1.044308 0.579180 0.202994
v -1.041877 0.589670 0.203369
v -1.044308 0.596845 0.203744
v -1.030801 0.594907 0.201869
v -1.030801 0.594507 0.204869
v -1.040856 0.594707 0.203369
v -1.032249 0.587641 0.203244
v -1.037501 0.590234 0.204119
v -1.040311 0.584556 0.203226
v -1.050811 0.587887 0.203369
v -1.056902 0.593284 0.204119
v -1.059480 0.589984 0.202319
v -1.048997 0.582950 0.201869
v -1.048997 0.582544 0.204869
v -1.065388 0.582747 0.203369
v -1.067072 0.585932 0.203369
v -1.070613 0.593607 0.203600
v -1.070594 0.578471 0.203138
v -1.086761 0.595669 0.202861
v -1.086620 0.587727 0.202536
v -1.088856 0.591016 0.204330
v -1.080944 0.589556 0.203798
v -1.074338 0.587746 0.203651
v -1.078610 0.593917 0.203062
v -1.076524 0.579666 0.204869
v -1.076524 0.586122 0.204869
v -1.087302 0.586122 0.201869
v -1.087302 0.579666 0.204869
v -1.086854 0.585719 0.204869
v -1.077870 0.583564 0.204869
v -1.085956 0.584913 0.201869
v -1.077197 0.583092 0.201869
v -1.085956 0.580865 0.204869
v -1.086854 0.580066 0.201869
v -1.106222 0.586644 0.202994
v -1.102444 0.592369 0.202769
v -1.105947 0.595239 0.203869
v -1.099451 0.589679 0.203983
v -1.093222 0.587711 0.203476
v -1.097523 0.593774 0.203036
v -1.099712 0.578961 0.204869
v -1.107291 0.580210 0.201869
v -1.095478 0.583605 0.204869
v -1.103792 0.586342 0.201869
v -1.103278 0.586760 0.204869
v -1.106611 0.584278 0.204869
v -1.096982 0.583098 0.204869
v -1.096218 0.582280 0.201869
v -1.101477 0.580033 0.203336
v -1.124771 0.584281 0.202994
v -1.120991 0.591619 0.202769
v -1.124498 0.594939 0.203869
v -1.115482 0.591194 0.204388
v -1.116965 0.593027 0.202084
v -1.120848 0.587535 0.203584
v -1.115358 0.584882 0.203869
v -1.115123 0.580237 0.202869
v -1.125920 0.580357 0.203369
v -1.142792 0.580725 0.202536
v -1.142995 0.595050 0.202872
v -1.145337 0.588008 0.204189
v -1.132988 0.585967 0.203126
v -1.170705 0.591495 0.202469
v -1.168640 0.587134 0.203880
v -1.168464 0.595945 0.204226
v -1.164454 0.592928 0.204869
v -1.164448 0.592726 0.201869
v -1.156579 0.595467 0.203369
v -1.155059 0.587840 0.202769
v -1.160000 0.590491 0.203369
v -1.166418 0.588133 0.203969
v -1.169182 0.580728 0.204869
v -1.157495 0.580731 0.201869
v -1.157496 0.584673 0.204869
v -1.169181 0.584676 0.201869
v -1.158988 0.583707 0.204869
v -1.158207 0.583745 0.201869
v -1.160000 0.580279 0.204869
v -1.166693 0.580281 0.201869
v -1.168486 0.583741 0.204869
v -1.167705 0.583707 0.201869
v -1.179666 0.591539 0.202656
v -1.181953 0.594696 0.204012
v -1.186894 0.590509 0.203342
v -1.189153 0.586809 0.203119
v -1.181854 0.580957 0.202687
v -1.176641 0.586693 0.204177
v -1.205776 0.581497 0.203848
v -1.205612 0.595649 0.204169
v -1.208167 0.589897 0.202469
v -1.198243 0.588911 0.201869
v -1.194655 0.584745 0.203983
v -1.198440 0.590359 0.204548
v -1.218603 0.588263 0.204869
v -1.213721 0.589137 0.204869
v -1.215944 0.597237 0.204869
v -1.212431 0.592187 0.201869
v -1.223526 0.593116 0.203352
v -1.214500 0.594641 0.203625
v -1.218484 0.588666 0.204869
v -1.221610 0.591106 0.201869
v -1.215169 0.579593 0.204869
v -1.215853 0.586088 0.202189
v -1.225253 0.585909 0.204869
v -1.224937 0.585241 0.201869
v -1.226066 0.579593 0.204869
v -1.225614 0.579999 0.201869
v -1.224711 0.581574 0.204869
v -1.216515 0.584893 0.204869
v -1.216179 0.581078 0.201863
v -1.216515 0.580810 0.204869
v -1.243932 0.596845 0.201869
v -1.243932 0.586662 0.201869
v -1.243932 0.590765 0.201869
v -1.243932 0.592010 0.201869
v -1.244257 0.591819 0.203869
v -1.233530 0.589910 0.203869
v -1.235368 0.594437 0.203103
v -1.239679 0.588290 0.203203
v -1.240249 0.578850 0.201869
v -1.232493 0.582029 0.201869
v -1.234740 0.585699 0.201869
v -1.240784 0.586058 0.201869
v -1.241073 0.585942 0.204869
v -1.244465 0.583496 0.201869
v -1.235469 0.584697 0.201869
v -1.234354 0.581298 0.201869
v -1.232885 0.581829 0.204869
v -1.243614 0.581116 0.204869
v -1.243385 0.582837 0.201869
v -1.249963 0.579015 0.203669
v -1.248695 0.594253 0.204119
v -1.252363 0.585961 0.202949
v -0.661196 0.327178 0.203669
v -0.662542 0.332214 0.201869
v -0.661869 0.333983 0.204203
v -0.671285 0.333773 0.201869
v -0.671397 0.332944 0.204869
v -0.672294 0.327178 0.201869
v -0.662542 0.329916 0.204869
v -0.670948 0.329916 0.201869
v -0.662542 0.328377 0.201869
v -0.671397 0.327977 0.204869
v -0.666798 0.320165 0.203036
v -0.659620 0.324182 0.203869
v -0.674941 0.324270 0.203536
v -0.679235 0.331735 0.203369
v -0.680540 0.330738 0.204869
v -0.690404 0.334088 0.201869
v -0.691164 0.329860 0.204869
v -0.689681 0.329755 0.201869
v -0.680540 0.332726 0.201869
v -0.689715 0.330795 0.204869
v -0.688704 0.334060 0.204869
v -0.689478 0.332868 0.201869
v -0.690403 0.324940 0.202369
v -0.685298 0.319409 0.203744
v -0.682927 0.324661 0.203764
v -0.707746 0.330611 0.203869
v -0.709962 0.334472 0.203485
v -0.708240 0.326265 0.202908
v -0.704629 0.330676 0.204080
v -0.697731 0.325037 0.202713
v -0.702166 0.332411 0.202343
v -0.699049 0.320273 0.201869
v -0.699780 0.321596 0.204869
v -0.703312 0.324957 0.201869
v -0.710912 0.323705 0.204869
v -0.706838 0.317008 0.201869
v -0.705068 0.323879 0.203403
v -0.700534 0.320778 0.201869
v -0.710228 0.319553 0.201869
v -0.707367 0.317448 0.204869
v -0.732981 0.334568 0.201869
v -0.732981 0.325081 0.201869
v -0.732981 0.328982 0.201869
v -0.732981 0.330218 0.201869
v -0.734013 0.329966 0.203584
v -0.723404 0.326771 0.203193
v -0.729106 0.330587 0.203852
v -0.725665 0.332622 0.202298
v -0.725344 0.317745 0.204869
v -0.725796 0.323695 0.201869
v -0.725344 0.324101 0.204869
v -0.736406 0.324101 0.201869
v -0.736406 0.317745 0.201869
v -0.735957 0.323695 0.204869
v -0.726699 0.321570 0.204869
v -0.726247 0.318545 0.201869
v -0.735509 0.318545 0.204869
v -0.735060 0.321570 0.201869
v -0.754227 0.317260 0.202994
v -0.751795 0.327750 0.203369
v -0.754227 0.334925 0.203744
v -0.740719 0.332787 0.203369
v -0.750774 0.332987 0.204869
v -0.750774 0.332587 0.201869
v -0.743725 0.326155 0.202261
v -0.745147 0.326280 0.204419
v -0.751114 0.322608 0.203498
v -0.760729 0.325966 0.203369
v -0.766821 0.331363 0.204119
v -0.769399 0.328064 0.202319
v -0.775307 0.321030 0.204869
v -0.775307 0.320624 0.201869
v -0.758915 0.320827 0.203369
v -0.776991 0.324011 0.203369
v -0.780532 0.331687 0.203600
v -0.780513 0.316551 0.203139
v -0.797221 0.334925 0.201869
v -0.797221 0.325172 0.201869
v -0.797221 0.328982 0.201869
v -0.797221 0.330218 0.201869
v -0.797546 0.330061 0.203869
v -0.790862 0.327636 0.203798
v -0.784257 0.325826 0.203651
v -0.788529 0.331997 0.203062
v -0.786443 0.317745 0.204869
v -0.786443 0.324201 0.201869
v -0.797221 0.324201 0.204869
v -0.797221 0.317745 0.201869
v -0.796212 0.319657 0.204869
v -0.787340 0.323396 0.204869
v -0.796324 0.323396 0.201869
v -0.787452 0.319657 0.201869
v -0.787789 0.318945 0.204869
v -0.795875 0.318945 0.201869
v -0.816141 0.324723 0.202994
v -0.812363 0.330449 0.202769
v -0.815866 0.333319 0.203869
v -0.809370 0.327759 0.203983
v -0.807441 0.331854 0.203036
v -0.803141 0.325791 0.203476
v -0.809632 0.317040 0.204869
v -0.806137 0.320359 0.201869
v -0.805397 0.321684 0.204869
v -0.813196 0.324840 0.204869
v -0.813711 0.324421 0.201869
v -0.817209 0.318290 0.201869
v -0.816529 0.322358 0.204869
v -0.806901 0.321177 0.204869
v -0.811395 0.318113 0.203336
v -0.834462 0.333166 0.202869
v -0.831254 0.329920 0.204177
v -0.834689 0.322361 0.202994
v -0.830767 0.325615 0.203584
v -0.825401 0.329273 0.204388
v -0.826884 0.331107 0.202084
v -0.825277 0.322961 0.203869
v -0.825042 0.318317 0.202869
v -0.835838 0.318437 0.203369
v -0.853462 0.317260 0.203369
v -0.853235 0.334925 0.201869
v -0.853689 0.334925 0.204869
v -0.849626 0.331803 0.204314
v -0.843451 0.322918 0.203187
v -0.844716 0.331582 0.202469
v -0.867642 0.327178 0.203669
v -0.868316 0.333983 0.204203
v -0.868989 0.332214 0.201869
v -0.877844 0.332944 0.204869
v -0.877732 0.333773 0.201869
v -0.878741 0.327178 0.201869
v -0.868989 0.329916 0.204869
v -0.877395 0.329916 0.201869
v -0.868989 0.328377 0.201869
v -0.877844 0.327977 0.204869
v -0.880314 0.324182 0.203119
v -0.873120 0.320165 0.203536
v -0.864996 0.324270 0.203369
v -0.897030 0.324116 0.203426
v -0.896840 0.334006 0.204129
v -0.899364 0.329619 0.202619
v -0.891104 0.327130 0.204119
v -0.884631 0.325051 0.203651
v -0.888885 0.331724 0.202598
v -0.887249 0.318185 0.204119
v -0.887771 0.322320 0.202769
v -0.898174 0.318496 0.203369
v -0.916251 0.334925 0.201869
v -0.916251 0.317260 0.201869
v -0.916251 0.326527 0.201869
v -0.916251 0.327745 0.201869
v -0.916674 0.327071 0.203869
v -0.904575 0.322825 0.203983
v -0.908359 0.328438 0.204548
v -0.908162 0.326989 0.201869
v -0.933425 0.330750 0.202244
v -0.932280 0.329066 0.204352
v -0.923322 0.327512 0.201869
v -0.922369 0.330254 0.204869
v -0.923640 0.333746 0.201869
v -0.928942 0.333977 0.204869
v -0.925178 0.333198 0.201869
v -0.924185 0.328455 0.201869
v -0.931058 0.330216 0.201869
v -0.925088 0.317672 0.203669
v -0.926434 0.325062 0.204869
v -0.926434 0.322379 0.204869
v -0.926165 0.322663 0.202142
v -0.934856 0.323321 0.201869
v -0.935172 0.323989 0.204869
v -0.935985 0.317672 0.204869
v -0.935533 0.318078 0.201869
v -0.934630 0.319653 0.204869
v -0.926434 0.321179 0.204869
v -0.926434 0.318890 0.204869
v -0.953169 0.325426 0.202536
v -0.953333 0.333313 0.203252
v -0.955590 0.328804 0.204170
v -0.943449 0.327989 0.203869
v -0.945286 0.332516 0.203103
v -0.949597 0.326369 0.203203
v -0.950168 0.316929 0.201869
v -0.945158 0.318267 0.204869
v -0.942412 0.320110 0.201869
v -0.942414 0.321570 0.204869
v -0.950164 0.324730 0.204869
v -0.953471 0.321835 0.201869
v -0.954383 0.321576 0.201869
v -0.945166 0.323400 0.201869
v -0.944273 0.319378 0.201869
v -0.944275 0.322288 0.204869
v -0.953863 0.319853 0.204869
v -0.959882 0.317095 0.203669
v -0.958614 0.332333 0.204119
v -0.962282 0.324040 0.202949
v -1.722386 1.497892 0.204368
v -1.726889 1.414742 0.204368
v -1.799355 1.414742 0.204368
v -1.723103 1.331592 0.204370
v -1.795570 1.331592 0.204370
v -1.723119 1.248441 0.204370
v -1.795585 1.248441 0.204370
v -1.722279 1.165291 0.204370
v -1.794746 1.165291 0.204370
v -1.695570 1.502600 0.201869
v -1.722386 1.492512 0.201869
v -1.703339 1.499685 0.201869
v -1.695168 1.494337 0.204370
v -1.719253 1.532906 0.203297
v -1.731930 1.532248 0.201869
v -1.734774 1.536912 0.204869
v -1.751134 1.538199 0.201869
v -1.758555 1.531788 0.203938
v -1.757739 1.496668 0.202702
v -1.751812 1.492704 0.204869
v -1.731848 1.495521 0.203254
v -1.746272 1.497189 0.202954
v -1.740604 1.530805 0.203415
v -1.738702 1.502532 0.204869
v -1.749680 1.529978 0.203254
v -1.783391 1.492512 0.203369
v -1.772875 1.525942 0.203514
v -1.786384 1.539103 0.203069
v -1.806075 1.516452 0.203369
v -1.806676 1.535213 0.201869
v -1.809225 1.537629 0.204869
v -1.823582 1.537598 0.201869
v -1.833102 1.528195 0.203869
v -1.829143 1.515636 0.203247
v -1.828920 1.493802 0.204869
v -1.804719 1.495807 0.201869
v -1.819171 1.496722 0.203869
v -1.827905 1.494862 0.201869
v -1.820722 1.512768 0.204869
v -1.811385 1.511574 0.201869
v -1.805213 1.496046 0.204869
v -1.817681 1.517950 0.203337
v -1.812995 1.530904 0.203647
v -1.822959 1.529868 0.203036
v -1.700072 1.419450 0.201869
v -1.726889 1.409362 0.201869
v -1.707841 1.416535 0.201869
v -1.699670 1.411188 0.204370
v -1.723755 1.449755 0.203297
v -1.736433 1.449098 0.201869
v -1.739277 1.453762 0.204869
v -1.755636 1.455049 0.201869
v -1.763058 1.448637 0.203938
v -1.762241 1.413517 0.202702
v -1.756316 1.409555 0.204869
v -1.736351 1.412371 0.203254
v -1.750774 1.414039 0.202954
v -1.743204 1.419382 0.204869
v -1.754182 1.446827 0.203254
v -1.745107 1.447655 0.203415
v -1.772539 1.419450 0.201869
v -1.799355 1.409362 0.201869
v -1.780307 1.416535 0.201869
v -1.796222 1.449755 0.203297
v -1.772135 1.411186 0.204370
v -1.824126 1.409362 0.203369
v -1.813612 1.442793 0.203514
v -1.827119 1.455953 0.203069
v -1.696287 1.336300 0.201869
v -1.723103 1.326211 0.201869
v -1.704056 1.333385 0.201869
v -1.719970 1.366605 0.203297
v -1.695884 1.328037 0.204369
v -1.732648 1.365948 0.201869
v -1.735492 1.370611 0.204869
v -1.751851 1.371899 0.201869
v -1.759273 1.365487 0.203938
v -1.758456 1.330367 0.202703
v -1.752530 1.326405 0.204869
v -1.732566 1.329221 0.203254
v -1.739419 1.336232 0.204869
v -1.746990 1.330889 0.202954
v -1.750396 1.363678 0.203254
v -1.741322 1.364504 0.203415
v -1.768754 1.336300 0.201869
v -1.795570 1.326211 0.201869
v -1.776522 1.333385 0.201869
v -1.768350 1.328035 0.204369
v -1.792437 1.366605 0.203297
v -1.816635 1.335896 0.203399
v -1.825489 1.364137 0.203209
v -1.833571 1.334515 0.203612
v -1.696302 1.253150 0.201869
v -1.723119 1.243061 0.201869
v -1.704071 1.250235 0.201869
v -1.695899 1.244886 0.204369
v -1.719986 1.283455 0.203297
v -1.732664 1.282798 0.201869
v -1.735507 1.287462 0.204869
v -1.751866 1.288749 0.201869
v -1.759288 1.282337 0.203938
v -1.758471 1.247217 0.202703
v -1.752547 1.243255 0.204869
v -1.732581 1.246071 0.203254
v -1.747005 1.247739 0.202954
v -1.741337 1.281354 0.203415
v -1.739434 1.253082 0.204869
v -1.750412 1.280528 0.203254
v -1.768769 1.253150 0.201869
v -1.795585 1.243061 0.201869
v -1.776538 1.250235 0.201869
v -1.768367 1.244887 0.204369
v -1.792452 1.283455 0.203297
v -1.814490 1.252188 0.203774
v -1.821900 1.275538 0.203428
v -1.829500 1.247945 0.203003
v -1.695463 1.170000 0.201869
v -1.722279 1.159911 0.201869
v -1.703232 1.167084 0.201869
v -1.719146 1.200305 0.203297
v -1.695061 1.161737 0.204369
v -1.731823 1.199648 0.201869
v -1.734667 1.204311 0.204869
v -1.751027 1.205599 0.201869
v -1.758448 1.199187 0.203938
v -1.757632 1.164068 0.202703
v -1.751707 1.160104 0.204869
v -1.731740 1.162922 0.203254
v -1.738595 1.169931 0.204869
v -1.746166 1.164588 0.202954
v -1.749573 1.197377 0.203254
v -1.740498 1.198204 0.203415
v -1.767929 1.170000 0.201869
v -1.794746 1.159911 0.201869
v -1.775698 1.167084 0.201869
v -1.767526 1.161735 0.204369
v -1.791613 1.200305 0.203297
v -1.811977 1.159189 0.201869
v -1.816012 1.183844 0.201869
v -1.814151 1.197832 0.203528
v -1.836295 1.175383 0.202388
v -1.830274 1.161492 0.204869
v -1.803885 1.166164 0.203970
v -1.814419 1.165841 0.203494
v -1.824036 1.169197 0.203219
v -1.815998 1.183563 0.204869
v -1.993576 1.524225 0.203841
v -2.061265 1.534652 0.204312
v -1.884789 1.522222 0.203369
v -1.880859 1.537178 0.202869
v -1.885512 1.540126 0.203956
v -1.897865 1.539494 0.204238
v -1.903015 1.537907 0.202895
v -1.894119 1.525447 0.203425
v -1.907213 1.524954 0.201869
v -1.907324 1.523305 0.204869
v -1.907427 1.521672 0.201869
v -1.917805 1.522222 0.203369
v -1.913875 1.537178 0.202869
v -1.918528 1.540126 0.203956
v -1.935838 1.537834 0.201869
v -1.933813 1.539710 0.204869
v -1.935497 1.523959 0.204869
v -1.928262 1.522357 0.204869
v -1.923783 1.524974 0.201869
v -1.931806 1.522009 0.201869
v -1.933180 1.538318 0.201869
v -1.926698 1.537288 0.204869
v -1.929393 1.539966 0.201869
v -1.958193 1.525457 0.204869
v -1.949317 1.538475 0.203400
v -1.956572 1.523213 0.202702
v -1.971770 1.525457 0.204869
v -1.962894 1.538475 0.203400
v -1.970150 1.523213 0.202703
v -1.987846 1.523500 0.202869
v -1.985111 1.528531 0.204869
v -1.978320 1.528531 0.201869
v -1.975699 1.523511 0.203869
v -1.981886 1.540035 0.204869
v -1.981455 1.540463 0.201869
v -1.984893 1.529133 0.201869
v -1.981715 1.537922 0.201869
v -1.978556 1.529133 0.204869
v -1.999765 1.535424 0.204067
v -1.993513 1.536185 0.202244
v -2.009545 1.524417 0.202769
v -2.003845 1.540190 0.203369
v -2.011537 1.537401 0.204370
v -2.033104 1.522222 0.203369
v -2.029174 1.537178 0.202869
v -2.033827 1.540126 0.203956
v -2.040876 1.540019 0.203369
v -2.047884 1.542265 0.203441
v -2.054832 1.540019 0.203203
v -2.058245 1.530134 0.202536
v -2.058457 1.541722 0.202865
v -2.044046 1.530314 0.201869
v -2.042322 1.536420 0.201869
v -2.042713 1.536088 0.204869
v -2.054641 1.533832 0.204869
v -2.053678 1.536439 0.201869
v -2.051263 1.530905 0.201869
v -2.043255 1.534250 0.201869
v -2.044529 1.530904 0.204869
v -2.052394 1.533905 0.203309
v -2.058008 1.521612 0.202769
v -2.043782 1.527174 0.203369
v -2.058681 1.527573 0.204119
v -2.083826 1.543578 0.201869
v -2.084433 1.543578 0.204869
v -2.084130 1.520025 0.203369
v -2.067766 1.526186 0.203476
v -2.078830 1.538306 0.203163
v -2.074342 1.537349 0.203628
v -2.117872 1.543578 0.201869
v -2.118483 1.543578 0.204869
v -2.118177 1.531600 0.203369
v -2.111318 1.532592 0.201869
v -2.101993 1.534383 0.201869
v -2.102649 1.541946 0.201869
v -2.101373 1.536347 0.204869
v -2.112170 1.542048 0.201869
v -2.109737 1.543035 0.204869
v -2.104679 1.541155 0.201869
v -2.103425 1.535135 0.201869
v -2.109974 1.534233 0.201869
v -2.111595 1.534111 0.204869
v -2.111337 1.539988 0.201869
v -2.104612 1.520672 0.203669
v -2.106407 1.530305 0.204869
v -2.105958 1.528627 0.202298
v -2.106407 1.526923 0.204869
v -2.117888 1.526145 0.204869
v -2.117738 1.529460 0.201869
v -2.119093 1.520672 0.201869
v -2.106407 1.525324 0.204869
v -2.117286 1.524306 0.201869
v -2.106407 1.522271 0.204869
v -2.106407 1.522271 0.201869
v -2.124685 1.540019 0.203369
v -2.131694 1.542265 0.203441
v -2.138641 1.540019 0.203203
v -2.142964 1.543578 0.201869
v -2.142964 1.529255 0.201869
v -2.142964 1.534530 0.201869
v -2.142964 1.536154 0.201869
v -2.143397 1.536232 0.203869
v -2.127856 1.530314 0.201869
v -2.126523 1.536088 0.204869
v -2.126132 1.536420 0.201869
v -2.138449 1.533832 0.204869
v -2.137487 1.536440 0.201869
v -2.135072 1.530905 0.201869
v -2.127064 1.534250 0.201869
v -2.128340 1.530904 0.204869
v -2.136203 1.533905 0.203309
v -2.141817 1.521612 0.202769
v -2.127591 1.527174 0.203369
v -2.142490 1.527573 0.204119
v -2.168243 1.543578 0.204869
v -2.167636 1.543578 0.201869
v -2.167940 1.530000 0.203369
v -2.159163 1.534022 0.203983
v -2.156590 1.539483 0.203036
v -2.150856 1.531398 0.203476
v -2.168122 1.528020 0.203069
v -2.167810 1.521028 0.203744
v -2.153525 1.527857 0.203369
v -2.201706 1.543578 0.201869
v -2.202317 1.543578 0.204869
v -2.202012 1.530476 0.203369
v -2.185796 1.532747 0.201869
v -2.186395 1.533280 0.204869
v -2.186395 1.542182 0.201869
v -2.185796 1.542723 0.204869
v -2.196700 1.542723 0.201869
v -2.196700 1.532747 0.201869
v -2.195796 1.537998 0.204869
v -2.187591 1.541099 0.204869
v -2.194893 1.538848 0.201869
v -2.187591 1.534347 0.201869
v -2.191567 1.522934 0.202548
v -2.194294 1.527252 0.204261
v -2.199845 1.524088 0.203052
v -2.233756 1.530434 0.204890
v -2.233559 1.540841 0.203262
v -2.233972 1.522789 0.202583
v -2.219534 1.526562 0.203114
v -2.223785 1.538379 0.204478
v -2.227416 1.540611 0.202994
v -2.244038 1.531827 0.202869
v -2.252936 1.539072 0.202990
v -2.255661 1.534588 0.204340
v -2.242121 1.524536 0.203369
v -2.253049 1.528211 0.203441
v -2.263977 1.524536 0.203203
v -2.285850 1.530000 0.201869
v -2.285243 1.530000 0.204869
v -2.285546 1.543578 0.203369
v -2.274227 1.539576 0.203062
v -2.276903 1.534122 0.203891
v -2.268463 1.531398 0.203476
v -2.285416 1.521028 0.203744
v -2.271132 1.527857 0.203369
v -2.285728 1.528020 0.203069
v -1.884818 1.496915 0.203369
v -1.880888 1.511872 0.202869
v -1.885541 1.514819 0.203956
v -1.897895 1.514187 0.204238
v -1.903044 1.512599 0.202896
v -1.894148 1.500140 0.203425
v -1.907353 1.497998 0.204869
v -1.907243 1.499647 0.201869
v -1.907456 1.496365 0.201869
v -1.917137 1.514187 0.204238
v -1.922287 1.512599 0.202895
v -1.913391 1.500140 0.203425
v -1.935867 1.512527 0.201869
v -1.933843 1.514403 0.204869
v -1.935526 1.498650 0.204869
v -1.928291 1.497049 0.204869
v -1.923812 1.499667 0.201869
v -1.931835 1.496702 0.201869
v -1.933210 1.513011 0.201869
v -1.926728 1.511982 0.204869
v -1.929421 1.514659 0.201869
v -1.965120 1.505019 0.203476
v -1.965550 1.515389 0.203155
v -1.951173 1.515224 0.203369
v -1.949239 1.499860 0.202869
v -1.957672 1.504755 0.203702
v -1.969855 1.499742 0.203203
v -1.976589 1.513545 0.202169
v -1.978055 1.517174 0.204869
v -1.991464 1.516962 0.201869
v -1.989994 1.512657 0.201869
v -1.994861 1.505957 0.203254
v -1.975362 1.506228 0.202469
v -1.978398 1.515057 0.204869
v -1.978715 1.511906 0.201869
v -1.991137 1.514721 0.204869
v -1.980685 1.506769 0.204869
v -1.987156 1.506769 0.201869
v -1.987857 1.508540 0.204869
v -1.984952 1.509132 0.201869
v -1.978396 1.510666 0.204869
v -1.976390 1.496512 0.201869
v -1.976388 1.501884 0.204869
v -1.991477 1.501884 0.201869
v -1.988270 1.502452 0.204869
v -1.991477 1.496513 0.204869
v -1.979606 1.502456 0.201869
v -1.978326 1.497798 0.201869
v -1.977286 1.497775 0.204869
v -1.990583 1.497780 0.201869
v -1.989540 1.497800 0.204869
v -2.002453 1.513277 0.202619
v -2.016685 1.503458 0.203744
v -2.003993 1.502383 0.203369
v -2.028677 1.508748 0.203792
v -2.033848 1.515659 0.202619
v -2.041137 1.508344 0.203309
v -2.026265 1.496622 0.201869
v -2.026265 1.501915 0.204869
v -2.041625 1.501916 0.201869
v -2.041626 1.496621 0.204869
v -2.038346 1.496035 0.201869
v -2.027198 1.500669 0.201869
v -2.028236 1.500625 0.204869
v -2.029544 1.496035 0.204869
v -2.040694 1.500668 0.204869
v -2.039654 1.500624 0.201869
v -2.051552 1.507941 0.203669
v -2.053347 1.514920 0.204869
v -2.052461 1.516456 0.202185
v -2.065274 1.516232 0.204869
v -2.064855 1.515363 0.201869
v -2.066350 1.507941 0.204869
v -2.065752 1.508474 0.201869
v -2.053347 1.509540 0.204869
v -2.053347 1.510566 0.201869
v -2.064556 1.510566 0.204869
v -2.066334 1.503789 0.204119
v -2.058837 1.497558 0.202512
v -2.048023 1.504064 0.203369
v -2.095031 1.497184 0.202717
v -2.085045 1.504859 0.203182
v -2.095821 1.511491 0.204390
v -2.106362 1.513135 0.204869
v -2.118246 1.514324 0.204869
v -2.121162 1.501682 0.204869
v -2.112106 1.496106 0.204869
v -2.104314 1.509717 0.201869
v -2.104702 1.501703 0.204869
v -2.117692 1.497082 0.201869
v -2.112367 1.496612 0.204869
v -2.118528 1.510843 0.204869
v -2.117785 1.513335 0.201869
v -2.108747 1.512980 0.204869
v -2.132129 1.495758 0.202749
v -2.128953 1.500242 0.204565
v -2.136949 1.514888 0.203369
v -2.169611 1.518270 0.203369
v -2.169301 1.494717 0.204869
v -2.169920 1.494717 0.201869
v -2.157385 1.511475 0.202042
v -2.156988 1.505080 0.203737
v -2.155820 1.514998 0.203980
v -2.162419 1.508631 0.203369
v -2.165405 1.517794 0.203744
v -2.165405 1.495438 0.202994
v -2.190393 1.513528 0.202432
v -2.191825 1.508289 0.203469
v -2.193900 1.517406 0.204226
v -2.179492 1.506604 0.203656
v -2.177559 1.516469 0.203369
v -2.187557 1.514756 0.203124
v -2.186506 1.503293 0.203182
v -2.185725 1.499921 0.204478
v -2.191181 1.497011 0.202298
v -1.878015 1.428925 0.201869
v -1.888045 1.443661 0.204869
v -1.890070 1.441786 0.201869
v -1.889729 1.427908 0.204869
v -1.886038 1.425960 0.201869
v -1.882494 1.426308 0.204869
v -1.887412 1.442270 0.201869
v -1.880930 1.441239 0.204869
v -1.883624 1.443917 0.201869
v -1.896091 1.426644 0.203901
v -1.904217 1.443706 0.203669
v -1.898268 1.441313 0.202278
v -1.906899 1.426527 0.204869
v -1.909819 1.427993 0.204869
v -1.908345 1.427256 0.201869
v -1.911031 1.428925 0.201869
v -1.923086 1.441785 0.201869
v -1.921062 1.443661 0.204869
v -1.922745 1.427908 0.204869
v -1.915510 1.426307 0.204869
v -1.919054 1.425960 0.201869
v -1.920428 1.442270 0.201869
v -1.913946 1.441239 0.204869
v -1.916640 1.443917 0.201869
v -1.932614 1.427597 0.203768
v -1.932127 1.433028 0.201869
v -1.925824 1.436551 0.201869
v -1.928766 1.443672 0.204869
v -1.928346 1.443700 0.201869
v -1.936145 1.443220 0.201869
v -1.936362 1.440760 0.204869
v -1.931219 1.434040 0.204869
v -1.934324 1.442786 0.201870
v -1.927981 1.436210 0.201869
v -1.952519 1.437199 0.203669
v -1.953428 1.445713 0.202185
v -1.966241 1.445489 0.204869
v -1.965822 1.444620 0.201869
v -1.967318 1.437199 0.201869
v -1.965523 1.441875 0.204869
v -1.954314 1.439824 0.201869
v -1.954314 1.443281 0.204869
v -1.966121 1.438265 0.204869
v -1.965523 1.438798 0.201869
v -1.959990 1.427849 0.203036
v -1.950420 1.433204 0.203869
v -1.970847 1.433322 0.203536
v -1.976572 1.443275 0.203369
v -1.991464 1.446412 0.201869
v -1.992477 1.440775 0.204869
v -1.990501 1.440636 0.201869
v -1.978313 1.441946 0.204869
v -1.978312 1.444597 0.201869
v -1.990229 1.444785 0.201869
v -1.990546 1.442022 0.204869
v -1.989198 1.446375 0.204869
v -1.990733 1.433484 0.203298
v -1.978293 1.434593 0.202908
v -1.984655 1.426840 0.203744
v -2.015245 1.435982 0.202908
v -2.014586 1.441776 0.203869
v -2.017541 1.446925 0.203485
v -2.003480 1.435423 0.203824
v -2.011251 1.443397 0.202536
v -2.001103 1.445465 0.203369
v -2.013375 1.423639 0.201869
v -2.002991 1.427992 0.201869
v -2.003966 1.429757 0.204869
v -2.018808 1.432569 0.204869
v -2.008676 1.434237 0.201869
v -2.011014 1.432800 0.203403
v -2.004970 1.428665 0.201869
v -2.017896 1.427032 0.201869
v -2.014083 1.424226 0.204869
v -2.049628 1.435703 0.203233
v -2.048025 1.444266 0.202870
v -2.051588 1.445253 0.204269
v -2.038025 1.435402 0.202817
v -2.043148 1.442791 0.204869
v -2.037600 1.441637 0.202356
v -2.038050 1.424622 0.204869
v -2.038050 1.433096 0.204869
v -2.052800 1.433096 0.201869
v -2.052800 1.424622 0.204869
v -2.052202 1.432555 0.204869
v -2.039858 1.429722 0.204869
v -2.051005 1.431472 0.201869
v -2.038954 1.429122 0.201869
v -2.051005 1.426222 0.204869
v -2.052202 1.425155 0.201869
v -2.073319 1.437962 0.203369
v -2.076561 1.447528 0.203744
v -2.076561 1.423975 0.202994
v -2.058551 1.444944 0.201869
v -2.058551 1.444411 0.204869
v -2.071958 1.444677 0.203369
v -2.058601 1.431308 0.204051
v -2.069235 1.431099 0.203032
v -2.065289 1.440034 0.203869
v -2.085230 1.435583 0.203369
v -2.093354 1.442780 0.204119
v -2.096791 1.438380 0.202319
v -2.082812 1.428461 0.204869
v -2.082812 1.429002 0.201869
v -2.104668 1.428731 0.203369
v -2.133275 1.427170 0.203232
v -2.131598 1.442470 0.202870
v -2.135324 1.443937 0.204269
v -2.119028 1.430512 0.203114
v -2.126910 1.444563 0.202994
v -2.123280 1.442330 0.204478
v -2.143533 1.435778 0.202869
v -2.152431 1.443022 0.202990
v -2.155156 1.438539 0.204340
v -2.141616 1.428487 0.203369
v -2.152544 1.432162 0.203441
v -2.163472 1.428487 0.203203
v -2.185041 1.447528 0.203369
v -2.184738 1.433951 0.204869
v -2.185344 1.433951 0.201869
v -2.176264 1.437974 0.203983
v -2.167959 1.435349 0.203476
v -2.173692 1.443434 0.203036
v -2.184911 1.424978 0.203744
v -2.185223 1.431970 0.203069
v -2.170627 1.431808 0.203369
v -1.878030 1.345399 0.201869
v -1.883639 1.360390 0.201869
v -1.890085 1.358257 0.201869
v -1.888061 1.360134 0.204869
v -1.889744 1.344381 0.204869
v -1.886053 1.342433 0.201869
v -1.882509 1.342781 0.204869
v -1.887428 1.358742 0.201869
v -1.880946 1.357713 0.204869
v -1.901649 1.352827 0.201869
v -1.902167 1.342390 0.204174
v -1.894804 1.344874 0.201869
v -1.898848 1.358869 0.202852
v -1.895754 1.355441 0.204869
v -1.902751 1.345986 0.204869
v -1.896395 1.341573 0.202889
v -1.908150 1.345316 0.204869
v -1.908360 1.343729 0.201869
v -1.908548 1.342239 0.204869
v -1.918144 1.359918 0.204238
v -1.923294 1.358330 0.202896
v -1.914398 1.345871 0.203425
v -1.937025 1.346504 0.201869
v -1.938707 1.350011 0.204869
v -1.932206 1.342803 0.204869
v -1.927249 1.345865 0.201869
v -1.928501 1.342066 0.203177
v -1.928300 1.355061 0.204869
v -1.931128 1.358834 0.202196
v -1.934670 1.351593 0.203182
v -1.953224 1.342425 0.202238
v -1.956021 1.354466 0.202262
v -1.959449 1.347644 0.204869
v -1.977980 1.363525 0.201869
v -1.977980 1.341169 0.201869
v -1.977980 1.352695 0.201869
v -1.977980 1.354319 0.201869
v -1.979500 1.352992 0.203583
v -1.969396 1.361114 0.203369
v -1.965154 1.347800 0.202687
v -1.973218 1.347946 0.203669
v -2.009670 1.353532 0.201869
v -1.999877 1.357873 0.201869
v -2.001230 1.355871 0.204869
v -2.005298 1.364235 0.201869
v -2.015157 1.359921 0.201869
v -2.002783 1.361168 0.201869
v -2.003739 1.362432 0.204869
v -2.002854 1.356738 0.201869
v -2.014769 1.359811 0.204869
v -2.013749 1.358634 0.201869
v -1.996576 1.350973 0.203369
v -2.018432 1.351250 0.204869
v -2.018432 1.350697 0.201869
v -2.001288 1.347136 0.203869
v -2.000969 1.341892 0.202869
v -2.015331 1.342054 0.203369
v -2.037402 1.352661 0.202244
v -2.039348 1.351850 0.204083
v -2.038468 1.362041 0.203490
v -2.021802 1.360150 0.203369
v -2.027883 1.362378 0.203441
v -2.033914 1.360150 0.203203
v -2.021693 1.354676 0.204869
v -2.034121 1.354670 0.201869
v -2.032507 1.356412 0.204869
v -2.031098 1.351514 0.204869
v -2.023313 1.356411 0.201869
v -2.024751 1.351507 0.201869
v -2.023918 1.354054 0.204869
v -2.031933 1.354054 0.201869
v -2.025906 1.342311 0.201869
v -2.025901 1.347435 0.204869
v -2.042620 1.344872 0.203393
v -2.027467 1.344868 0.203369
v -2.029171 1.347975 0.201869
v -2.029162 1.341769 0.204869
v -2.040855 1.343526 0.201869
v -2.040854 1.346214 0.204869
v -2.068590 1.342915 0.202717
v -2.058604 1.350590 0.203182
v -2.069380 1.357222 0.204390
v -2.079921 1.358867 0.204869
v -2.091803 1.360056 0.204869
v -2.094722 1.347416 0.204869
v -2.085664 1.341837 0.204869
v -2.077872 1.355448 0.201869
v -2.078258 1.347439 0.204869
v -2.091250 1.342812 0.201869
v -2.085925 1.342342 0.204869
v -2.092087 1.356574 0.204869
v -2.091343 1.359067 0.201869
v -2.082304 1.358709 0.204869
v -2.105688 1.341489 0.202749
v -2.102511 1.345973 0.204565
v -2.110507 1.360619 0.203369
v -2.142860 1.364002 0.201869
v -2.143479 1.364002 0.204869
v -2.143169 1.340448 0.203369
v -2.130944 1.357206 0.202042
v -2.130546 1.350811 0.203737
v -2.129379 1.360729 0.203980
v -2.135978 1.354362 0.203369
v -2.138963 1.363525 0.203744
v -2.138963 1.341169 0.202994
v -2.165302 1.353731 0.203314
v -2.163638 1.359116 0.202561
v -2.167320 1.362460 0.203969
v -2.153051 1.352336 0.203656
v -2.151118 1.362200 0.203369
v -2.161116 1.360488 0.203124
v -2.162220 1.348933 0.203744
v -2.158767 1.344499 0.202415
v -2.163400 1.341925 0.204226
v -1.878226 1.261351 0.201869
v -1.888257 1.276087 0.204869
v -1.890282 1.274211 0.201869
v -1.889941 1.260336 0.204869
v -1.886249 1.258386 0.201869
v -1.882706 1.258734 0.204869
v -1.887624 1.274695 0.201869
v -1.881142 1.273665 0.204869
v -1.883836 1.276343 0.201869
v -1.902364 1.258344 0.204174
v -1.895001 1.260827 0.201869
v -1.899045 1.274822 0.202852
v -1.895951 1.271395 0.204869
v -1.902949 1.261941 0.204869
v -1.896592 1.257525 0.202889
v -1.901845 1.268780 0.201869
v -1.908027 1.261250 0.204869
v -1.908557 1.259682 0.201869
v -1.909068 1.258135 0.204869
v -1.918341 1.275871 0.204238
v -1.923491 1.274284 0.202896
v -1.914594 1.261824 0.203425
v -1.936323 1.262900 0.203121
v -1.933708 1.260338 0.202619
v -1.933708 1.264118 0.204869
v -1.924995 1.263661 0.201869
v -1.934550 1.276963 0.204857
v -1.925343 1.263492 0.204869
v -1.934430 1.276408 0.201869
v -1.933651 1.273209 0.204869
v -1.927547 1.264706 0.201869
v -1.966753 1.277073 0.203155
v -1.966325 1.266704 0.203476
v -1.952377 1.276908 0.203369
v -1.950442 1.261544 0.202869
v -1.958876 1.266439 0.203703
v -1.971058 1.261426 0.203203
v -1.978587 1.271729 0.201869
v -1.979257 1.278858 0.204869
v -1.993416 1.276224 0.201869
v -1.996064 1.267641 0.203254
v -1.975670 1.267844 0.204051
v -1.992092 1.276535 0.204869
v -1.980799 1.278536 0.201869
v -1.978414 1.274655 0.204869
v -1.990921 1.274090 0.203265
v -1.981889 1.268453 0.204869
v -1.988979 1.270162 0.201869
v -1.980128 1.272581 0.201869
v -1.981940 1.271045 0.204869
v -1.977593 1.258197 0.201869
v -1.977592 1.263569 0.204869
v -1.989473 1.264136 0.204869
v -1.992681 1.263569 0.201869
v -1.991787 1.259464 0.201869
v -1.992680 1.258196 0.204869
v -1.980808 1.264140 0.201869
v -1.979530 1.259483 0.201869
v -1.978489 1.259459 0.204869
v -1.990744 1.259486 0.204869
v -2.004356 1.272827 0.202769
v -2.015449 1.265162 0.203479
v -2.001715 1.261229 0.204051
v -2.029523 1.271373 0.203403
v -2.037390 1.277348 0.203369
v -2.042341 1.270028 0.203309
v -2.030746 1.257719 0.204869
v -2.027468 1.258306 0.201869
v -2.027469 1.263600 0.204869
v -2.042830 1.263599 0.201869
v -2.039552 1.257720 0.201869
v -2.042830 1.258306 0.204869
v -2.028401 1.262353 0.201869
v -2.029439 1.262310 0.204869
v -2.041898 1.262352 0.204869
v -2.040859 1.262308 0.201869
v -2.052756 1.269625 0.203669
v -2.054550 1.279259 0.204869
v -2.054550 1.275901 0.204869
v -2.054102 1.277591 0.202298
v -2.066432 1.278419 0.204119
v -2.067554 1.269625 0.201869
v -2.066208 1.271593 0.204869
v -2.054550 1.274301 0.204869
v -2.054550 1.271224 0.204869
v -2.054550 1.271224 0.201869
v -2.065759 1.273932 0.201869
v -2.060041 1.259243 0.202512
v -2.049227 1.265748 0.203369
v -2.067538 1.265473 0.204119
v -2.096235 1.258868 0.202717
v -2.086248 1.266542 0.203182
v -2.097025 1.273176 0.204390
v -2.105904 1.263391 0.204869
v -2.105517 1.271401 0.201869
v -2.107566 1.274820 0.204869
v -2.119448 1.276009 0.204869
v -2.122366 1.263368 0.204869
v -2.113309 1.257790 0.204869
v -2.118895 1.258765 0.201869
v -2.109011 1.261436 0.204869
v -2.119984 1.262286 0.204869
v -2.118987 1.275020 0.201869
v -2.118889 1.273316 0.204869
v -2.109950 1.274663 0.204869
v -2.133332 1.257442 0.202749
v -2.130156 1.261926 0.204565
v -2.138152 1.276572 0.203369
v -2.155419 1.266739 0.201869
v -2.154987 1.269453 0.204869
v -2.155559 1.278815 0.201869
v -2.162693 1.277348 0.201869
v -2.169917 1.279113 0.201869
v -2.170069 1.278001 0.204869
v -2.170146 1.264183 0.202512
v -2.155646 1.275829 0.201869
v -2.160029 1.266861 0.201869
v -2.164897 1.270893 0.204869
v -2.155377 1.277269 0.204869
v -2.165371 1.267610 0.204869
v -2.169459 1.273341 0.201869
v -2.165048 1.277353 0.204869
v -2.165547 1.274850 0.201869
v -2.165288 1.270111 0.201869
v -2.157775 1.263574 0.203869
v -2.157464 1.257781 0.202869
v -2.171864 1.257946 0.203369
v -2.194203 1.267289 0.202536
v -2.194473 1.277806 0.203260
v -2.197463 1.271793 0.204155
v -2.186427 1.270582 0.203886
v -2.177648 1.267871 0.203155
v -2.183692 1.276744 0.203103
v -2.195128 1.259858 0.204869
v -2.179859 1.260201 0.201869
v -2.179862 1.262148 0.204869
v -2.190195 1.266362 0.204869
v -2.195821 1.262158 0.201869
v -2.190202 1.255960 0.201869
v -2.183531 1.264589 0.201869
v -2.182344 1.263106 0.204869
v -2.182341 1.259226 0.201869
v -2.183522 1.257743 0.204869
v -2.194605 1.262501 0.201869
v -2.229618 1.256402 0.203369
v -2.229309 1.279955 0.201869
v -2.229927 1.279955 0.204869
v -2.216601 1.275317 0.202976
v -2.211540 1.262475 0.203519
v -2.219301 1.265087 0.203935
v -2.225412 1.257122 0.202994
v -2.222426 1.270315 0.203369
v -2.225412 1.279478 0.203744
v -2.251050 1.275011 0.203869
v -2.254005 1.279461 0.203485
v -2.251658 1.269562 0.202908
v -2.239500 1.268289 0.203656
v -2.237566 1.278154 0.203369
v -2.247565 1.276441 0.203124
v -2.245732 1.261605 0.204478
v -2.246513 1.264978 0.203182
v -2.251188 1.258695 0.202298
v -1.995010 1.177211 0.203887
v -1.883881 1.193968 0.203907
v -1.888014 1.194274 0.202641
v -1.888077 1.174814 0.204869
v -1.881520 1.174919 0.201869
v -1.882716 1.176826 0.201869
v -1.888384 1.177849 0.204869
v -1.891780 1.185850 0.201869
v -1.878953 1.185940 0.204869
v -1.904696 1.184195 0.203400
v -1.902599 1.175640 0.201869
v -1.894801 1.176156 0.201869
v -1.893765 1.180464 0.204869
v -1.898341 1.192824 0.203180
v -1.894064 1.185190 0.204869
v -1.898667 1.175462 0.204869
v -1.899733 1.175842 0.201869
v -1.899744 1.186782 0.201869
v -1.904865 1.181040 0.204869
v -1.896716 1.184798 0.201870
v -1.907236 1.175686 0.203321
v -1.909460 1.177486 0.201869
v -1.910136 1.176102 0.204869
v -1.920213 1.184831 0.204274
v -1.920732 1.191196 0.202649
v -1.918736 1.174938 0.203345
v -1.930735 1.192953 0.201869
v -1.937180 1.190820 0.201869
v -1.936839 1.176944 0.204869
v -1.925125 1.177961 0.201869
v -1.933148 1.174995 0.201869
v -1.929604 1.175343 0.204869
v -1.935156 1.192696 0.204869
v -1.934523 1.191304 0.201869
v -1.928041 1.190275 0.204869
v -1.950659 1.191461 0.203400
v -1.959535 1.178443 0.204869
v -1.957916 1.176200 0.202703
v -1.964236 1.191460 0.203400
v -1.973113 1.178443 0.204869
v -1.971493 1.176199 0.202703
v -1.989515 1.175939 0.203869
v -1.986678 1.180914 0.201869
v -1.979430 1.180914 0.204869
v -1.976724 1.175950 0.202869
v -1.983228 1.193021 0.204869
v -1.982797 1.193450 0.201869
v -1.986235 1.182119 0.204869
v -1.983058 1.190909 0.201869
v -1.979898 1.182119 0.201869
v -2.001152 1.188411 0.203866
v -1.994856 1.189171 0.202244
v -2.012879 1.190388 0.204370
v -2.010887 1.177402 0.202770
v -2.005187 1.193177 0.203369
v -2.034447 1.175208 0.203369
v -2.030516 1.190164 0.202869
v -2.035170 1.193112 0.203956
v -2.051877 1.179389 0.202901
v -2.049117 1.176947 0.202619
v -2.049117 1.180727 0.204869
v -2.040751 1.180101 0.204869
v -2.040403 1.180270 0.201869
v -2.049390 1.190898 0.204891
v -2.049839 1.193017 0.201869
v -2.049060 1.189816 0.204869
v -2.042955 1.181315 0.201869
v -2.073936 1.173011 0.204869
v -2.074239 1.196564 0.203369
v -2.074543 1.173011 0.201869
v -2.068939 1.191292 0.203163
v -2.057875 1.179172 0.203476
v -2.064451 1.190335 0.203628
v -2.104051 1.189441 0.202733
v -2.091939 1.187394 0.203166
v -2.100429 1.193721 0.204066
v -2.100716 1.176762 0.203744
v -2.092117 1.182997 0.202687
v -2.111473 1.183200 0.203536
v -2.127080 1.189066 0.202974
v -2.120335 1.183434 0.204869
v -2.136479 1.177400 0.203254
v -2.117426 1.179714 0.202769
v -2.126839 1.178212 0.201869
v -2.128323 1.180502 0.203369
v -2.129697 1.181646 0.204869
v -2.122780 1.182791 0.204869
v -2.158352 1.182986 0.201869
v -2.157746 1.182986 0.204869
v -2.158049 1.196564 0.203369
v -2.146729 1.192562 0.203062
v -2.149405 1.187108 0.203891
v -2.140965 1.184384 0.203476
v -2.158231 1.181005 0.203069
v -2.157919 1.174014 0.203744
v -2.143634 1.180843 0.203369
v -1.908190 0.852025 0.202733
v -1.899106 0.850489 0.203167
v -1.905473 0.855234 0.204066
v -1.905723 0.841460 0.203969
v -1.910945 0.847141 0.202752
v -1.898436 0.847257 0.203869
v -1.923993 0.853039 0.203695
v -1.930466 0.845094 0.204145
v -1.929766 0.847341 0.201869
v -1.917305 0.843146 0.204051
v -1.924544 0.843603 0.201869
v -1.919941 0.847743 0.202319
v -1.925008 0.843603 0.204869
v -1.926394 0.847037 0.201869
v -1.922236 0.847037 0.204869
v -1.948915 0.847183 0.201869
v -1.948461 0.847183 0.204869
v -1.948688 0.857367 0.203369
v -1.940177 0.854295 0.203036
v -1.942106 0.850200 0.203983
v -1.935876 0.848232 0.203476
v -1.937877 0.845576 0.203369
v -1.949029 0.845881 0.204119
v -1.948518 0.841018 0.202769
v -2.461991 0.842474 0.203098
v -2.461267 0.849945 0.202065
v -2.461205 0.849570 0.204664
v -2.478749 0.841849 0.203703
v -2.478673 0.850663 0.201869
v -2.478992 0.855777 0.204166
v -2.471499 0.845354 0.204869
v -2.471262 0.855295 0.203369
v -2.471724 0.845359 0.201869
v -2.494122 0.852865 0.201869
v -2.495136 0.851363 0.204869
v -2.498187 0.857636 0.201869
v -2.505291 0.854318 0.204869
v -2.505582 0.854400 0.201869
v -2.501465 0.849608 0.201869
v -2.497019 0.856284 0.204869
v -2.495158 0.853830 0.201869
v -2.503383 0.851930 0.201869
v -2.503330 0.855252 0.201869
v -2.491646 0.847690 0.203369
v -2.508038 0.847897 0.204869
v -2.508038 0.847482 0.201869
v -2.495080 0.843071 0.204869
v -2.495080 0.843274 0.201869
v -2.505712 0.841000 0.203369
v -2.522948 0.848376 0.202155
v -2.523229 0.848989 0.204894
v -2.523056 0.855990 0.203497
v -2.510566 0.854571 0.203369
v -2.515126 0.856243 0.203441
v -2.519650 0.854571 0.203203
v -2.511469 0.852063 0.201869
v -2.518324 0.852512 0.201869
v -2.518225 0.848009 0.201869
v -2.518595 0.851768 0.204869
v -2.513475 0.851812 0.201869
v -2.512777 0.848090 0.201869
v -2.511690 0.851198 0.204869
v -2.514139 0.846732 0.204869
v -2.518164 0.850000 0.201869
v -2.513644 0.841193 0.201869
v -2.513641 0.845036 0.204869
v -2.524855 0.844120 0.204869
v -2.524856 0.842104 0.201869
v -2.526179 0.843114 0.203393
v -2.516092 0.845440 0.201869
v -2.514814 0.843111 0.203369
v -2.516087 0.840785 0.204869
v -2.546249 0.852377 0.204388
v -2.545656 0.841646 0.202716
v -2.538167 0.847402 0.203182
v -2.552618 0.851045 0.201869
v -2.554156 0.853610 0.204869
v -2.563066 0.854502 0.204869
v -2.565255 0.845018 0.204869
v -2.558464 0.840837 0.204869
v -2.552908 0.845038 0.204869
v -2.555239 0.843571 0.204869
v -2.562652 0.841569 0.201869
v -2.563469 0.844210 0.204869
v -2.562649 0.852480 0.204869
v -2.562721 0.853760 0.201869
v -2.555944 0.853492 0.204869
v -2.571098 0.843939 0.204565
v -2.573480 0.840576 0.202749
v -2.577095 0.854924 0.203369
v -1.865376 0.593695 0.203155
v -1.865054 0.585917 0.203476
v -1.854594 0.593571 0.203369
v -1.853143 0.582048 0.202869
v -1.859468 0.585720 0.203703
v -1.868605 0.581960 0.203203
v -1.879164 0.596858 0.203369
v -1.884231 0.591017 0.201869
v -1.887359 0.586621 0.203254
v -1.873276 0.588771 0.202160
v -1.884380 0.593292 0.204869
v -1.874226 0.593439 0.201869
v -1.883502 0.591457 0.203265
v -1.875812 0.587230 0.204869
v -1.876727 0.587230 0.201869
v -1.882045 0.588512 0.201869
v -1.874371 0.591206 0.204869
v -1.876778 0.589202 0.201869
v -1.873506 0.579538 0.201869
v -1.873505 0.583566 0.204869
v -1.884822 0.583567 0.201869
v -1.882415 0.583993 0.204869
v -1.884821 0.579537 0.204869
v -1.875918 0.583995 0.201869
v -1.874178 0.580485 0.204869
v -1.874958 0.580503 0.201869
v -1.883368 0.580504 0.204869
v -1.884151 0.580488 0.201869
v -1.903408 0.584592 0.203309
v -1.893291 0.582842 0.204119
v -1.893938 0.590253 0.202652
v -1.911670 0.589512 0.202432
v -1.917675 0.592503 0.204536
v -1.922067 0.588411 0.203309
v -1.910912 0.579620 0.201869
v -1.910913 0.583590 0.204869
v -1.922433 0.583590 0.201869
v -1.921735 0.582654 0.204869
v -1.919975 0.579180 0.201869
v -1.922433 0.579619 0.204869
v -1.911612 0.582655 0.201869
v -1.912391 0.582623 0.204869
v -1.913370 0.579180 0.204869
v -1.920955 0.582621 0.201869
v -1.929878 0.588109 0.204869
v -1.930534 0.594495 0.202233
v -1.931224 0.592671 0.204869
v -1.939967 0.594705 0.201869
v -1.940079 0.593875 0.204869
v -1.940977 0.588109 0.201869
v -1.939630 0.591616 0.201869
v -1.930890 0.589586 0.201882
v -1.940079 0.588909 0.204869
v -1.939630 0.589309 0.201869
v -1.935356 0.581097 0.203536
v -1.942549 0.585113 0.203119
v -1.927231 0.585201 0.203369
v -1.963079 0.590772 0.204388
v -1.962486 0.580042 0.202716
v -1.954997 0.585797 0.203182
v -1.969449 0.589441 0.201869
v -1.969739 0.583434 0.204869
v -1.970985 0.592005 0.204869
v -1.979897 0.592896 0.204869
v -1.982086 0.583416 0.204869
v -1.975295 0.579233 0.204869
v -1.975488 0.579612 0.204869
v -1.979482 0.579964 0.201869
v -1.980110 0.590284 0.204869
v -1.979552 0.592155 0.201869
v -1.972774 0.591887 0.204869
v -1.987928 0.582335 0.204565
v -1.990310 0.578972 0.202749
v -1.993926 0.593320 0.203369
v -2.439239 0.588687 0.204869
v -2.439918 0.595073 0.202196
v -2.449441 0.594454 0.204869
v -2.449329 0.595283 0.201869
v -2.450338 0.588687 0.204869
v -2.449889 0.589087 0.201869
v -2.448992 0.592195 0.201869
v -2.440248 0.590164 0.201866
v -2.440585 0.593249 0.204869
v -2.448992 0.589887 0.204869
v -2.451910 0.585692 0.203119
v -2.444717 0.581675 0.203536
v -2.436592 0.585780 0.203369
v -2.458584 0.592247 0.204869
v -2.457278 0.593245 0.203369
v -2.468447 0.595598 0.201869
v -2.467725 0.591265 0.201869
v -2.469207 0.591370 0.204869
v -2.458583 0.594236 0.201869
v -2.467759 0.592305 0.204869
v -2.467521 0.594378 0.201869
v -2.466748 0.595569 0.204869
v -2.458215 0.586567 0.203369
v -2.467622 0.583897 0.203891
v -2.462226 0.582842 0.202769
v -2.486284 0.587775 0.202908
v -2.485790 0.592121 0.203869
v -2.488006 0.595982 0.203485
v -2.482672 0.592186 0.204080
v -2.475774 0.586547 0.202713
v -2.480210 0.593920 0.202343
v -2.484881 0.578518 0.201869
v -2.477093 0.581782 0.201869
v -2.477824 0.583106 0.204869
v -2.488956 0.585215 0.204869
v -2.481353 0.586466 0.201869
v -2.488271 0.581062 0.201869
v -2.483111 0.585389 0.203403
v -2.478577 0.582287 0.201869
v -2.485411 0.578958 0.204869
v -2.511031 0.588053 0.202331
v -2.512898 0.588422 0.204171
v -2.511908 0.595124 0.203259
v -2.501448 0.588281 0.203193
v -2.507149 0.592097 0.203852
v -2.503708 0.594132 0.202298
v -2.503387 0.582433 0.203369
v -2.514449 0.585610 0.201869
v -2.514449 0.579255 0.204869
v -2.514000 0.585204 0.204869
v -2.504403 0.583713 0.204869
v -2.513103 0.584392 0.201869
v -2.504403 0.581139 0.201869
v -2.513103 0.580455 0.204869
v -2.514000 0.579655 0.201869
v -2.532270 0.578770 0.202994
v -2.529839 0.589260 0.203369
v -2.532270 0.596435 0.203744
v -2.518763 0.594296 0.203369
v -2.528818 0.594496 0.204869
v -2.528818 0.594096 0.201869
v -2.529158 0.584117 0.203498
v -2.521768 0.587664 0.202261
v -2.523190 0.587790 0.204419
v -2.538772 0.587476 0.203369
v -2.544864 0.592873 0.204119
v -2.547442 0.589573 0.202319
v -2.553350 0.582540 0.204869
v -2.553350 0.582134 0.201869
v -2.536959 0.582337 0.203369
v -2.573689 0.596077 0.201869
v -2.573689 0.579310 0.201869
v -2.573689 0.587543 0.201869
v -2.573689 0.588761 0.201869
v -2.574791 0.588054 0.203584
v -2.567618 0.587848 0.204869
v -2.567991 0.593467 0.202215
v -2.564181 0.583735 0.201869
v -2.582499 0.587621 0.202869
v -2.589173 0.593055 0.202990
v -2.591216 0.589693 0.204340
v -2.581061 0.582153 0.203369
v -2.589257 0.584910 0.203441
v -2.597453 0.582153 0.203203
v -2.613403 0.586251 0.204869
v -2.613630 0.596435 0.203369
v -2.613858 0.586251 0.201869
v -2.600818 0.587300 0.203476
v -2.605118 0.593363 0.203036
v -2.607047 0.589268 0.203983
v -2.613459 0.580086 0.202769
v -2.602819 0.584644 0.203369
v -2.613971 0.584949 0.204119
v -1.689121 0.498761 0.200912
v -1.698906 0.478062 0.203948
v -1.636490 0.493778 0.201932
v -1.658025 0.501029 0.202072
v -1.679560 0.493778 0.201606
v -1.688032 0.464099 0.200300
v -1.635897 0.471855 0.200421
v -1.675921 0.484003 0.198995
v -1.669471 0.487035 0.204869
v -1.676241 0.469167 0.201777
v -1.667104 0.462509 0.204869
v -1.647672 0.475523 0.198995
v -1.642380 0.471123 0.204869
v -1.666453 0.470952 0.201932
v -1.666453 0.478811 0.201932
v -1.646802 0.446426 0.201932
v -1.692605 0.458633 0.204869
v -1.692605 0.458633 0.198995
v -1.692605 0.434219 0.204869
v -1.692605 0.434219 0.198995
v -1.683532 0.450944 0.201344
v -1.655911 0.447908 0.204869
v -1.655911 0.444871 0.198995
v -1.683532 0.441835 0.202519
v -1.767997 0.433344 0.201932
v -1.763442 0.503635 0.200953
v -1.772552 0.503635 0.202911
v -1.745042 0.478658 0.198995
v -1.737390 0.450281 0.202577
v -1.740779 0.494120 0.202994
v -1.728334 0.496788 0.202105
v -1.713627 0.455132 0.201932
v -1.717172 0.491484 0.201804
v -1.837927 0.438331 0.201350
v -1.837377 0.494403 0.199647
v -1.847834 0.477482 0.203883
v -1.807168 0.486524 0.202352
v -1.825548 0.493026 0.201223
v -1.791709 0.452580 0.202105
v -1.863950 0.447751 0.203401
v -1.882221 0.450580 0.198995
v -1.868261 0.482690 0.198995
v -1.867195 0.492783 0.204869
v -1.918507 0.480162 0.204103
v -1.914903 0.495532 0.198995
v -1.925084 0.446808 0.201706
v -1.877260 0.486171 0.202258
v -1.909679 0.482776 0.203129
v -1.894889 0.450580 0.204869
v -1.902685 0.467385 0.198995
v -1.896028 0.462742 0.201279
v -1.886286 0.469248 0.204869
v -2.010570 0.433344 0.202911
v -2.015052 0.503635 0.201932
v -2.019534 0.433344 0.200953
v -1.964766 0.452948 0.202519
v -1.964766 0.497586 0.201344
v -1.998800 0.497586 0.204869
v -1.998800 0.497586 0.198995
v -1.998800 0.452948 0.204869
v -1.998800 0.452948 0.198995
v -1.973767 0.489897 0.204869
v -1.985709 0.489897 0.200463
v -1.973767 0.460710 0.198995
v -1.985709 0.460710 0.203401
v -2.081771 0.502213 0.198995
v -2.081771 0.435421 0.198995
v -2.081771 0.466759 0.198995
v -2.081771 0.474447 0.198995
v -2.084620 0.470207 0.202352
v -2.041667 0.453469 0.200253
v -2.048869 0.488829 0.201586
v -2.063228 0.457403 0.202911
v -2.133260 0.479234 0.199563
v -2.121030 0.457553 0.203191
v -2.160479 0.467123 0.202711
v -2.191871 0.456020 0.201932
v -2.197246 0.493541 0.204869
v -2.189213 0.493410 0.200463
v -2.184932 0.443728 0.202519
v -2.195431 0.450569 0.201458
v -2.195848 0.439700 0.201804
vn -0.5671 0.3278 -0.7556
vn 0.1249 0.9497 -0.2873
vn -0.1260 0.9501 0.2853
vn -0.9437 -0.2890 0.1609
vn -0.9336 -0.3550 -0.0480
vn 0.9546 -0.2314 -0.1875
vn 0.8895 -0.3540 0.2890
vn -0.9512 0.2703 -0.1486
vn -0.9353 0.3461 0.0733
vn 0.9462 0.3050 0.1082
vn 0.9461 0.2897 0.1446
vn 0.3724 -0.6546 0.6579
vn -0.3732 -0.6513 -0.6607
vn 0.3622 0.2011 0.9101
vn 0.4021 0.9153 -0.0214
vn -0.4925 0.6579 0.5698
vn -0.8487 0.3426 -0.4029
vn -0.5539 -0.7829 -0.2834
vn -0.1136 -0.8120 0.5725
vn 0.1306 -0.8702 0.4750
vn -0.3979 -0.8862 -0.2375
vn 0.9987 -0.0222 0.0450
vn -0.2866 0.6573 -0.6970
vn 0.1756 0.9844 0.0127
vn 0.3501 0.8599 -0.3715
vn 0.7621 -0.6455 0.0515
vn 0.6554 -0.7417 -0.1424
vn -0.9171 -0.2560 0.3057
vn -0.9223 -0.2845 0.2615
vn -0.4821 -0.8268 -0.2898
vn -0.9044 -0.3843 0.1854
vn 0.5169 0.6680 -0.5354
vn -0.4641 0.8721 0.1549
vn 0.9184 -0.3030 0.2545
vn 0.9168 -0.3442 0.2023
vn 0.0635 -0.3482 -0.9353
vn -0.0406 0.9837 0.1751
vn -0.8852 -0.4127 0.2144
vn -0.4051 -0.7359 -0.5426
vn 0.4697 -0.7957 0.3824
vn 0.8208 -0.5571 -0.1262
vn -0.0254 0.9905 0.1351
vn 0.5423 0.8314 0.1212
vn 0.0410 -0.9925 0.1156
vn -0.2990 -0.6360 0.7114
vn -0.1600 0.6146 -0.7724
vn -0.0639 0.3297 -0.9419
vn -0.0000 -0.0000 -1.0000
vn -0.0257 0.0133 -0.9996
vn 0.5392 0.2291 -0.8104
vn 0.0191 0.1055 -0.9942
vn -0.1159 0.1696 -0.9787
vn -0.7525 0.5107 -0.4158
vn 0.0209 -0.8164 -0.5771
vn 0.2740 0.7190 -0.6387
vn -0.0000 -0.0000 1.0000
vn 0.4302 0.0541 0.9011
vn 0.0654 0.1121 0.9915
vn 0.0813 0.1003 0.9916
vn 0.2751 0.1283 0.9528
vn -0.4982 0.8441 0.1981
vn 0.9546 -0.2314 -0.1874
vn 0.9462 0.3049 0.1082
vn 0.3842 0.1680 0.9078
vn -0.4740 0.8772 0.0762
vn 0.8782 0.2470 0.4095
vn 0.0127 0.0651 -0.9978
vn 0.8395 0.0213 -0.5429
vn -0.8008 -0.2865 0.5259
vn -0.8007 -0.2858 0.5265
vn -0.8005 -0.2868 0.5262
vn 0.0648 -0.8841 -0.4627
vn 0.2202 -0.3497 0.9106
vn 0.5122 -0.0438 -0.8578
vn 0.1476 0.5632 0.8130
vn 0.0511 0.3806 0.9233
vn 0.1359 0.2613 0.9556
vn -0.0940 0.2917 -0.9519
vn -0.3481 -0.0352 0.9368
vn -0.1142 -0.2205 -0.9687
vn 0.4675 0.0342 0.8834
vn -0.2365 -0.0323 0.9711
vn -0.5285 0.3877 -0.7553
vn 1.0000 -0.0000 -0.0000
vn 0.9859 -0.0000 0.1671
vn 0.9859 -0.0000 0.1670
vn 0.1554 -0.0000 -0.9878
vn -0.1254 0.0107 -0.9920
vn -0.4205 -0.1747 -0.8903
vn -0.0224 0.3055 -0.9519
vn -0.1479 -0.5642 -0.8123
vn 0.0104 0.2289 -0.9734
vn 0.2012 -0.0724 -0.9769
vn 0.5639 -0.0555 -0.8240
vn -0.3174 0.0312 -0.9478
vn -0.0223 -0.0937 -0.9954
vn 0.0553 0.0917 -0.9943
vn -0.1548 -0.0000 -0.9879
vn -0.0083 -0.0017 -1.0000
vn -0.1567 -0.0000 -0.9877
vn -0.0058 -0.0290 -0.9996
vn 0.1592 -0.0000 -0.9873
vn 0.0947 -0.0227 -0.9952
vn -0.1068 0.0654 -0.9921
vn 0.0554 -0.3984 -0.9155
vn 0.0562 -0.4010 -0.9143
vn 0.0564 -0.4010 -0.9143
vn 0.2116 -0.5902 0.7790
vn -0.1072 -0.0999 0.9892
vn 0.0902 0.0840 -0.9924
vn -0.2038 -0.0027 0.9790
vn 0.0290 -0.0021 -0.9996
vn 0.0314 -0.0014 -0.9995
vn -0.0376 -0.0121 -0.9992
vn 0.0536 0.0530 0.9972
vn 0.4962 -0.2012 -0.8446
vn -0.0121 0.2256 0.9741
vn -0.5212 0.8279 -0.2072
vn -0.5214 0.8280 -0.2062
vn -0.5213 0.8278 -0.2072
vn -0.0363 -0.3045 -0.9518
vn -0.1034 -0.0486 0.9934
vn 0.8133 -0.0364 0.5807
vn 0.1289 -0.0946 0.9871
vn -0.4190 -0.8056 -0.4188
vn 0.0633 -0.1983 0.9781
vn 0.3922 0.0397 0.9190
vn -0.9859 -0.0000 -0.1670
vn -1.0000 -0.0000 -0.0000
vn 0.7594 0.0003 -0.6506
vn 0.7586 0.0002 -0.6516
vn 0.7593 -0.0004 -0.6508
vn 0.6819 -0.0000 -0.7315
vn 0.2730 -0.2421 0.9310
vn 0.3171 0.4050 0.8576
vn 0.0550 0.0911 0.9943
vn -0.2839 -0.9589 -0.0000
vn -0.2818 0.9595 -0.0000
vn 0.1666 0.7549 -0.6344
vn 0.1666 -0.7548 0.6344
vn 0.0126 0.0903 -0.9958
vn -0.2645 -0.6851 -0.6787
vn -0.1806 -0.7142 0.6762
vn 0.9260 -0.3721 0.0631
vn 0.9262 -0.3718 0.0622
vn 0.9259 -0.3725 0.0628
vn 0.2138 -0.4881 -0.8462
vn 0.2139 -0.4884 -0.8460
vn 0.2139 -0.4881 -0.8462
vn 0.0930 -0.6970 0.7110
vn -0.7994 -0.0838 -0.5950
vn 0.0389 0.3168 0.9477
vn -0.8003 -0.2863 0.5269
vn 0.2203 -0.3497 0.9106
vn 0.5121 -0.0437 -0.8578
vn 0.0149 0.0266 -0.9995
vn -0.0119 0.0279 0.9995
vn -0.0705 0.5035 -0.8611
vn 0.2128 0.7351 0.6437
vn 0.1644 0.4195 0.8928
vn 0.0410 -0.3198 -0.9466
vn -0.8616 -0.0062 0.5076
vn -0.0404 0.7968 -0.6029
vn -0.0408 0.7966 -0.6032
vn -0.0404 0.7965 -0.6033
vn -0.0591 0.1369 0.9888
vn -0.0966 -0.9708 0.2195
vn -0.0964 -0.9708 0.2195
vn -0.0959 -0.9710 0.2189
vn 0.3022 0.4871 -0.8194
vn 0.2283 0.8622 -0.4522
vn 0.2322 -0.8614 0.4517
vn -0.2645 -0.6850 -0.6788
vn -0.1806 -0.7142 0.6763
vn 0.9261 -0.3721 0.0621
vn 0.2139 -0.4883 -0.8460
vn -0.0812 -0.0399 0.9959
vn -0.2169 0.3402 0.9150
vn -0.1988 -0.3272 -0.9238
vn 0.2268 -0.8884 0.3990
vn 0.4599 -0.3132 -0.8309
vn 0.5730 0.2892 0.7669
vn 0.1702 0.6737 -0.7191
vn -0.0212 0.2438 -0.9696
vn -0.2579 -0.9662 -0.0000
vn -0.2579 0.9662 -0.0000
vn 0.1414 0.7954 -0.5894
vn 0.1414 -0.7954 0.5894
vn 0.5823 -0.0000 0.8130
vn 0.6336 -0.0000 0.7737
vn 0.2752 -0.2436 -0.9300
vn 0.2490 0.1569 -0.9557
vn -0.1026 -0.2464 0.9637
vn 0.1335 -0.3585 -0.9239
vn 0.0118 -0.6378 0.7701
vn -0.0864 -0.2526 -0.9637
vn 0.1908 -0.3682 0.9100
vn -0.1942 -0.3232 -0.9262
vn 0.0465 0.7889 -0.6127
vn -0.1552 0.2887 0.9448
vn -0.1072 -0.2617 -0.9592
vn 0.1158 -0.7159 0.6885
vn 0.4321 -0.1950 -0.8805
vn 0.5033 0.3306 0.7983
vn -0.0101 0.2321 -0.9726
vn -0.0240 0.0026 -0.9997
vn -0.0107 -0.0814 0.9966
vn -0.3678 0.4541 0.8115
vn -0.4972 -0.1818 -0.8484
vn -0.1288 -0.5999 0.7897
vn 0.1288 -0.5999 -0.7897
vn 0.4973 -0.1818 0.8483
vn 0.3708 0.4544 -0.8099
vn 0.0988 -0.3928 -0.9143
vn -0.0987 -0.3944 0.9136
vn 0.8393 -0.0000 -0.5436
vn -0.1354 -0.9090 -0.3942
vn -0.1356 -0.9088 -0.3946
vn -0.1361 -0.9091 -0.3938
vn 0.9763 -0.2165 -0.0000
vn -0.0000 1.0000 -0.0000
vn -0.1006 0.3430 0.9340
vn 0.9671 0.1741 -0.1855
vn -0.0366 -0.8819 -0.4700
vn 0.1477 0.5633 0.8129
vn 0.2817 0.4988 -0.8196
vn -0.2345 0.5224 0.8198
vn -0.4759 -0.1154 -0.8719
vn 0.0698 -0.5626 0.8238
vn -0.0773 -0.1193 -0.9898
vn -0.5957 0.6586 0.4598
vn 0.1216 0.2200 -0.9679
vn 0.9959 -0.0908 -0.0000
vn 0.1679 0.4034 -0.8995
vn 0.1270 0.9035 -0.4092
vn 0.1019 -0.9061 0.4105
vn -0.7638 -0.2607 -0.5904
vn -0.0221 -0.4398 -0.8978
vn 0.4084 -0.5393 0.7364
vn 0.6300 0.2365 -0.7397
vn 0.2185 0.5607 0.7987
vn 0.1287 -0.6276 0.7678
vn -0.7661 0.2626 -0.5867
vn 0.1603 0.3496 0.9231
vn 0.0138 -0.0838 0.9964
vn -0.0254 -0.0018 -0.9997
vn -0.9678 0.2518 -0.0000
vn -0.9678 -0.2518 -0.0000
vn 0.3297 -0.9441 -0.0000
vn 0.3297 0.9441 -0.0000
vn -0.0714 0.3185 -0.9452
vn -0.5280 0.0928 0.8442
vn 0.2312 0.0364 -0.9722
vn 0.0649 -0.1703 0.9833
vn -0.3185 -0.1186 -0.9405
vn 0.0300 0.3293 0.9438
vn -0.3157 -0.9255 -0.2092
vn 0.0533 -0.3288 0.9429
vn 0.0749 0.2768 0.9580
vn 0.4012 -0.2932 0.8678
vn -0.0021 -0.1774 -0.9841
vn -0.0115 0.1677 -0.9858
vn 0.8505 -0.0000 0.5260
vn -0.1304 -0.3730 -0.9186
vn 0.7921 -0.0933 0.6032
vn 0.0468 0.3502 0.9355
vn -0.4687 0.6618 0.5852
vn -0.3230 0.2553 0.9113
vn 0.9637 -0.0783 0.2551
vn -0.2115 -0.9774 -0.0000
vn 0.7593 0.0002 -0.6507
vn 0.7588 0.0001 -0.6513
vn 0.7593 -0.0003 -0.6508
vn 0.3100 0.3769 0.8729
vn 0.1714 -0.0000 0.9852
vn -0.0380 -0.9922 -0.1184
vn -0.0375 -0.9923 -0.1182
vn -0.0373 -0.9921 -0.1199
vn -0.0843 -0.4769 -0.8749
vn 0.6556 0.7551 0.0092
vn 0.6559 0.7548 0.0105
vn 0.6554 0.7552 0.0092
vn 0.5997 -0.5042 0.6214
vn -0.0276 -0.1933 -0.9808
vn -0.1218 0.4207 -0.8990
vn 0.1003 -0.5189 -0.8489
vn 0.2890 -0.1927 0.9377
vn 0.5744 0.2057 -0.7923
vn 0.0878 0.7547 0.6502
vn -0.0171 0.1243 0.9921
vn 0.1351 0.0034 -0.9908
vn -0.0810 0.0222 0.9965
vn -0.0808 0.0090 -0.9967
vn 0.2948 0.8306 -0.4724
vn -0.1138 0.4623 -0.8794
vn -0.1029 0.0195 -0.9945
vn -0.0466 0.2524 -0.9665
vn 0.3605 -0.0681 -0.9303
vn -0.4207 -0.1748 -0.8902
vn -0.0224 0.3054 -0.9519
vn -0.1478 -0.5640 -0.8124
vn 0.0103 0.2289 -0.9734
vn 0.5637 -0.0555 -0.8241
vn -0.3173 0.0313 -0.9478
vn -0.0222 -0.0936 -0.9954
vn 0.0517 -0.0174 -0.9985
vn 0.0515 -0.0172 -0.9985
vn 0.0096 -0.0017 -1.0000
vn 0.0016 -0.0573 -0.9984
vn -0.0030 -0.0531 -0.9986
vn 0.0015 -0.0561 -0.9984
vn -0.0032 -0.0555 -0.9985
vn -0.0196 -0.1017 -0.9946
vn -0.1227 -0.2664 -0.9560
vn 0.8461 0.0061 -0.5330
vn 0.2080 -0.0737 -0.9754
vn -0.1105 0.1512 -0.9823
vn 0.1624 -0.1077 -0.9808
vn -0.0935 0.0263 -0.9953
vn -0.1633 -0.1070 -0.9808
vn -0.1168 -0.8543 -0.5065
vn 0.1335 0.9766 0.1685
vn 0.7716 0.0931 0.6293
vn 0.0038 0.0366 -0.9993
vn -0.1234 -0.1500 -0.9810
vn 0.2948 0.8306 -0.4725
vn -0.1138 0.4622 -0.8794
vn 0.3605 -0.0682 -0.9303
vn 0.0055 0.0304 -0.9995
vn -0.4559 0.3104 -0.8341
vn -0.1036 -0.4098 -0.9063
vn -0.0010 -0.2517 -0.9678
vn 0.2354 0.7421 -0.6276
vn 0.8941 0.0156 -0.4475
vn 0.8931 0.0155 -0.4497
vn 0.8931 0.0151 -0.4496
vn -0.0561 -0.1209 -0.9911
vn -0.1971 -0.0000 0.9804
vn -0.6420 -0.0066 -0.7667
vn -0.5823 -0.0000 -0.8130
vn -0.0070 -0.0052 -1.0000
vn -0.0276 -0.0143 -0.9995
vn -0.0075 0.0182 -0.9998
vn 0.0212 -0.0598 -0.9980
vn -0.8646 -0.2286 0.4475
vn 0.0937 0.0776 -0.9926
vn 0.0920 0.0774 -0.9927
vn 0.0920 0.0770 -0.9928
vn 0.0656 0.0789 -0.9947
vn -0.2880 0.8681 0.4043
vn 0.2073 0.0957 -0.9736
vn -0.3150 -0.2395 -0.9184
vn -0.0076 0.0971 -0.9952
vn 0.0399 0.0242 -0.9989
vn -0.1225 0.7013 0.7022
vn 0.0086 0.0426 -0.9991
vn 0.0231 0.0987 -0.9948
vn -0.6123 0.2763 -0.7408
vn -0.0170 -0.3097 -0.9507
vn -0.0200 -0.3066 -0.9516
vn -0.0164 -0.3100 -0.9506
vn -0.0180 -0.3061 -0.9518
vn 0.2498 0.9340 0.2553
vn 0.2496 0.9341 0.2553
vn 0.2498 0.9351 0.2513
vn 0.6338 -0.0197 -0.7732
vn -0.0189 -0.1259 -0.9919
vn 0.7095 0.2593 -0.6553
vn 0.7088 0.2595 -0.6559
vn 0.7089 0.2591 -0.6560
vn -0.0628 0.2343 -0.9701
vn 0.0494 0.0907 -0.9947
vn -0.0390 0.1818 -0.9826
vn -0.1915 -0.1057 -0.9758
vn 0.0442 -0.0279 -0.9986
vn -0.0687 -0.0468 -0.9965
vn 0.0561 -0.0000 -0.9984
vn 0.0297 -0.1422 -0.9894
vn -0.0368 0.1762 -0.9837
vn -0.1840 -0.0000 -0.9829
vn -0.6175 -0.2300 0.7522
vn -0.0215 -0.0540 -0.9983
vn -0.1554 -0.0000 -0.9878
vn -0.4213 -0.1748 -0.8899
vn -0.4213 -0.1751 -0.8898
vn -0.4203 -0.1747 -0.8904
vn -0.0224 0.3054 -0.9520
vn -0.1479 -0.5641 -0.8124
vn 0.0601 0.0092 -0.9982
vn -0.1530 -0.4637 -0.8727
vn 0.5487 -0.0805 -0.8322
vn 0.8244 0.0137 0.5659
vn -0.2532 -0.0042 -0.9674
vn -0.1893 -0.5301 -0.8265
vn -0.1846 -0.0047 -0.9828
vn -0.0017 -0.1637 -0.9865
vn 0.1057 -0.3392 -0.9347
vn -0.0373 0.1198 -0.9921
vn -0.3046 -0.0984 -0.9474
vn -0.1566 -0.0000 -0.9877
vn -0.0121 -0.0335 -0.9994
vn 0.0356 0.0196 -0.9992
vn -0.2908 -0.1092 -0.9505
vn 0.0117 0.2181 -0.9759
vn -0.0224 -0.4190 -0.9077
vn -0.0416 0.1326 -0.9903
vn 0.1222 -0.3313 -0.9356
vn -0.1619 0.1997 -0.9664
vn -0.0582 0.1638 -0.9848
vn -0.0015 0.0154 -0.9999
vn -0.1901 -0.0000 0.9818
vn -0.2270 -0.0000 -0.9739
vn 0.0055 0.0254 -0.9997
vn -0.0216 -0.1479 -0.9888
vn 0.2947 -0.9346 0.1991
vn 0.2948 -0.9348 0.1981
vn 0.2945 -0.9347 0.1990
vn -0.0857 0.1061 -0.9907
vn -0.0122 -0.1332 -0.9910
vn 0.5214 -0.0809 -0.8495
vn 0.0546 0.0273 -0.9981
vn -0.1107 0.0201 -0.9936
vn 0.0915 0.3800 -0.9204
vn 0.0912 0.3800 -0.9205
vn 0.0909 0.3787 -0.9210
vn -0.3090 0.0007 0.9511
vn 0.1815 -0.0004 -0.9834
vn -0.0100 -0.0120 -0.9999
vn -0.0724 0.2060 -0.9759
vn -0.0000 -0.2118 -0.9773
vn 0.0653 -0.1946 -0.9787
vn 0.0646 -0.1943 -0.9788
vn 0.0644 -0.1949 -0.9787
vn -0.1933 -0.0030 0.9811
vn 0.0755 -0.0142 -0.9970
vn -0.0801 -0.0303 -0.9963
vn 0.0892 -0.0000 -0.9960
vn 0.0386 -0.1260 -0.9913
vn -0.0493 0.1608 -0.9858
vn -0.1855 -0.0000 -0.9827
vn -0.9645 -0.1843 -0.1890
vn -0.0802 0.0216 0.9965
vn -0.0178 -0.0255 -0.9995
vn 0.0417 0.0521 -0.9978
vn -0.3090 0.2020 -0.9294
vn 0.0051 0.2931 -0.9561
vn -0.0055 0.1769 -0.9842
vn -0.5542 -0.6576 -0.5104
vn -0.5539 -0.6571 -0.5112
vn -0.5542 -0.6575 -0.5104
vn 0.1977 -0.8201 -0.5369
vn 0.1978 -0.8196 -0.5378
vn 0.1975 -0.8202 -0.5369
vn 0.0313 -0.0255 -0.9992
vn -0.0359 -0.1373 -0.9899
vn -0.0927 0.1847 -0.9784
vn -0.4773 -0.1710 -0.8620
vn -0.0000 -0.1852 -0.9827
vn 0.0265 -0.0156 -0.9995
vn -0.1958 -0.0000 -0.9806
vn -0.7684 0.0140 0.6398
vn -0.7690 0.0142 0.6391
vn -0.7689 0.0145 0.6392
vn -0.6819 -0.0000 0.7315
vn 0.0786 0.4555 0.8868
vn 0.0779 0.4530 0.8881
vn 0.0784 0.4556 0.8867
vn 0.0099 0.0385 0.9992
vn 0.0097 0.0384 0.9992
vn 0.0099 0.0393 0.9992
vn -0.3145 0.8319 0.4571
vn 0.1968 0.0206 0.9802
vn 0.4964 -0.2012 -0.8444
vn 0.4958 -0.2010 -0.8449
vn 0.4960 -0.2012 -0.8447
vn -0.5214 0.8279 -0.2067
vn -0.5215 0.8280 -0.2059
vn -0.5215 0.8279 -0.2067
vn -0.0367 -0.3051 -0.9516
vn -0.0364 -0.3052 -0.9516
vn -0.0360 -0.3040 -0.9520
vn -0.2510 -0.0412 0.9671
vn -0.8965 0.1023 0.4310
vn -0.0143 -0.2456 0.9693
vn 0.9473 -0.1081 -0.3015
vn 0.0092 -0.1808 0.9835
vn -0.1298 -0.2296 0.9646
vn 0.0647 0.1145 0.9913
vn 0.2752 -0.1978 0.9408
vn -0.1138 0.8757 0.4693
vn -0.1137 0.8765 0.4678
vn -0.1136 0.8764 0.4680
vn 0.1299 -0.9753 -0.1788
vn 0.1297 -0.9755 -0.1778
vn 0.1299 -0.9754 -0.1779
vn -0.2092 0.1060 0.9721
vn -0.0711 -0.5177 0.8526
vn 0.0806 0.5725 -0.8159
vn -0.0554 -0.1217 0.9910
vn 0.0785 0.4553 0.8869
vn 0.0780 0.4530 0.8881
vn 0.0783 0.4553 0.8869
vn 0.0099 0.0388 0.9992
vn -0.3142 0.8318 0.4577
vn -0.3148 0.8321 0.4567
vn -0.3147 0.8322 0.4565
vn -0.0495 0.1258 0.9908
vn 0.9159 -0.0151 0.4011
vn 0.9164 -0.0153 0.3999
vn 0.9164 -0.0154 0.4001
vn 0.1709 -0.5318 0.8295
vn 0.1708 -0.5318 0.8295
vn 0.1706 -0.5310 0.8300
vn -0.0558 -0.1271 0.9903
vn -0.1333 0.2751 0.9521
vn -0.0382 0.1497 0.9880
vn -0.2802 -0.1414 0.9495
vn -0.0951 -0.0086 -0.9954
vn 0.0052 0.9790 -0.2039
vn 0.0365 -0.2750 0.9607
vn 0.0364 -0.2758 0.9605
vn 0.0363 -0.2757 0.9605
vn -0.1852 0.0597 0.9809
vn 0.3882 -0.2293 0.8926
vn -0.0400 0.2070 0.9775
vn -0.1319 0.4003 0.9068
vn -0.1318 0.4004 0.9068
vn -0.1312 0.3989 0.9076
vn 0.0287 -0.0231 0.9993
vn -0.1931 0.0810 0.9778
vn 0.8328 -0.1165 0.5412
vn -0.0272 0.2228 0.9745
vn 0.2750 0.7461 -0.6064
vn -0.0951 0.1620 0.9822
vn 0.4143 -0.0996 0.9047
vn 0.4153 -0.0999 0.9042
vn 0.4152 -0.1003 0.9042
vn 0.0665 -0.3785 0.9232
vn 0.0666 -0.3785 0.9232
vn 0.0666 -0.3794 0.9228
vn -0.0262 -0.1275 0.9915
vn -0.0846 0.3393 0.9369
vn -0.0845 0.3383 0.9372
vn -0.0850 0.3392 0.9369
vn -0.0321 0.1985 0.9796
vn -0.2518 -0.1653 0.9535
vn -0.2512 -0.1648 0.9538
vn -0.2515 -0.1655 0.9536
vn 0.1912 -0.1023 0.9762
vn 0.0394 0.1838 0.9822
vn -0.0505 0.0948 0.9942
vn 0.0628 0.2353 0.9699
vn -0.7102 0.2597 0.6544
vn 0.0635 -0.1067 0.9923
vn -0.4576 0.6540 -0.6024
vn 0.1141 -0.4204 0.9002
vn -0.0549 0.2023 0.9778
vn -0.3589 -0.0903 0.9290
vn -0.0122 0.2256 0.9741
vn -0.5218 0.8282 -0.2044
vn -0.5215 0.8280 -0.2061
vn -0.5216 0.8284 -0.2043
vn -0.0363 -0.3046 -0.9518
vn 0.2014 0.0352 0.9789
vn 0.1656 0.0135 0.9861
vn -0.1190 -0.0097 0.9928
vn -0.0602 -0.6553 0.7529
vn 0.0429 0.4216 0.9058
vn 0.0451 -0.2664 0.9628
vn 0.0454 -0.2668 0.9627
vn 0.3589 -0.1342 0.9237
vn -0.0163 0.0615 0.9980
vn 0.2324 -0.1679 0.9580
vn 0.2685 -0.1800 0.9463
vn 0.0155 -0.1869 0.9823
vn -0.5161 0.3460 0.7836
vn -0.0158 -0.1122 0.9936
vn 0.1139 -0.4405 0.8905
vn -0.0550 0.2130 0.9755
vn -0.3254 -0.0534 0.9441
vn -0.1558 0.0032 0.9878
vn -0.1132 -0.0594 -0.9918
vn 0.5653 0.2968 -0.7696
vn 0.1313 0.0533 0.9899
vn -0.2325 -0.4528 0.8608
vn -0.2328 -0.4527 0.8607
vn -0.2326 -0.4519 0.8612
vn -0.1408 0.1859 0.9724
vn -0.1901 -0.0000 -0.9818
vn -0.2270 -0.0000 0.9739
vn 0.3225 -0.1667 0.9318
vn -0.1125 0.0405 0.9928
vn -0.0936 -0.5794 0.8096
vn -0.0934 -0.5787 0.8102
vn -0.0934 -0.5795 0.8096
vn 0.2670 0.0994 0.9585
vn 0.1432 0.0228 0.9894
vn -0.0569 0.1000 0.9934
vn -0.1164 0.9786 0.1699
vn -0.1166 0.9788 0.1687
vn -0.1161 0.9786 0.1698
vn -0.1599 -0.3372 0.9278
vn 0.0245 0.0871 0.9959
vn -0.4261 0.1910 0.8843
vn 0.0795 -0.0907 0.9927
vn -0.1417 -0.9402 0.3098
vn 0.0564 0.3743 0.9256
vn -0.2717 0.0009 0.9624
vn -0.7692 0.0139 0.6389
vn -0.1714 -0.0000 -0.9852
vn -0.1840 -0.0000 0.9829
vn 0.6443 -0.7640 0.0338
vn 0.6444 -0.7639 0.0346
vn 0.6444 -0.7640 0.0336
vn -0.2508 0.0247 0.9677
vn 0.3327 0.6281 0.7034
vn -0.4321 0.2966 0.8517
vn 0.1191 0.6736 0.7295
vn 0.0620 0.0110 0.9980
vn -0.0425 0.1707 0.9844
vn -0.2217 -0.1839 -0.9576
vn 0.2551 0.2056 0.9448
vn -0.6743 0.4496 -0.5858
vn -0.0204 -0.1754 0.9843
vn -0.0630 -0.2621 0.9630
vn -0.1678 -0.0233 0.9856
vn 0.5528 -0.0123 0.8332
vn -0.2946 -0.1024 0.9501
vn -0.1294 0.4481 -0.8846
vn 0.3415 -0.0843 -0.9361
vn 0.2526 -0.8744 -0.4142
vn 0.2525 -0.8748 -0.4135
vn 0.2526 -0.8748 -0.4135
vn 0.1884 -0.0000 -0.9821
vn -0.1365 -0.3655 -0.9208
vn 0.1467 0.3928 -0.9078
vn -0.1506 0.4714 -0.8690
vn 0.3282 -0.0747 -0.9417
vn 0.2712 -0.8486 -0.4542
vn 0.2711 -0.8492 -0.4531
vn 0.2712 -0.8492 -0.4532
vn 0.1847 -0.0000 -0.9828
vn -0.1694 -0.3997 -0.9009
vn 0.1481 0.3495 -0.9252
vn -0.1294 -0.4481 0.8846
vn 0.3415 0.0843 0.9361
vn 0.2525 0.8747 0.4138
vn 0.1884 -0.0000 0.9821
vn -0.1364 0.3654 0.9208
vn 0.1467 -0.3928 0.9078
vn -0.1502 -0.4671 0.8714
vn 0.3287 0.0747 0.9415
vn 0.2735 0.8505 0.4493
vn 0.1847 -0.0000 0.9828
vn -0.1706 0.4045 0.8985
vn 0.1471 -0.3489 0.9256
vn -0.7792 -0.1395 -0.6110
vn -0.7793 -0.1399 -0.6108
vn -0.7789 -0.1394 -0.6114
vn -0.1654 -0.8176 0.5515
vn 0.5664 -0.2271 0.7923
vn -0.4924 -0.5329 -0.6882
vn -0.1967 -0.0273 0.9801
vn -0.0037 0.8267 -0.5626
vn -0.7639 -0.2606 -0.5903
vn -0.0736 -0.1075 0.9915
vn 0.0148 -0.0850 0.9963
vn 0.8534 -0.0000 0.5213
vn -0.1295 -0.3826 -0.9148
vn 0.7933 -0.0927 0.6017
vn 0.0468 0.3356 0.9408
vn -0.4645 0.6111 0.6410
vn -0.3274 0.2585 0.9088
vn 0.9615 -0.0754 0.2641
vn -0.2244 -0.9745 -0.0000
vn 0.6615 -0.0000 0.7500
vn 0.6614 -0.0000 0.7500
vn 0.0587 0.1451 -0.9877
vn -0.0997 -0.4399 0.8925
vn 0.1616 -0.4164 -0.8947
vn 0.1660 0.1703 0.9713
vn 0.1566 -0.4624 -0.8727
vn -0.1452 -0.5658 0.8116
vn -0.2326 0.1401 -0.9624
vn 0.1189 0.7190 0.6847
vn -0.1542 0.8837 -0.4419
vn -0.9898 0.0457 0.1347
vn -0.9223 0.0143 0.3861
vn -0.0841 -0.8026 -0.5906
vn 0.1115 -0.5575 0.8227
vn -0.0595 0.0183 0.9981
vn -0.0591 0.1530 -0.9865
vn -0.9709 -0.2394 0.0009
vn -0.9708 -0.2398 -0.0002
vn -0.9709 -0.2396 -0.0001
vn -0.9527 0.3040 0.0034
vn -0.9539 0.2973 -0.0405
vn 0.9663 0.2576 -0.0005
vn 0.9662 0.2579 -0.0005
vn 0.9124 0.2904 -0.2884
vn 0.1689 -0.9856 -0.0000
vn -0.0000 -0.8408 -0.5414
vn 0.0654 -0.8100 0.5828
vn -0.0554 -0.8925 -0.4476
vn -0.0947 0.8667 0.4898
vn 0.0610 0.7892 -0.6111
vn 0.4930 0.1938 -0.8482
vn 0.3410 -0.2090 0.9165
vn -0.1879 -0.1798 -0.9656
vn -0.2185 0.2474 0.9439
vn 0.0034 -0.1772 -0.9842
vn -0.0091 0.0449 0.9990
vn -0.0376 -0.9921 -0.1198
vn -0.0843 -0.4768 -0.8750
vn 0.6556 0.7550 0.0110
vn 0.6556 0.7550 0.0113
vn 0.6555 0.7551 0.0110
vn 0.5995 -0.5040 0.6217
vn 0.5997 -0.5037 0.6218
vn 0.5998 -0.5046 0.6209
vn -0.1852 0.4727 -0.8615
vn -0.5291 0.2282 0.8173
vn -0.2228 -0.5806 -0.7831
vn -0.0533 -0.7740 0.6309
vn 0.5865 -0.1217 -0.8008
vn 0.2024 0.5504 0.8100
vn -0.2466 0.8237 -0.5106
vn -0.0805 -0.3917 0.9165
vn 0.7651 0.3751 0.5234
vn 0.1507 0.9385 0.3107
vn 0.1517 -0.9383 -0.3107
vn -0.0376 -0.9921 -0.1199
vn 0.6556 0.7550 0.0127
vn 0.6556 0.7550 0.0119
vn 0.6557 0.7549 0.0126
vn 0.5999 -0.5045 0.6209
vn -0.0705 0.5036 -0.8611
vn 0.2128 0.7352 0.6435
vn -0.8618 -0.0062 0.5073
vn -0.0961 -0.9712 0.2182
vn -0.0963 -0.9711 0.2182
vn -0.0964 -0.9710 0.2190
vn 0.3023 0.4872 -0.8193
vn 0.2279 0.8622 -0.4525
vn 0.2286 0.8620 -0.4525
vn 0.2285 0.8623 -0.4519
vn 0.2324 -0.8613 0.4518
vn -0.0000 -1.0000 -0.0000
vn 0.3832 0.3642 -0.8488
vn 0.1477 -0.3900 0.9089
vn -0.0901 0.2263 0.9699
vn -0.0346 -0.2918 0.9558
vn 0.4050 0.1372 -0.9040
vn -0.0915 0.2595 -0.9614
vn -0.0857 0.2678 -0.9597
vn -0.0810 0.2667 -0.9604
vn -0.1508 -0.1745 0.9730
vn -0.2558 0.8122 0.5243
vn -0.5669 -0.3434 -0.7488
vn 0.3274 -0.6112 0.7206
vn 0.2067 0.3304 -0.9209
vn 0.0368 -0.2252 -0.9736
vn -0.5195 0.1885 0.8335
vn 0.1076 0.2616 -0.9592
vn -0.7793 -0.1395 -0.6109
vn -0.1655 -0.8180 0.5509
vn -0.1659 -0.8178 0.5510
vn -0.1651 -0.8176 0.5516
vn 0.5662 -0.2271 0.7924
vn -0.4924 -0.5325 -0.6885
vn -0.4923 -0.5332 -0.6880
vn -0.4921 -0.5327 -0.6885
vn -0.1968 -0.0273 0.9801
vn 0.8525 -0.0000 0.5227
vn -0.0799 -0.7443 -0.6630
vn 0.7874 -0.1420 0.5999
vn 0.0320 0.5251 0.8504
vn -0.1212 0.8793 -0.4605
vn -0.1959 0.3555 0.9139
vn 0.9719 -0.1396 0.1898
vn -0.0527 -0.9986 -0.0000
vn -0.0221 -0.4399 -0.8978
vn 0.4085 -0.5394 0.7364
vn 0.6304 0.2365 -0.7394
vn 0.2183 0.5603 0.7990
vn 0.1285 -0.6277 0.7678
vn 0.1288 -0.6278 0.7676
vn -0.7660 0.2626 -0.5868
vn 0.1602 0.3496 0.9231
vn -0.0858 -0.4349 -0.8964
vn 0.9892 -0.1469 -0.0000
vn -0.4016 0.2513 0.8807
vn 0.1217 0.1981 -0.9726
vn -0.0994 -0.6471 -0.7559
vn 0.0295 0.0335 0.9990
vn 0.0832 -0.0349 -0.9959
vn 0.1272 -0.0572 -0.9902
vn 0.6591 0.0915 0.7465
vn 0.0898 -0.2322 -0.9685
vn -0.1092 0.2823 -0.9531
vn -0.0686 0.9224 0.3801
vn -0.0685 0.9229 0.3790
vn -0.0685 0.9224 0.3801
vn -0.0934 -0.0464 -0.9945
vn 0.2304 0.1323 -0.9641
vn -0.1895 -0.5304 -0.8263
vn 0.0118 -0.1362 -0.9906
vn 0.1057 -0.3391 -0.9348
vn -0.2721 -0.0708 -0.9597
vn -0.0036 0.0206 -0.9998
vn 0.1567 -0.0000 -0.9877
vn 0.0751 -0.0139 -0.9971
vn -0.0793 -0.0298 -0.9964
vn 0.0882 -0.0000 -0.9961
vn 0.0371 -0.1221 -0.9918
vn -0.0491 0.1617 -0.9856
vn -0.1876 -0.0000 -0.9822
vn -0.9630 -0.1786 -0.2017
vn -0.3336 0.0257 -0.9424
vn 0.6061 0.1616 -0.7788
vn -0.4936 -0.1073 -0.8630
vn -0.4935 -0.1071 -0.8631
vn -0.4934 -0.1067 -0.8632
vn -0.0183 0.3149 -0.9490
vn 0.0259 0.1874 -0.9819
vn 0.0474 0.1105 -0.9927
vn -0.2872 0.8691 -0.4027
vn -0.1592 -0.0000 -0.9873
vn 0.2876 0.0612 -0.9558
vn -0.2755 -0.0698 -0.9588
vn -0.1974 -0.0695 -0.9779
vn -0.0822 0.1062 -0.9909
vn 0.0781 -0.4477 -0.8908
vn 0.1017 0.8812 -0.4616
vn 0.1985 -0.0143 -0.9800
vn 0.1826 -0.0084 -0.9831
vn 0.1548 -0.0000 -0.9879
vn -0.0407 0.0015 -0.9992
vn -0.9291 -0.2480 0.2744
vn -0.0339 0.1981 -0.9796
vn 0.5388 -0.1680 -0.8255
vn 0.3962 -0.1472 -0.9063
vn -0.1356 -0.0000 -0.9908
vn -0.0433 0.1197 -0.9919
vn -0.3062 -0.0000 -0.9520
vn -0.0293 0.1339 -0.9906
vn -0.6049 -0.0891 -0.7913
vn 0.0375 -0.1119 -0.9930
vn 0.1229 -0.0971 -0.9877
vn 0.5288 0.0877 -0.8442
vn -0.1251 0.0982 0.9873
vn 0.1798 -0.1594 -0.9707
vn -0.1442 0.0884 -0.9856
vn -0.6478 0.0285 -0.7613
vn -0.3611 0.0431 0.9315
vn 0.0342 0.0008 -0.9994
vn -0.3089 0.2019 -0.9294
vn 0.0051 0.2935 -0.9559
vn -0.0055 0.1770 -0.9842
vn -0.5537 -0.6570 -0.5117
vn -0.4400 0.0299 -0.8975
vn 0.2552 0.0246 -0.9666
vn -0.8215 -0.0793 -0.5646
vn -0.5772 -0.0000 -0.8166
vn 0.0507 -0.2481 -0.9674
vn 0.1608 -0.4103 -0.8977
vn 0.0578 0.2703 -0.9610
vn 0.1820 0.4742 -0.8614
vn -0.1788 0.5112 -0.8406
vn -0.1489 -0.2965 -0.9434
vn 0.1404 -0.4006 -0.9054
vn 0.1400 -0.3998 -0.9059
vn 0.1394 -0.4001 -0.9058
vn 0.0860 0.1713 -0.9815
vn -0.7067 0.0921 -0.7015
vn -0.7800 0.1173 -0.6147
vn 0.3095 -0.0465 -0.9498
vn -0.2041 0.0172 -0.9788
vn 0.0051 0.2935 -0.9560
vn -0.5538 -0.6571 -0.5114
vn -0.1226 -0.2664 -0.9560
vn 0.8465 0.0061 -0.5324
vn 0.2080 -0.0737 -0.9753
vn 0.1624 -0.1078 -0.9808
vn -0.1633 -0.1069 -0.9808
vn -0.1168 -0.8548 -0.5057
vn 0.1334 0.9765 0.1692
vn 0.7716 0.0932 0.6292
vn -0.0556 0.0722 -0.9958
vn -0.2273 -0.0084 -0.9738
vn 0.0060 -0.0046 -1.0000
vn -0.3530 -0.0421 -0.9347
vn -0.2314 0.0825 -0.9693
vn 0.9029 -0.3219 0.2849
vn 0.9026 -0.3221 0.2857
vn 0.9026 -0.3220 0.2857
vn 0.8124 -0.3536 -0.4636
vn -0.0877 0.2589 -0.9619
vn 0.1249 -0.3688 -0.9211
vn -0.4344 -0.0955 -0.8957
vn 0.2479 0.0545 -0.9672
vn -0.5539 -0.6571 -0.5114
vn 0.0055 0.0290 -0.9996
vn -0.2236 0.0264 0.9743
vn -0.2393 -0.0413 -0.9701
vn 0.4510 0.0778 0.8891
vn -0.2552 -0.7455 -0.6157
vn 0.0323 0.0944 -0.9950
vn 0.0063 -0.0336 -0.9994
vn -0.1092 0.2824 -0.9531
vn -0.0685 0.9225 0.3798
vn -0.0686 0.9230 0.3786
vn -0.0684 0.9225 0.3798
vn 0.0436 -0.0304 -0.9986
vn -0.0690 -0.0503 -0.9963
vn 0.0559 -0.0000 -0.9984
vn 0.0305 -0.1485 -0.9884
vn -0.0370 0.1800 -0.9830
vn -0.1869 -0.0000 -0.9824
vn -0.9271 -0.2812 -0.2479
vn -0.2902 -0.1093 -0.9507
vn -0.2904 -0.1087 -0.9507
vn -0.2911 -0.1091 -0.9504
vn 0.0118 0.2182 -0.9758
vn -0.0225 -0.4164 -0.9089
vn -0.0225 -0.4178 -0.9082
vn -0.0416 0.1327 -0.9903
vn 0.1222 -0.3312 -0.9356
vn 0.0550 0.0045 -0.9985
vn -0.0166 -0.0000 -0.9999
vn 0.0833 -0.0130 -0.9964
vn -0.0792 -0.0298 -0.9964
vn -0.5607 -0.1073 -0.8210
vn -0.0000 -0.1861 -0.9825
vn 0.0648 -0.1947 -0.9787
vn 0.0889 0.0318 0.9955
vn -0.0318 -0.0376 0.9988
vn 0.1711 0.2218 0.9600
vn -0.0600 0.8557 -0.5140
vn -0.0602 0.8558 -0.5139
vn -0.0599 0.8553 -0.5147
vn 0.3873 -0.1971 0.9006
vn -0.1654 0.0842 0.9826
vn 0.2687 -0.1800 0.9463
vn 0.0009 -0.1869 0.9824
vn -0.5162 0.3459 0.7835
vn -0.0194 -0.1382 0.9902
vn 0.1139 -0.4404 0.8906
vn -0.0551 0.2129 0.9755
vn -0.3405 -0.0696 0.9376
vn 0.0791 -0.0899 0.9928
vn -0.1658 -0.9491 0.2678
vn 0.0672 0.3844 0.9207
vn -0.2747 0.0009 0.9615
vn -0.6614 -0.0000 -0.7500
vn 0.1008 0.6179 0.7797
vn -0.0051 0.0871 0.9962
vn -0.0249 0.2068 0.9781
vn -0.1062 0.2873 0.9519
vn 0.7185 -0.0272 0.6950
vn -0.4101 0.0473 0.9108
vn 0.3817 0.1052 0.9183
vn 0.9640 -0.0020 0.2657
vn -0.2072 0.0501 0.9770
vn -0.0340 -0.0040 0.9994
vn -0.1284 0.1789 0.9754
vn 0.0034 -0.4486 0.8937
vn 0.0032 -0.4485 0.8938
vn 0.0035 -0.4479 0.8941
vn -0.1641 0.8206 0.5474
vn -0.1638 0.8199 0.5485
vn -0.1643 0.8206 0.5474
vn 0.2111 -0.0022 0.9775
vn 0.2141 -0.0058 0.9768
vn 0.2107 -0.0006 0.9775
vn 0.2150 -0.0033 0.9766
vn -0.9197 -0.2289 -0.3191
vn -0.9203 -0.2287 -0.3173
vn -0.9203 -0.2289 -0.3173
vn -0.5613 -0.1785 0.8082
vn -0.5601 -0.1783 0.8090
vn -0.5601 -0.1784 0.8090
vn 0.2692 -0.0859 0.9593
vn -0.0000 0.1246 0.9922
vn 0.3185 -0.0942 0.9432
vn -0.0120 0.1081 0.9941
vn 0.0245 0.0509 0.9984
vn 0.0264 0.0489 0.9985
vn 0.0290 0.0470 0.9985
vn 0.1160 0.1095 0.9872
vn 0.1156 0.1083 0.9874
vn 0.1150 0.1088 0.9874
vn -0.5981 0.0879 0.7966
vn 0.5294 -0.0877 0.8438
vn -0.3062 -0.0000 0.9520
vn 0.1816 -0.2168 0.9592
vn -0.0227 -0.0259 0.9994
vn 0.0283 0.0469 0.9985
vn -0.0979 -0.0704 -0.9927
vn 0.1818 0.1656 0.9693
vn 0.1821 0.1653 0.9693
vn 0.1810 0.1651 0.9695
vn -0.2128 -0.0837 0.9735
vn -0.6422 -0.0330 0.7659
vn -0.4320 0.2966 0.8517
vn 0.1189 0.6734 0.7296
vn 0.1189 0.6741 0.7290
vn 0.1193 0.6734 0.7296
vn -0.2216 -0.1839 -0.9576
vn 0.2550 0.2056 0.9448
vn 0.4157 -0.1793 0.8917
vn 0.0340 -0.1665 0.9854
vn 0.0194 0.2815 0.9594
vn 0.1185 0.5543 0.8238
vn 0.0231 -0.1874 0.9820
vn -0.0113 -0.0000 0.9999
vn -0.1459 0.1364 0.9798
vn -0.1458 0.1371 0.9798
vn -0.1453 0.1364 0.9799
vn -0.1494 0.2971 0.9431
vn -0.1398 -0.8441 0.5177
vn 0.0864 -0.1718 0.9813
vn 0.1590 0.7995 0.5793
vn 0.1591 0.7996 0.5790
vn -0.1967 -0.1293 0.9719
vn -0.2390 -0.1686 0.9563
vn 0.1191 0.6738 0.7293
vn -0.2213 -0.1836 -0.9578
vn -0.2216 -0.1836 -0.9577
vn -0.2218 -0.1843 -0.9575
vn 0.2550 0.2057 0.9448
vn -0.8968 0.1024 0.4304
vn -0.8972 0.1025 0.4296
vn -0.8972 0.1027 0.4295
vn -0.0144 -0.2457 0.9692
vn 0.9472 -0.1083 -0.3018
vn -0.1136 0.8755 0.4698
vn 0.1298 -0.9753 -0.1789
vn 0.1300 -0.9750 -0.1800
vn 0.1298 -0.9751 -0.1799
vn -0.0711 -0.5179 0.8525
vn -0.0554 -0.1216 0.9910
vn 0.0786 -0.0287 0.9965
vn 0.0770 -0.1835 -0.9800
vn 0.2080 0.9764 -0.0578
vn 0.2081 0.9765 -0.0562
vn 0.2079 0.9764 -0.0576
vn -0.0183 -0.0971 0.9951
vn -0.4320 0.2965 0.8517
vn 0.1567 0.1407 0.9776
vn -0.0162 -0.0817 0.9965
vn 0.1087 -0.2396 0.9648
vn -0.0663 0.1199 0.9906
vn 0.3043 -0.5507 0.7772
vn -0.9503 0.0128 0.3111
vn 0.1778 -0.0024 0.9841
vn 0.0889 0.0317 0.9955
vn -0.0600 0.8558 -0.5139
vn -0.0600 0.8560 -0.5136
vn -0.0600 0.8556 -0.5141
vn 0.0516 -0.1370 0.9892
vn 0.0217 -0.8272 0.5615
vn -0.0083 0.3150 0.9491
vn -0.2732 0.0016 0.9620
vn -0.1557 0.0031 0.9878
vn -0.1124 -0.0595 -0.9919
vn -0.1138 -0.0592 -0.9917
vn -0.1139 -0.0598 -0.9917
vn 0.5655 0.2971 -0.7694
vn 0.1312 0.0533 0.9899
vn -0.2327 -0.4531 0.8606
vn -0.2329 -0.4530 0.8605
vn -0.2327 -0.4521 0.8611
vn 0.2378 -0.0957 0.9666
vn 0.0945 -0.1225 0.9880
vn -0.5631 0.2267 0.7946
vn -0.0058 -0.0095 0.9999
vn 0.2066 -0.4131 0.8870
vn -0.0737 0.1473 0.9863
vn -0.2394 0.0273 0.9705
vn -0.1426 0.4581 -0.8774
vn 0.4240 -0.2004 -0.8832
vn 0.0736 -0.2365 -0.9688
vn 0.0824 -0.0000 -0.9966
vn 0.2526 -0.0272 -0.9672
vn 0.0033 0.0740 -0.9973
vn 0.0505 -0.0535 -0.9973
vn -0.4366 -0.8523 0.2879
vn 0.2567 0.0289 0.9661
vn 0.0749 0.1463 0.9864
vn 0.1869 -0.0000 0.9824
vn 0.2384 0.0273 0.9708
vn -0.4941 0.6925 0.5256
vn 0.0505 -0.0707 0.9962
vn -0.2765 0.7723 0.5718
vn -0.2270 0.8882 -0.3996
vn -0.2275 0.8882 -0.3991
vn -0.2279 0.8879 -0.3996
vn -0.2043 -0.9074 0.3674
vn -0.0244 -0.5588 -0.8289
vn 0.5747 -0.1362 0.8069
vn 0.6219 0.2587 -0.7391
vn 0.7593 0.0001 -0.6507
vn 0.7587 0.0001 -0.6515
vn 0.7593 -0.0002 -0.6508
vn 0.2338 -0.1355 0.9628
vn 0.2513 0.1935 0.9484
vn 0.0717 0.6559 -0.7514
vn -0.8057 -0.0769 0.5872
vn -0.8094 0.0802 -0.5817
vn 0.0750 -0.6587 0.7487
vn 0.1259 -0.1618 -0.9788
vn 0.1260 0.1631 0.9785
vn 0.0964 0.6100 -0.7866
vn -0.2627 0.6816 0.6829
vn -0.8109 0.0269 -0.5846
vn -0.2349 -0.8110 -0.5359
vn 0.5920 -0.5903 -0.5488
vn -0.0348 -0.3814 0.9238
vn -0.3905 -0.3392 -0.8558
vn -0.0389 0.1739 -0.9840
vn -0.0450 0.1764 -0.9833
vn -0.0382 0.1740 -0.9840
vn -0.0437 0.1772 -0.9832
vn 0.4872 -0.0252 -0.8729
vn -0.2420 -0.0882 0.9663
vn -0.6835 0.0733 -0.7263
vn 0.5132 0.8579 0.0259
vn -0.4626 -0.5904 -0.6614
vn -0.4624 0.5904 0.6615
vn 0.9996 0.0047 0.0279
vn 0.9996 -0.0048 -0.0275
vn -0.7789 -0.1395 -0.6114
vn -0.1654 -0.8172 0.5521
vn 0.5663 -0.2271 0.7923
vn -0.4924 -0.5329 -0.6881
vn -0.0037 0.8265 -0.5629
vn 0.9959 -0.0909 -0.0000
vn 0.1679 0.4033 -0.8995
vn 0.1264 0.9036 -0.4093
vn 0.1270 0.9033 -0.4099
vn 0.1277 0.9034 -0.4093
vn 0.1019 -0.9062 0.4104
vn 0.1684 0.5086 0.8444
vn -0.1543 0.8835 -0.4422
vn -0.9898 0.0456 0.1348
vn -0.9223 0.0145 0.3862
vn -0.9226 0.0138 0.3855
vn -0.9225 0.0149 0.3858
vn -0.0841 -0.8031 -0.5899
vn -0.0699 -0.8716 -0.4852
vn 0.5424 -0.0765 0.8366
vn -0.2646 -0.6849 -0.6789
vn -0.2647 -0.6859 -0.6779
vn -0.2645 -0.6859 -0.6779
vn -0.1807 -0.7144 0.6760
vn 0.9261 -0.3721 0.0629
vn 0.2138 -0.4880 -0.8463
vn 0.2138 -0.4888 -0.8458
vn 0.2141 -0.4879 -0.8462
vn 0.0931 -0.6973 0.7107
vn 0.0924 -0.6973 0.7108
vn 0.0934 -0.6968 0.7112
vn -0.7994 -0.0837 -0.5950
vn -0.2765 0.7723 0.5719
vn -0.2274 0.8880 -0.3995
vn 0.7590 -0.0000 -0.6511
vn 0.0718 0.6560 -0.7514
vn -0.8060 -0.0769 0.5870
vn -0.8096 0.0802 -0.5814
vn 0.1259 -0.1619 -0.9788
vn 0.0340 0.0386 -0.9987
vn -0.0089 0.0518 0.9986
vn -0.0106 -0.0843 0.9964
vn 0.0014 -0.5191 0.8547
vn 0.1408 0.3676 -0.9193
vn -0.1368 0.4286 0.8931
vn 0.0930 -0.7893 0.6070
vn -0.0930 -0.7893 -0.6070
vn -0.8643 -0.3987 -0.3066
vn -0.8645 -0.3984 -0.3065
vn 0.0151 -0.0790 0.9968
vn 0.0614 0.1093 -0.9921
vn 0.0203 0.7587 0.6512
vn 0.7229 0.0012 -0.6909
vn 0.7235 0.0017 -0.6904
vn 0.7228 0.0020 -0.6911
vn -0.0277 -0.3855 0.9223
vn 0.0509 0.4443 -0.8945
vn 0.1015 -0.2359 0.9665
vn -0.2934 0.2679 -0.9177
vn -0.2268 0.8882 -0.3996
vn -0.2276 0.8883 -0.3989
vn -0.2282 0.8878 -0.3996
vn -0.4722 0.2572 -0.8431
vn -0.3783 -0.1522 0.9131
vn 0.0610 -0.3554 -0.9327
vn 0.3168 -0.2466 0.9159
vn 0.2094 0.4407 -0.8729
vn 0.0595 0.9628 0.2635
vn 0.0377 -0.2261 -0.9734
vn -0.2713 -0.9625 -0.0000
vn -0.2713 0.9625 -0.0000
vn 0.1548 0.7787 -0.6080
vn 0.1548 -0.7788 0.6079
vn -0.2015 0.6628 0.7212
vn -0.9122 -0.2829 0.2964
vn 0.1257 -0.7112 -0.6916
vn 0.6991 0.0126 0.7149
vn 0.1440 0.6494 -0.7467
vn 0.0589 -0.1655 -0.9844
vn 0.1681 0.4034 -0.8994
vn 0.1272 0.9035 -0.4092
vn 0.1020 -0.9061 0.4105
vn -0.7640 -0.2606 -0.5903
vn 0.0296 -0.0164 0.9994
vn 0.1548 -0.0005 -0.9879
vn 0.1553 -0.0000 -0.9879
vn 0.1547 0.0005 -0.9880
vn -0.0136 0.0160 -0.9998
vn 0.1061 0.0094 -0.9943
vn -0.0049 0.0213 -0.9998
vn 0.0036 0.0195 -0.9998
vn 0.3329 -0.9297 -0.1575
vn 0.0607 0.3411 -0.9381
vn -0.0041 -0.1634 -0.9866
vn 0.0349 0.8004 -0.5984
vn -0.3300 -0.1869 -0.9253
vn -0.2520 -0.1048 -0.9620
vn -0.0775 0.0130 0.9969
vn 0.2262 0.0214 -0.9738
vn 0.2254 0.0219 -0.9740
vn 0.2253 0.0214 -0.9740
vn 0.3235 0.0661 -0.9439
vn -0.0227 -0.4824 -0.8756
vn -0.0409 -0.1312 -0.9905
vn -0.0057 0.1607 -0.9870
vn -0.5379 0.8407 -0.0615
vn 0.0311 -0.1390 -0.9898
vn -0.6792 -0.1021 -0.7268
vn 0.5011 0.0612 -0.8632
vn 0.1086 0.0988 -0.9892
vn 0.0118 -0.0111 -0.9999
vn -0.1840 0.0711 -0.9803
vn -0.0451 0.0460 -0.9979
vn 0.0027 -0.5935 -0.8048
vn -0.1547 -0.2586 -0.9535
vn 0.1901 0.0313 -0.9813
vn -0.2222 -0.0365 -0.9743
vn 0.6594 0.0915 0.7462
vn 0.6591 0.0916 0.7465
vn -0.0685 0.9227 0.3793
vn 0.2305 0.1323 -0.9640
vn -0.1894 -0.5301 -0.8265
vn 0.0067 -0.1465 -0.9892
vn -0.2821 -0.0792 -0.9561
vn 0.3001 0.0641 -0.9517
vn -0.1849 -0.0488 -0.9816
vn -0.2684 -0.0425 -0.9624
vn 0.0456 0.5425 -0.8388
vn 0.0784 -0.4492 -0.8900
vn 0.0810 0.6742 -0.7341
vn 0.1964 -0.0195 -0.9803
vn 0.1677 -0.0077 -0.9858
vn 0.2947 0.8306 -0.4725
vn -0.1138 0.4620 -0.8796
vn -0.1029 0.0194 -0.9945
vn -0.0467 0.2524 -0.9665
vn 0.3603 -0.0680 -0.9304
vn 0.3329 -0.9297 -0.1577
vn -0.2517 -0.1049 -0.9621
vn 0.2257 0.0215 -0.9739
vn 0.2255 0.0218 -0.9740
vn 0.2254 0.0214 -0.9740
vn 0.3236 0.0661 -0.9439
vn 0.0415 0.0320 -0.9986
vn -0.1671 -0.5228 -0.8359
vn -0.1671 -0.5222 -0.8363
vn -0.1673 -0.5228 -0.8359
vn 0.2401 0.0739 -0.9679
vn 0.0414 -0.0788 -0.9960
vn -0.0469 0.3979 -0.9162
vn 0.0243 0.1744 -0.9844
vn -0.1894 -0.0046 -0.9819
vn -0.0000 0.1818 -0.9833
vn -0.2787 -0.0165 -0.9602
vn 0.0054 0.0280 -0.9996
vn -0.1530 -0.0000 -0.9882
vn -0.4925 -0.0864 -0.8660
vn -0.0049 -0.1828 -0.9831
vn 0.2227 -0.6191 -0.7530
vn 0.0478 0.1676 -0.9847
vn 0.0397 0.1543 -0.9872
vn 0.0362 0.1534 -0.9875
vn 0.0444 0.1668 -0.9850
vn -0.0042 -0.1634 -0.9866
vn -0.3300 -0.1870 -0.9253
vn -0.2519 -0.1048 -0.9621
vn -0.2517 -0.1046 -0.9621
vn -0.2523 -0.1048 -0.9620
vn -0.0737 0.0060 -0.9973
vn -0.1633 -0.0108 -0.9865
vn -0.4288 -0.9027 -0.0362
vn -0.1687 0.9837 -0.0616
vn 0.0250 0.3353 -0.9418
vn 0.5724 -0.3117 -0.7584
vn 0.0061 -0.0338 -0.9994
vn -0.0005 0.1853 -0.9827
vn 0.0004 0.1851 -0.9827
vn 0.0001 0.1857 -0.9826
vn 0.0043 0.0031 -1.0000
vn 0.0042 0.0019 -1.0000
vn 0.0046 0.0020 -1.0000
vn -0.0000 0.1836 -0.9830
vn -0.0492 0.0491 -0.9976
vn 0.3242 0.0417 -0.9451
vn 0.1264 -0.0648 -0.9899
vn -0.2639 0.0440 -0.9635
vn 0.7896 -0.1318 0.5993
vn 0.7888 -0.1317 0.6004
vn 0.7889 -0.1314 0.6004
vn 0.0233 0.2062 -0.9782
vn 0.0300 0.1910 -0.9811
vn -0.0909 -0.4102 -0.9075
vn -0.0862 -0.0000 -0.9963
vn -0.2192 -0.0517 -0.9743
vn -0.1895 -0.5299 -0.8267
vn -0.1846 -0.0046 -0.9828
vn -0.0004 -0.1609 -0.9870
vn 0.1059 -0.3394 -0.9347
vn -0.0374 0.1198 -0.9921
vn -0.2999 -0.0943 -0.9493
vn -0.1560 -0.0000 -0.9878
vn -0.2518 -0.0183 -0.9676
vn 0.0408 -0.0013 -0.9992
vn 0.2222 -0.8675 0.4451
vn 0.2221 -0.8674 0.4453
vn 0.2222 -0.8670 0.4460
vn 0.0928 0.4124 0.9062
vn 0.0689 -0.4194 0.9052
vn -0.0041 0.1634 0.9866
vn -0.4962 0.1721 0.8510
vn -0.3326 0.0788 0.9398
vn -0.7712 0.0083 0.6365
vn 0.3142 -0.0311 0.9488
vn 0.3649 -0.0548 0.9294
vn 0.3661 -0.0549 0.9289
vn 0.3658 -0.0556 0.9290
vn -0.0363 0.5920 0.8051
vn -0.0361 0.5913 0.8057
vn -0.0367 0.5920 0.8051
vn -0.0979 -0.2590 0.9609
vn -0.0623 0.0272 0.9977
vn -0.4998 -0.7961 0.3412
vn -0.4997 -0.7962 0.3412
vn -0.4998 -0.7965 0.3403
vn 0.1088 0.0594 0.9923
vn -0.7005 0.0427 0.7124
vn 0.5258 -0.0250 0.8502
vn 0.1388 -0.0479 0.9892
vn -0.1786 0.1366 0.9744
vn -0.4357 0.0021 0.9001
vn -0.0724 0.0722 0.9948
vn 0.3532 0.0037 0.9355
vn 0.2185 -0.5670 0.7942
vn -0.1512 -0.1417 0.9783
vn -0.1278 0.0496 0.9906
vn 0.1543 -0.0631 0.9860
vn 0.1711 0.2219 0.9599
vn -0.0599 0.8562 -0.5132
vn -0.0601 0.8562 -0.5132
vn -0.0599 0.8554 -0.5145
vn 0.3870 -0.1971 0.9008
vn 0.2325 -0.1679 0.9580
vn 0.0063 -0.1869 0.9824
vn -0.0180 -0.1283 0.9916
vn -0.0551 0.2130 0.9755
vn -0.3331 -0.0616 0.9409
vn -0.0383 0.0439 0.9983
vn -0.3133 -0.0302 0.9492
vn -0.1663 -0.7658 0.6212
vn -0.1665 -0.7657 0.6213
vn -0.1662 -0.7651 0.6221
vn -0.0573 0.2356 0.9702
vn 0.0348 0.4321 0.9012
vn 0.0348 0.4311 0.9016
vn 0.0344 0.4320 0.9012
vn 0.1750 -0.0266 0.9842
vn 0.2837 -0.0044 0.9589
vn 0.0786 0.4554 0.8868
vn 0.0780 0.4532 0.8880
vn 0.0785 0.4554 0.8868
vn 0.0100 0.0385 0.9992
vn 0.0097 0.0383 0.9992
vn -0.3146 0.8321 0.4567
vn 0.2221 -0.8674 0.4454
vn 0.2220 -0.8674 0.4454
vn 0.2222 -0.8669 0.4462
vn 0.0928 0.4124 0.9063
vn 0.0689 -0.4195 0.9051
vn -0.1902 -0.0000 -0.9818
vn -0.7712 0.0083 0.6366
vn 0.3143 -0.0311 0.9488
vn 0.3654 -0.0550 0.9292
vn -0.0361 0.5914 0.8056
vn -0.0366 0.5919 0.8052
vn -0.4997 -0.7961 0.3413
vn 0.2324 -0.1207 0.9651
vn 0.3368 -0.1606 0.9278
vn 0.0543 -0.1703 0.9839
vn 0.0139 0.1180 0.9929
vn -0.0236 0.2928 0.9559
vn -0.5886 -0.0000 0.8084
vn -0.3376 -0.0890 0.9371
vn -0.0552 0.3145 0.9477
vn 0.0685 -0.1224 0.9901
vn 0.6398 -0.6424 0.4219
vn 0.6397 -0.6423 0.4222
vn -0.3586 -0.0008 0.9335
vn -0.2284 -0.0407 0.9727
vn 0.2222 -0.8676 0.4450
vn 0.2220 -0.8675 0.4451
vn 0.0685 -0.4190 0.9054
vn 0.0693 -0.4197 0.9050
vn 0.0690 -0.4199 0.9049
vn -0.4960 0.1720 0.8511
vn -0.3329 0.0791 0.9396
vn -0.3322 0.0788 0.9399
vn -0.3330 0.0788 0.9396
vn 0.9227 0.3712 0.1036
vn 0.9228 0.3714 0.1021
vn 0.9229 0.3713 0.1021
vn 0.0681 -0.0991 0.9927
vn 0.0489 0.1125 0.9924
vn -0.0252 -0.4076 0.9128
vn -0.2331 0.0107 0.9724
vn -0.7616 0.5928 -0.2619
vn 0.2302 0.1202 0.9657
vn -0.0348 -0.0363 0.9987
vn 0.2151 -0.3344 0.9175
vn 0.0593 0.0978 0.9934
vn -0.4392 -0.0002 0.8984
vn -0.2126 0.1235 -0.9693
vn 0.1372 -0.0797 0.9873
vn 0.0141 -0.1869 0.9823
vn -0.0161 -0.1147 0.9933
vn 0.1140 -0.4407 0.8904
vn -0.3257 -0.0537 0.9439
vn -0.1410 0.4615 -0.8759
vn 0.3335 -0.0802 -0.9393
vn 0.2639 -0.8637 -0.4295
vn 0.1855 -0.0000 -0.9827
vn -0.1529 -0.3818 -0.9115
vn 0.1473 0.3679 -0.9181
vn -0.1407 -0.4575 0.8780
vn 0.3341 0.0802 0.9391
vn 0.2611 0.8495 0.4585
vn 0.2612 0.8487 0.4599
vn 0.2610 0.8487 0.4599
vn 0.1855 -0.0000 0.9827
vn -0.1539 0.3862 0.9095
vn 0.1488 -0.3735 0.9156
vn -0.9709 -0.2396 0.0004
vn -0.9527 0.3040 0.0028
vn -0.9539 0.2973 -0.0409
vn 0.9662 0.2579 -0.0000
vn 0.9125 0.2904 -0.2880
vn -0.0638 -0.0331 -0.9974
vn -0.0851 -0.0525 -0.9950
vn -0.2789 -0.9603 -0.0000
vn -0.2789 0.9603 -0.0000
vn 0.1617 0.7556 -0.6348
vn 0.1617 -0.7556 0.6348
vn 0.0151 -0.0789 0.9968
vn -0.0704 0.0233 -0.9972
vn -0.1942 -0.9698 0.1478
vn -0.1381 -0.8922 0.4299
vn 0.7672 -0.1829 -0.6147
vn 0.4115 -0.8968 0.1626
vn 0.4118 -0.8967 0.1624
vn 0.4113 -0.8972 0.1610
vn -0.0447 -0.1140 -0.9925
vn 0.0187 0.0398 0.9990
vn 0.1647 0.9773 -0.1332
vn 0.6197 -0.0000 0.7848
vn 0.0305 -0.3562 0.9339
vn 0.0151 -0.0767 0.9969
vn 0.7576 -0.0000 -0.6527
vn 0.6803 -0.0000 -0.7329
vn 0.2764 -0.2269 0.9339
vn 0.3258 0.4016 0.8559
vn -0.2067 0.8431 -0.4965
vn -0.2930 0.8446 0.4482
vn -0.2929 0.8447 0.4479
vn -0.2929 0.8444 0.4485
vn -0.1995 -0.4696 -0.8600
vn -0.1994 -0.4707 -0.8595
vn -0.1987 -0.4706 -0.8597
vn -0.0302 -0.4565 0.8892
vn 0.7592 0.3786 0.5294
vn 0.1070 0.1525 0.9825
vn 0.2561 -0.1397 0.9565
vn 0.2561 0.1397 -0.9565
vn -0.4119 -0.1056 -0.9051
vn 0.9962 -0.0868 -0.0000
vn 0.1735 0.3898 -0.9044
vn 0.1452 0.8733 -0.4650
vn 0.1166 -0.8766 0.4668
vn -0.7438 -0.2349 -0.6258
vn -0.0105 0.1257 -0.9920
vn 0.0153 -0.0778 0.9969
vn 0.1105 0.9932 -0.0377
vn 0.6993 -0.0000 0.7148
vn 0.0856 -0.3711 0.9247
vn 0.0653 -0.8099 0.5830
vn -0.0554 -0.8926 -0.4474
vn -0.0947 0.8670 0.4893
vn 0.0610 0.7892 -0.6112
vn 0.4929 0.1937 -0.8483
vn 0.3411 -0.2090 0.9165
vn -0.2185 0.2474 0.9440
vn 0.1191 0.7192 0.6845
vn -0.1541 0.8835 -0.4424
vn -0.9898 0.0457 0.1352
vn -0.9220 0.0142 0.3869
vn -0.9223 0.0141 0.3862
vn -0.9221 0.0146 0.3867
vn -0.1353 0.4349 -0.8903
vn -0.2755 -0.0322 0.9608
vn -0.2030 -0.3730 -0.9054
vn 0.3240 -0.3045 0.8957
vn 0.2183 0.5042 0.8356
vn -0.6916 0.4732 0.5457
vn -0.6924 0.4733 0.5446
vn -0.6923 0.4736 0.5445
vn -0.9803 -0.1975 0.0001
vn -0.9802 -0.1981 0.0005
vn -0.9801 -0.1983 -0.0001
vn 0.2321 -0.9727 -0.0000
vn 0.2323 0.9727 -0.0000
vn 0.8152 0.5791 -0.0000
vn 0.7592 0.0001 -0.6508
vn 0.7587 0.0001 -0.6514
vn 0.7592 -0.0001 -0.6509
vn 0.0718 0.6561 -0.7512
vn -0.8060 -0.0769 0.5869
vn -0.8095 0.0801 -0.5817
vn 0.0750 -0.6586 0.7487
vn 0.1259 -0.1620 -0.9787
vn 0.1260 0.1632 0.9785
vn -0.1780 0.6964 -0.6952
vn -0.7839 -0.0739 0.6165
vn -0.7884 0.0764 -0.6104
vn -0.1759 -0.6987 0.6934
vn 0.1698 -0.4987 -0.8500
vn 0.1735 0.4884 0.8552
vn 0.0355 0.1121 0.9931
vn 0.0184 0.0791 0.9967
vn 0.0016 -0.5161 0.8565
vn 0.1404 0.3674 -0.9194
vn -0.1363 0.4299 0.8925
vn 0.0910 -0.7980 0.5957
vn -0.0910 -0.7980 -0.5957
vn -0.8655 -0.4014 -0.2996
vn 0.6329 -0.0000 0.7742
vn -0.0475 0.0727 -0.9962
vn -0.1241 -0.0921 -0.9880
vn 0.0514 -0.0173 -0.9985
vn 0.0512 -0.0171 -0.9985
vn 0.0510 -0.0172 -0.9986
vn 0.0518 -0.0176 -0.9985
vn -0.2288 -0.0786 0.9703
vn -0.0089 0.0152 -0.9998
vn -0.0000 -0.1836 -0.9830
vn -0.0318 0.0010 -0.9995
vn -0.0000 0.1861 -0.9825
vn -0.0000 0.1819 -0.9833
vn 0.0707 0.0215 -0.9973
vn -0.0771 0.0913 -0.9928
vn 0.0375 0.3166 -0.9478
vn 0.0374 0.3164 -0.9479
vn 0.0374 0.3160 -0.9480
vn -0.0130 0.1739 -0.9847
vn -0.9150 0.2509 -0.3160
vn -0.9151 0.2509 -0.3157
vn -0.9149 0.2508 -0.3164
vn 0.2212 -0.0000 -0.9752
vn -0.6197 -0.0000 -0.7848
vn 0.0213 -0.0020 -0.9998
vn -0.0646 0.0064 -0.9979
vn 0.0036 0.0199 -0.9998
vn -0.0832 0.0213 0.9963
vn -0.0446 0.0805 -0.9958
vn 0.0708 -0.3499 -0.9341
vn 0.0636 -0.3471 -0.9357
vn 0.0652 -0.3428 -0.9371
vn 0.1952 0.5383 -0.8198
vn 0.0675 -0.3487 -0.9348
vn 0.0134 0.1838 -0.9829
vn -0.6932 0.0694 -0.7174
vn -0.8644 0.1293 -0.4859
vn -0.8639 0.1293 -0.4867
vn -0.8644 0.1294 -0.4859
vn 0.3015 -0.0451 -0.9524
vn -0.0215 -0.0485 -0.9986
vn -0.0099 0.0714 -0.9974
vn -0.1567 -0.0000 -0.9876
vn -0.1988 -0.5178 -0.8321
vn -0.1805 -0.0043 -0.9836
vn 0.0070 -0.1380 -0.9904
vn 0.1157 -0.3469 -0.9307
vn -0.0372 0.1114 -0.9931
vn -0.2787 -0.0745 -0.9575
vn -0.1811 -0.0028 0.9835
vn 0.2882 -0.0109 -0.9575
vn 0.2086 -0.0000 -0.9780
vn -0.6993 -0.0000 -0.7148
vn -0.0137 0.0323 -0.9994
vn -0.0433 0.1196 -0.9919
vn -0.3061 -0.0000 -0.9520
vn -0.0293 0.1338 -0.9906
vn -0.6048 -0.0892 -0.7914
vn 0.5287 0.0877 -0.8443
vn -0.1250 0.0982 0.9873
vn 0.1797 -0.1593 -0.9707
vn -0.1443 0.0884 -0.9856
vn -0.6478 0.0284 -0.7613
vn -0.6482 0.0285 -0.7610
vn -0.6485 0.0284 -0.7607
vn -0.2755 -0.0697 -0.9588
vn -0.0822 0.1063 -0.9909
vn 0.0781 -0.4476 -0.8908
vn 0.1016 0.8805 -0.4630
vn 0.1018 0.8805 -0.4630
vn 0.1016 0.8811 -0.4618
vn 0.1826 -0.0084 -0.9832
vn -0.1542 -0.0000 -0.9880
vn 0.1205 0.0798 -0.9895
vn 0.2482 -0.7977 -0.5496
vn 0.2484 -0.7982 -0.5488
vn 0.2483 -0.7979 -0.5492
vn 0.0158 -0.2774 -0.9606
vn 0.4627 0.8500 0.2520
vn 0.4628 0.8499 0.2519
vn 0.4626 0.8497 0.2529
vn -0.0910 0.1030 -0.9905
vn -0.6360 0.0726 -0.7683
vn 0.3263 -0.0372 -0.9445
vn -0.0084 -0.0019 -1.0000
vn 0.1542 -0.0000 -0.9880
vn -0.1312 -0.0000 0.9914
vn -0.3281 -0.0000 -0.9447
vn -0.0131 0.1074 -0.9941
vn 0.2258 0.0216 -0.9739
vn -0.0227 -0.4821 -0.8758
vn -0.5380 0.8407 -0.0617
vn 0.1530 -0.0000 -0.9882
vn 0.5803 0.0547 -0.8126
vn 0.0367 -0.1435 -0.9890
vn 0.0729 0.1001 -0.9923
vn 0.1372 -0.2452 -0.9597
vn -0.0455 0.3635 -0.9305
vn -0.0874 -0.0082 -0.9961
vn -0.5243 -0.2551 -0.8124
vn 0.2691 0.0546 -0.9616
vn 0.0153 0.0137 -0.9998
vn -0.1678 -0.5253 -0.8342
vn 0.2399 0.0742 -0.9680
vn 0.0414 -0.0787 -0.9960
vn -0.0452 0.3962 -0.9171
vn 0.0242 0.1759 -0.9841
vn -0.1893 -0.0047 -0.9819
vn -0.9196 -0.2287 -0.3193
vn -0.5611 -0.1786 0.8083
vn 0.2690 -0.0858 0.9593
vn 0.3184 -0.0941 0.9433
vn -0.4069 0.3252 0.8536
vn 0.1037 0.6698 0.7352
vn 0.1038 0.6692 0.7358
vn 0.1034 0.6699 0.7352
vn -0.0327 0.1904 0.9812
vn 0.0598 0.0226 0.9980
vn -0.2103 -0.2108 -0.9546
vn 0.1258 0.1466 0.9812
vn -0.2010 -0.0000 -0.9796
vn -0.7671 0.0137 0.6414
vn -0.6803 -0.0000 0.7329
vn 0.1700 -0.4902 0.8549
vn 0.0583 0.4320 0.9000
vn 0.0135 -0.1836 0.9829
vn 0.1183 0.7065 0.6978
vn -0.1739 -0.0959 0.9801
vn -0.2736 -0.1877 0.9434
vn 0.2239 -0.1569 0.9619
vn 0.2743 -0.1732 0.9459
vn 0.0068 -0.1801 0.9836
vn -0.4864 0.3071 0.8180
vn -0.0198 -0.1192 0.9927
vn 0.1200 -0.4421 0.8889
vn -0.0549 0.2024 0.9778
vn -0.3275 -0.0577 0.9431
vn 0.1156 0.1089 0.9873
vn -0.5975 0.0878 0.7970
vn -0.5975 0.0876 0.7971
vn -0.5984 0.0881 0.7964
vn 0.5292 -0.0877 0.8439
vn -0.3061 -0.0000 0.9520
vn 0.1815 -0.2167 0.9592
vn 0.1815 0.1652 0.9694
vn 0.9640 -0.0021 0.2658
vn -0.1284 0.1791 0.9754
vn 0.0036 -0.4473 0.8944
vn 0.0038 -0.4476 0.8942
vn 0.0030 -0.4481 0.8940
vn -0.1639 0.8199 0.5485
vn 0.2107 -0.0005 0.9776
vn 0.9421 0.1103 -0.3167
vn 0.9423 0.1101 -0.3161
vn 0.9422 0.1102 -0.3164
vn 0.3715 0.1516 0.9160
vn -0.0094 -0.2310 0.9729
vn -0.0795 -0.3507 0.9331
vn -0.0637 0.1311 0.9893
vn -0.3211 -0.0000 0.9470
vn -0.1312 -0.0000 -0.9914
vn -0.1902 -0.0000 -0.9817
vn -0.7710 0.0082 0.6368
vn -0.7714 0.0085 0.6363
vn -0.6818 -0.0000 0.7315
vn 0.3138 -0.0312 0.9490
vn 0.3147 -0.0309 0.9487
vn 0.3147 -0.0313 0.9487
vn -0.0363 0.5922 0.8050
vn -0.0362 0.5914 0.8056
vn -0.0366 0.5920 0.8051
vn -0.0979 -0.2589 0.9609
vn -0.0623 0.0274 0.9977
vn -0.5000 -0.7967 0.3396
vn -0.5004 -0.7968 0.3387
vn 0.6891 -0.0668 0.7215
vn 0.0427 0.1696 0.9846
vn 0.0428 -0.1376 0.9896
vn 0.0628 0.1890 0.9800
vn -0.0273 -0.3028 0.9527
vn -0.0314 0.0039 0.9995
vn -0.4469 0.2290 0.8648
vn 0.2801 -0.0543 0.9584
vn 0.2322 -0.1212 0.9651
vn 0.3355 -0.1608 0.9282
vn 0.0540 -0.1705 0.9839
vn 0.0136 0.1192 0.9928
vn -0.0235 0.2929 0.9559
vn -0.3378 -0.0894 0.9370
vn -0.6329 -0.0000 -0.7742
vn -0.2279 -0.0000 0.9737
vn -0.1986 0.6405 -0.7418
vn 0.2757 -0.0700 -0.9587
vn 0.0729 -0.2350 -0.9693
vn 0.0812 -0.0000 -0.9967
vn 0.2586 -0.0184 -0.9658
vn 0.0149 0.0426 -0.9990
vn 0.0500 -0.0532 -0.9973
vn -0.1457 0.4660 -0.8727
vn 0.3294 -0.0747 -0.9412
vn 0.2724 -0.8712 -0.4083
vn -0.1625 -0.3918 -0.9056
vn 0.1465 0.3533 -0.9240
vn -0.1978 -0.6441 0.7389
vn 0.2753 0.0700 0.9588
vn 0.0728 0.2371 0.9688
vn 0.0812 -0.0000 0.9967
vn 0.2587 0.0184 0.9658
vn 0.0147 -0.0425 0.9990
vn 0.0500 0.0527 0.9974
vn -0.1454 -0.4619 0.8749
vn 0.3299 0.0747 0.9410
vn 0.2698 0.8573 0.4385
vn 0.1854 -0.0000 0.9827
vn -0.1636 0.3963 0.9034
vn 0.1479 -0.3583 0.9218
vn -0.0204 0.1924 -0.9811
vn -0.1539 0.0902 -0.9840
vn 0.0726 0.1583 0.9847
vn -0.4981 -0.0113 -0.8670
vn -0.1981 -0.5587 0.8053
vn 0.5562 -0.2296 -0.7987
vn 0.6540 -0.6920 0.3057
vn 0.2946 0.7679 -0.5688
vn -0.1489 0.7563 0.6370
vn 0.3435 -0.4522 -0.8231
vn -0.3556 -0.9269 -0.1200
vn -0.7105 -0.1492 -0.6877
vn 0.1002 0.5257 0.8447
vn 0.9996 -0.0000 0.0288
vn -0.7371 0.5708 0.3619
vn -0.9559 0.2090 -0.2064
vn 0.0799 -0.9966 0.0186
vn 0.1761 -0.8837 -0.4337
vn 0.6714 0.7387 -0.0599
vn 0.8184 -0.1789 -0.5460
vn 0.4844 -0.5404 -0.6880
vn -0.1476 -0.9820 0.1174
vn -0.3634 -0.8356 -0.4119
vn -0.1952 0.9795 0.0500
vn -0.0509 0.9298 -0.3646
vn 0.0696 0.9555 -0.2865
vn -0.6874 -0.4713 0.5526
vn -0.1940 -0.8174 -0.5424
vn 0.1220 -0.7029 0.7007
vn 0.7508 0.0047 -0.6605
vn -0.0550 0.8653 0.4982
vn -0.0486 0.7531 0.6561
vn 0.7737 0.5305 0.3463
vn 0.1087 -0.8884 0.4459
vn -0.1618 -0.5119 -0.8437
vn -0.2979 -0.0000 -0.9546
vn -0.1378 0.3452 -0.9284
vn 0.0110 0.0577 -0.9983
vn -0.3486 -0.0208 -0.9370
vn -0.2562 0.2711 -0.9278
vn 0.8527 0.0193 0.5220
vn 0.0122 -0.0675 -0.9976
vn 0.0111 0.0662 -0.9977
vn 0.0588 0.3909 -0.9185
vn 0.1691 0.6112 -0.7732
vn -0.7231 -0.0045 -0.6907
vn 0.0894 -0.5915 0.8013
vn 0.2934 0.8269 0.4797
vn 0.2932 0.8268 0.4800
vn -0.9996 -0.0000 -0.0288
vn -0.1912 0.2133 0.9581
vn 0.0867 0.1995 0.9761
vn 0.0265 0.1622 0.9864
vn -0.0742 0.1677 0.9830
vn -0.0549 -0.7538 0.6548
vn -0.1709 0.9848 -0.0304
vn 0.0279 0.1113 0.9934
vn -0.0709 0.8580 0.5087
vn -0.1205 -0.8730 -0.4726
vn -0.2196 -0.9687 0.1157
vn 0.7741 -0.4530 -0.4422
vn 0.7739 -0.4527 -0.4429
vn 0.7736 -0.4536 -0.4425
vn 0.8882 0.1489 0.4346
vn 0.8886 0.1488 0.4339
vn 0.8885 0.1480 0.4345
vn -0.1686 0.9786 -0.1177
vn 0.3213 0.7893 0.5233
vn 0.2616 -0.8044 -0.5334
vn -0.0060 -0.9447 0.3278
vn -0.9973 0.0647 -0.0341
vn -0.9474 0.2934 0.1278
vn 0.0146 0.9278 -0.3727
vn -0.1376 0.3001 -0.9439
vn 0.8568 -0.0000 0.5156
vn -0.2732 -0.2477 -0.9295
vn -0.9875 -0.0750 -0.1388
vn -0.9875 0.0749 0.1386
vn 0.2637 -0.9604 0.0903
vn 0.1234 -0.7943 -0.5948
vn 0.1223 0.7909 0.5996
vn 0.2639 0.9605 -0.0883
vn -0.2731 0.7302 0.6263
vn -0.1499 0.9648 0.2160
vn 0.9539 0.1818 -0.2387
vn 0.9542 -0.1814 0.2381
vn -0.1497 -0.9657 -0.2122
vn -0.1492 -0.9659 -0.2118
vn -0.1489 -0.9657 -0.2125
vn -0.2735 -0.7301 -0.6262
vn -0.0000 -0.9912 -0.1322
vn -0.4525 0.8220 -0.3458
vn 0.1952 0.3477 -0.9170
vn -0.0000 0.9910 0.1341
vn -0.9883 -0.0612 -0.1396
vn -0.9883 0.0611 0.1395
vn 0.2733 -0.9577 0.0906
vn 0.2655 -0.9640 0.0128
vn 0.0859 0.5674 0.8190
vn 0.3840 0.9209 -0.0672
vn -0.4237 0.7016 0.5729
vn -0.2611 0.9479 0.1823
vn 0.9582 0.1427 -0.2479
vn 0.9584 -0.1424 0.2474
vn -0.1361 -0.9658 -0.2207
vn -0.3434 -0.4644 -0.8163
vn -0.9886 -0.0003 0.1509
vn -0.9886 0.0003 0.1509
vn -0.9885 -0.0000 0.1509
vn 0.2675 -0.0944 0.9589
vn -0.2733 -0.2477 -0.9295
vn -0.9875 0.0750 0.1386
vn 0.0379 -0.9910 0.1284
vn -0.0379 -0.9910 -0.1284
vn 0.9876 -0.0745 0.1379
vn 0.9877 0.0745 -0.1377
vn -0.0374 0.9913 0.1266
vn 0.0374 0.9913 -0.1265
vn 0.0425 0.4849 -0.8735
vn -0.2560 0.9498 0.1799
vn 0.9538 0.1820 -0.2389
vn 0.9541 -0.1816 0.2384
vn -0.2555 -0.9506 -0.1762
vn 0.0420 -0.4865 0.8727
vn 0.0700 -0.1887 0.9795
vn 0.1952 0.3478 -0.9170
vn -0.0000 0.9910 -0.1341
vn -0.0049 0.9127 0.4087
vn -0.5483 0.4078 -0.7302
vn -0.9541 -0.1209 0.2741
vn -0.0947 -0.8589 -0.5032
vn 0.1694 -0.9842 -0.0517
vn 0.3683 0.0931 -0.9250
vn 0.9029 -0.1188 -0.4130
vn 0.4871 -0.3325 -0.8076
vn 0.6364 0.1642 0.7537
vn -0.1620 -0.8099 -0.5637
vn -0.8814 -0.2188 0.4186
vn -0.8810 -0.2189 0.4195
vn -0.8813 -0.2195 0.4185
vn -0.7192 0.3571 -0.5961
vn 0.1002 0.9087 0.4051
vn -0.0951 -0.8631 0.4959
vn 0.1761 -0.7054 0.6866
vn -0.9872 0.1299 0.0922
vn -0.4820 0.5328 0.6956
vn 0.8941 -0.3366 0.2955
vn 0.5336 0.2611 -0.8044
vn -0.0581 0.2610 -0.9636
vn 0.0592 0.1353 0.9890
vn -0.9757 -0.0000 0.2189
vn 0.0276 -0.7064 0.7073
vn -0.2862 -0.9544 -0.0855
vn 0.9878 -0.0731 0.1378
vn 0.9877 0.0735 -0.1379
vn 0.9878 0.0725 -0.1377
vn 0.9879 0.0731 -0.1371
vn -0.0000 0.9912 0.1321
vn -0.1955 0.6240 0.7565
vn 0.2291 0.9551 -0.1880
vn 0.2024 0.9734 -0.1077
vn 0.3092 -0.9264 0.2151
vn 0.2956 -0.9414 0.1624
vn 0.2951 -0.9417 0.1619
vn 0.2945 -0.9417 0.1627
vn -0.9548 0.1769 0.2387
vn -0.9550 -0.1767 -0.2384
vn -0.8984 0.1728 0.4039
vn -0.0374 0.0424 -0.9984
vn -0.2742 -0.6736 -0.6863
vn -0.0289 0.0424 -0.9987
vn 0.0009 0.0305 -0.9995
vn 0.2576 -0.4347 -0.8630
vn 0.2342 -0.2550 -0.9382
vn -0.4147 0.4765 -0.7752
vn -0.8033 0.0779 -0.5904
vn 0.4137 -0.4573 -0.7872
vn 0.2126 0.3776 0.9012
vn 0.2125 0.3772 0.9014
vn 0.2119 0.3777 0.9014
vn 0.0059 0.0535 -0.9985
vn -0.0300 0.0113 -0.9995
vn -0.6260 0.0216 -0.7795
vn -0.2301 0.7076 0.6682
vn -0.8568 -0.0000 -0.5156
vn 0.2364 0.3197 0.9176
vn 0.2093 0.2313 0.9501
vn -0.8797 -0.4305 0.2020
vn -0.8797 -0.4309 0.2011
vn -0.8801 -0.4299 0.2017
vn -0.1981 0.7939 0.5749
vn 0.1351 -0.1555 0.9786
vn 0.2014 -0.1000 0.9744
vn 0.0330 -0.7057 -0.7077
vn 0.8032 0.0606 -0.5926
vn -0.0165 -0.4315 -0.9020
vn -0.2437 -0.6506 -0.7192
vn -0.1922 -0.2172 -0.9570
vn 0.8029 -0.0606 0.5930
vn -0.0163 0.4335 0.9010
vn -0.2424 0.6482 0.7218
vn -0.1910 0.2124 0.9583
vn -0.2488 -0.1843 -0.9509
vn -0.9887 -0.0000 0.1499
vn -0.9885 -0.0431 -0.1452
vn -0.9885 0.0431 0.1452
vn 0.0499 -0.9910 0.1245
vn -0.0499 -0.9910 -0.1245
vn 0.9885 -0.0431 0.1452
vn 0.9885 0.0431 -0.1452
vn -0.0499 0.9910 0.1245
vn 0.0499 0.9910 -0.1245
vn 0.9198 0.3437 -0.1892
vn 0.4232 -0.0416 0.9051
vn -0.1178 -0.9679 -0.2221
vn 0.1178 -0.9679 0.2221
vn -0.9223 0.3354 0.1922
vn -0.3305 -0.0320 -0.9432
vn -0.3307 -0.0328 -0.9432
vn -0.3301 -0.0326 -0.9434
vn -0.9875 0.0750 0.1387
vn 0.9877 0.0744 -0.1377
vn -0.2560 0.9498 0.1800
vn -0.2555 -0.9506 -0.1765
vn 0.0420 -0.4864 0.8727
vn -0.0000 -0.9912 0.1321
vn 0.0701 -0.1887 0.9795
vn 0.9870 -0.0000 0.1604
vn 0.0597 0.1351 0.9890
vn 0.0592 0.1352 0.9890
vn 0.0592 0.1356 0.9890
vn -0.9758 -0.0000 -0.2189
vn -0.1956 -0.6235 -0.7570
vn -0.0000 -0.9911 -0.1328
vn 0.9878 -0.0728 0.1380
vn 0.9877 -0.0737 0.1379
vn 0.9876 -0.0734 0.1386
vn 0.9877 0.0732 -0.1380
vn -0.2858 0.9546 0.0845
vn 0.0274 0.7070 -0.7067
vn 0.2952 0.9411 -0.1646
vn 0.3091 0.9261 -0.2163
vn 0.2028 -0.9732 0.1089
vn 0.2286 -0.9555 0.1864
vn -0.9549 0.1767 0.2384
vn -0.9551 -0.1765 -0.2382
vn -0.2180 0.1057 -0.9702
vn 0.1314 0.1641 0.9776
vn -0.1384 0.7402 0.6580
vn -0.7341 0.6693 -0.1143
vn -0.4217 -0.7865 0.4511
vn -0.3683 -0.9100 0.1903
vn 0.8658 -0.4941 -0.0796
vn 0.4324 -0.5809 0.6896
vn 0.3885 0.5039 -0.7714
vn 0.0951 0.7763 0.6232
vn 0.4692 0.8750 -0.1191
vn 0.4481 -0.8270 0.3396
vn -0.5346 -0.3726 -0.7586
vn -0.3615 0.0184 0.9322
vn -0.4638 0.5231 0.7150
vn 0.0572 -0.2907 -0.9551
vn 0.9784 -0.0000 0.2069
vn 0.0310 0.0268 0.9992
vn -0.9887 -0.0000 -0.1496
vn -0.9464 0.0856 0.3115
vn -0.9464 -0.0856 -0.3115
vn -0.0546 -0.9605 -0.2728
vn -0.0546 0.9605 0.2729
vn 0.0555 0.9765 -0.2082
vn 0.5426 -0.2575 0.7996
vn 0.5426 0.2575 -0.7995
vn 0.0555 -0.9764 0.2085
vn -0.7414 0.2230 0.6330
vn -0.7413 -0.2230 -0.6330
vn 0.9784 -0.0000 0.2070
vn 0.7926 0.5589 -0.2438
vn 0.6805 0.5700 -0.4605
vn -0.1363 0.7622 0.6328
vn -0.1729 0.6793 0.7132
vn -0.9383 0.0475 -0.3425
vn -0.1319 -0.7499 0.6482
vn -0.2338 -0.8267 0.5118
vn 0.4774 -0.8481 0.2298
vn 0.1295 0.8837 -0.4498
vn 0.6159 -0.4521 0.6451
vn 0.6162 -0.4524 0.6448
vn 0.6160 -0.4527 0.6447
vn 0.1983 -0.7674 -0.6098
vn -0.5716 0.1928 0.7976
vn -0.8974 -0.0919 0.4316
vn 0.2670 0.9441 -0.1935
vn -0.9395 0.0430 0.3397
vn -0.1526 -0.7859 -0.5993
vn 0.0813 -0.9710 0.2248
vn 0.9833 -0.1265 0.1310
vn 0.9832 -0.1266 0.1312
vn 0.9832 -0.1268 0.1316
vn 0.9831 -0.1269 0.1318
vn -0.0000 0.9910 0.1342
vn -0.1010 0.8767 0.4704
vn -0.1093 0.8051 0.5830
vn 0.3201 0.6713 -0.6685
vn 0.2695 -0.6492 0.7113
vn 0.1104 -0.9673 0.2285
vn -0.9589 0.1238 0.2551
vn -0.9972 -0.0000 0.0751
vn -0.1360 0.1114 0.9844
vn -0.0511 0.7684 -0.6379
vn -0.3793 0.9252 0.0121
vn -0.8440 -0.5165 -0.1447
vn -0.3377 -0.6724 -0.6587
vn -0.0592 -0.9972 -0.0446
vn 0.5713 -0.8204 0.0228
vn 0.5705 -0.8210 0.0231
vn 0.5712 -0.8205 0.0234
vn 0.7518 -0.3959 -0.5273
vn 0.7049 0.6394 0.3072
vn 0.4068 0.8092 0.4239
vn 0.4063 0.8093 0.4241
vn 0.4065 0.8097 0.4232
vn 0.8428 0.2765 -0.4617
vn 0.0656 -0.9876 0.1427
vn -0.1454 -0.8534 -0.5006
vn -0.8677 0.4568 0.1962
vn -0.8678 0.4568 0.1956
vn -0.8677 0.4569 0.1959
vn -0.1759 0.7487 -0.6391
vn -0.8983 0.1728 0.4039
vn -0.7910 0.0806 -0.6065
vn 0.4977 -0.3283 -0.8028
vn -0.6039 -0.7834 0.1470
vn 0.0003 -0.0000 -1.0000
vn 0.0005 -0.0000 -1.0000
vn 0.0322 -0.0095 -0.9994
vn 0.0478 0.0052 -0.9988
vn -0.8754 -0.2550 -0.4106
vn -0.4907 0.0685 -0.8687
vn -0.9871 -0.0000 -0.1604
vn -0.9870 -0.0000 -0.1604
vn 0.1402 -0.7502 -0.6462
vn -0.2385 0.1361 0.9616
vn -0.9784 -0.0000 -0.2069
vn -0.9785 0.0001 -0.2064
vn -0.9785 -0.0001 -0.2063
vn -0.9782 -0.0000 -0.2076
vn -0.9783 -0.0000 -0.2070
vn -0.9784 -0.0000 -0.2070
vn 0.7017 -0.1861 0.6877
vn -0.0336 -0.0675 0.9972
vn -0.0001 -0.0000 1.0000
vn 0.8035 0.0606 -0.5923
vn 0.3818 0.0166 -0.9241
vn -0.0436 -0.8658 -0.4986
vn 0.8032 -0.0606 0.5927
vn -0.0163 0.4334 0.9010
vn 0.0399 -0.7923 0.6088
vn -0.2956 0.0129 0.9552
vn 0.8324 -0.0000 0.5541
vn 0.8328 -0.0000 0.5536
vn -0.9966 0.0350 0.0751
vn -0.4639 0.5232 0.7149
vn 0.0429 -0.2082 0.9771
vn -0.2733 -0.2478 -0.9295
vn -0.9875 -0.0749 -0.1385
vn -0.9876 0.0748 0.1383
vn 0.2636 -0.9604 0.0903
vn 0.1230 -0.7945 -0.5947
vn 0.1236 -0.7950 -0.5938
vn 0.1240 -0.7948 -0.5941
vn 0.1222 0.7908 0.5998
vn 0.2639 0.9605 -0.0884
vn 0.9541 -0.1813 0.2382
vn 0.9540 -0.1819 0.2382
vn 0.9541 -0.1816 0.2383
vn -0.1493 -0.9657 -0.2125
vn -0.2734 -0.7301 -0.6262
vn -0.0000 -0.9912 0.1322
vn -0.4524 0.8219 -0.3460
vn 0.1951 0.3477 -0.9171
vn 0.9871 -0.0000 0.1604
vn 0.0591 0.1353 0.9890
vn -0.9877 -0.0733 -0.1381
vn -0.9877 0.0732 0.1380
vn 0.0387 -0.9911 0.1274
vn -0.0387 -0.9911 -0.1274
vn 0.9877 -0.0733 0.1381
vn -0.0384 0.9912 0.1264
vn 0.0384 0.9912 -0.1264
vn 0.0429 0.4785 -0.8770
vn -0.2693 0.9472 0.1738
vn 0.9549 0.1769 -0.2386
vn 0.9550 -0.1767 0.2384
vn -0.2690 -0.9476 -0.1722
vn 0.0427 -0.4793 0.8766
vn -0.2181 0.1057 -0.9702
vn 0.1314 0.1642 0.9776
vn -0.1384 0.7403 0.6578
vn -0.7340 0.6694 -0.1146
vn -0.4217 -0.7864 0.4514
vn -0.3683 -0.9100 0.1905
vn 0.8658 -0.4939 -0.0800
vn 0.4324 -0.5808 0.6897
vn 0.3885 0.5039 -0.7715
vn 0.0952 0.7762 0.6232
vn 0.4693 0.8750 -0.1191
vn 0.4480 -0.8270 0.3396
vn -0.5346 -0.3727 -0.7585
vn -0.7547 0.6483 0.1008
vn -0.6900 -0.1599 -0.7059
vn -0.2028 -0.8409 0.5017
vn -0.2031 -0.8407 0.5020
vn -0.2024 -0.8406 0.5024
vn 0.3439 -0.8589 -0.3795
vn 0.9239 -0.0391 0.3805
vn 0.7482 0.5925 -0.2986
vn 0.8946 0.2074 0.3959
vn 0.2708 -0.6750 -0.6863
vn -0.2106 -0.9293 0.3035
vn -0.9785 0.0932 0.1842
vn -0.9785 0.0939 0.1834
vn -0.9784 0.0942 0.1842
vn -0.6221 0.6034 0.4989
vn 0.0157 0.7624 -0.6469
vn -0.9959 0.0315 -0.0848
vn -0.6028 -0.0047 -0.7979
vn -0.4130 0.4821 0.7727
vn -0.4118 0.4821 0.7733
vn -0.4124 0.4814 0.7734
vn -0.2016 -0.7606 -0.6171
vn 0.3280 -0.6904 0.6448
vn 0.8785 -0.4761 0.0397
vn 0.2112 0.9598 0.1850
vn 0.3332 0.5290 0.7804
vn 0.0753 0.6527 -0.7539
vn -0.1376 -0.6256 0.7679
vn 0.2817 -0.3291 -0.9013
vn -0.6611 -0.3354 0.6711
vn -0.3946 0.8307 -0.3928
vn 0.3902 0.0031 0.9207
vn -0.1647 -0.0290 0.9859
vn -0.1384 0.7404 0.6578
vn -0.7339 0.6695 -0.1146
vn 0.8658 -0.4939 -0.0797
vn 0.4323 -0.5807 0.6899
vn 0.3886 0.5039 -0.7714
vn 0.0952 0.7762 0.6233
vn 0.4693 0.8750 -0.1189
vn 0.4480 -0.8270 0.3397
vn -0.5346 -0.3726 -0.7585
vn 0.0260 0.9883 -0.1504
vn -0.1466 0.8259 -0.5444
vn -0.9889 -0.0493 0.1402
vn -0.9991 -0.0117 0.0415
vn -0.9991 -0.0116 0.0412
vn -0.0082 -0.9328 -0.3603
vn 0.1999 -0.9726 0.1190
vn -0.1276 -0.9891 -0.0738
vn -0.2283 -0.9358 -0.2685
vn -0.2286 -0.9355 -0.2693
vn -0.2292 -0.9355 -0.2689
vn 0.9993 -0.0133 0.0343
vn -0.2608 0.8242 -0.5027
vn 0.1979 0.9181 -0.3436
vn 0.9951 0.0494 -0.0855
vn 0.9952 0.0492 -0.0849
vn 0.9951 0.0500 -0.0853
vn 0.6852 -0.3348 -0.6468
vn -0.1111 -0.7643 0.6353
vn -0.7093 -0.1802 -0.6815
vn -0.3867 0.5776 0.7189
vn -0.5462 -0.7052 -0.4521
vn -0.8624 -0.3900 0.3227
vn 0.0846 0.6554 -0.7506
vn -0.3169 0.8213 -0.4744
vn 0.9995 -0.0331 -0.0004
vn 0.9862 0.0536 -0.1565
vn 0.2200 -0.9732 -0.0668
vn 0.0976 0.3102 -0.9457
vn 0.0845 0.1795 -0.9801
vn -0.1623 0.0187 -0.9866
vn -0.7356 0.5638 -0.3756
vn -0.9071 -0.2409 0.3453
vn -0.4669 -0.8659 -0.1793
vn -0.4680 -0.8654 -0.1790
vn -0.4675 -0.8660 -0.1777
vn 0.1706 -0.7465 0.6431
vn 0.7693 -0.5889 -0.2478
vn 0.4569 0.8422 0.2863
vn 0.1883 0.7325 0.6542
vn -0.2003 0.8768 -0.4371
vn 0.4892 0.6184 0.6150
vn 0.9390 0.2493 0.2371
vn 0.1956 -0.9067 0.3737
vn -0.2193 -0.8529 -0.4738
vn -0.7018 0.1028 0.7050
vn 0.0517 -0.4322 -0.9003
vn 0.0519 -0.4319 -0.9004
vn 0.0528 -0.3153 -0.9475
vn -0.8984 0.1727 0.4039
vn 0.4979 -0.3287 -0.8026
vn -0.6040 -0.7834 0.1463
vn -0.4338 -0.0408 0.9001
vn 0.0157 0.0876 -0.9960
vn 0.6816 0.5748 -0.4528
vn 0.6824 0.5756 -0.4506
vn 0.6814 0.5750 -0.4528
vn 0.0722 0.3186 -0.9451
vn -0.0523 -0.1110 -0.9924
vn -0.6041 -0.7834 0.1463
vn 0.4362 0.1973 -0.8779
vn -0.0001 -0.0000 -1.0000
vn -0.8332 0.0002 -0.5530
vn -0.8332 -0.0002 -0.5530
vn -0.8323 -0.0000 -0.5543
vn 0.1403 -0.7503 -0.6460
vn 0.0005 -0.0001 1.0000
vn 0.0139 0.2522 0.9676
vn -0.1286 0.3206 0.9384
vn 0.9991 0.0168 0.0401
vn 0.1403 -0.7504 -0.6459
vn 0.5174 0.0410 0.8548
vn 0.5174 0.0411 0.8547
vn 0.5183 0.0412 0.8542
vn 0.0681 0.0879 0.9938
vn 0.0635 0.0917 0.9938
vn 0.0579 0.0944 0.9938
vn 0.0590 0.0954 0.9937
vn 0.0002 -0.0000 1.0000
vn 0.8034 0.0596 -0.5925
vn -0.0166 -0.4265 -0.9043
vn -0.2438 -0.6513 -0.7186
vn -0.2431 -0.6511 -0.7190
vn -0.2442 -0.6506 -0.7191
vn -0.1921 -0.2169 -0.9571
vn 0.8032 -0.0596 0.5927
vn -0.0166 0.4276 0.9038
vn -0.2423 0.6479 0.7221
vn -0.1910 0.2125 0.9583
vn 0.9872 -0.0000 0.1594
vn -0.3173 0.9461 -0.0646
vn 0.0480 0.9810 0.1882
vn -0.7282 0.4150 -0.5454
vn -0.9315 -0.2205 0.2893
vn -0.0803 -0.9467 0.3119
vn 0.0802 -0.9462 -0.3135
vn 0.9343 -0.2158 -0.2837
vn 0.7302 0.4132 0.5441
vn -0.0481 0.9814 -0.1861
vn 0.0036 0.9999 0.0136
vn 0.9314 -0.2747 0.2390
vn 0.2888 -0.7076 -0.6449
vn -0.2889 -0.7082 0.6442
vn -0.9313 -0.2748 -0.2393
vn -0.0040 0.9999 -0.0124
vn 0.0248 0.4303 -0.9023
vn 0.0846 0.1778 -0.9804
vn -0.2732 -0.2478 -0.9295
vn -0.9346 0.1519 0.3218
vn -0.8821 -0.2011 -0.4260
vn -0.1272 -0.8182 -0.5607
vn -0.0000 -0.9910 -0.1341
vn 0.9485 0.0827 -0.3057
vn 0.9890 0.0003 -0.1476
vn 0.9890 -0.0000 -0.1477
vn 0.0759 0.9576 -0.2778
vn 0.0752 0.9579 -0.2769
vn 0.0746 0.9578 -0.2775
vn -0.0756 0.9576 0.2779
vn -0.0753 0.9578 0.2774
vn -0.0749 0.9578 0.2776
vn 0.1286 0.8271 -0.5471
vn -0.1507 0.9602 0.2350
vn -0.1510 0.9603 0.2345
vn -0.1506 0.9604 0.2344
vn 0.9907 0.1032 -0.0886
vn 0.2441 -0.6104 0.7535
vn -0.2293 -0.6679 -0.7080
vn -0.9694 -0.0845 -0.2303
vn 0.0590 0.1350 0.9891
vn 0.0589 0.1356 0.9890
vn 0.0594 0.1353 0.9890
vn -0.9758 -0.0000 0.2189
vn 0.9878 0.0731 -0.1377
vn -0.0000 0.9912 0.1322
vn -0.1955 0.6241 0.7565
vn 0.2950 -0.9416 0.1625
vn 0.1315 0.1642 0.9776
vn -0.7341 0.6693 -0.1145
vn -0.4218 -0.7864 0.4513
vn -0.3682 -0.9102 0.1899
vn 0.8658 -0.4941 -0.0787
vn 0.8661 -0.4935 -0.0799
vn 0.8654 -0.4948 -0.0793
vn 0.4325 -0.5809 0.6896
vn 0.3884 0.5040 -0.7714
vn 0.0951 0.7761 0.6233
vn -0.5345 -0.3725 -0.7586
vn -0.2236 0.0854 -0.9709
vn -0.3170 0.9462 -0.0644
vn -0.3174 0.9462 -0.0639
vn -0.3177 0.9460 -0.0645
vn 0.0480 0.9810 0.1879
vn -0.7282 0.4149 -0.5455
vn -0.9317 -0.2201 0.2889
vn 0.7301 0.4133 0.5442
vn -0.0480 0.9814 -0.1861
vn 0.9313 -0.2747 0.2391
vn 0.9313 -0.2749 0.2390
vn 0.9312 -0.2753 0.2390
vn -0.9311 -0.2752 -0.2393
vn -0.1333 0.3081 -0.9420
vn 0.0845 0.1778 -0.9804
vn 0.7078 0.7052 -0.0412
vn -0.1180 0.6590 0.7428
vn -0.0844 0.7167 0.6923
vn -0.7960 -0.2185 -0.5644
vn 0.0784 -0.4683 0.8801
vn 0.5145 -0.1680 0.8409
vn 0.0857 -0.7274 -0.6809
vn -0.6048 0.1792 0.7759
vn 0.0062 0.4349 -0.9005
vn -0.9411 0.0394 0.3357
vn -0.1045 -0.8985 -0.4264
vn 0.0826 -0.9709 0.2249
vn 0.9833 -0.1266 0.1310
vn 0.9834 -0.1260 0.1307
vn 0.9831 -0.1272 0.1316
vn 0.9830 -0.1271 0.1325
vn -0.1001 0.8783 0.4675
vn -0.2449 0.6048 0.7578
vn 0.2886 0.6081 -0.7395
vn 0.9938 -0.0000 0.1111
vn -0.0924 -0.9908 -0.0986
vn 0.1024 -0.8931 0.4380
vn -0.9663 0.1248 0.2253
vn -0.0511 0.7685 -0.6378
vn -0.3792 0.9252 0.0121
vn -0.8439 -0.5167 -0.1447
vn -0.3378 -0.6724 -0.6586
vn -0.0592 -0.9973 -0.0443
vn 0.5711 -0.8205 0.0233
vn 0.7047 0.6395 0.3074
vn 0.4066 0.8094 0.4236
vn -0.8677 0.4569 0.1958
vn -0.1759 0.7486 -0.6393
vn -0.2967 -0.0035 0.9550
vn -0.1042 0.0308 -0.9941
vn -0.6060 0.0218 -0.7952
vn 0.4977 -0.3284 -0.8027
vn -0.6038 -0.7834 0.1474
vn -0.5188 0.0127 -0.8548
vn -0.1598 -0.0462 -0.9861
vn -0.5922 -0.0198 0.8055
vn -0.1042 0.0307 -0.9941
vn -0.5334 -0.0130 0.8457
vn 0.8388 0.2302 0.4933
vn 0.0215 -0.2175 -0.9758
vn 0.2315 -0.0686 -0.9704
vn 0.2316 -0.0686 -0.9704
vn 0.2316 -0.0685 -0.9704
vn 0.2314 -0.0686 -0.9704
vn -0.9151 -0.2324 -0.3296
vn -0.9872 -0.0000 -0.1594
vn 0.0677 -0.5497 0.8326
vn -0.0664 0.5430 -0.8371
vn -0.0293 -0.0630 0.9976
vn -0.9870 -0.0001 -0.1607
vn -0.9871 0.0003 -0.1604
vn -0.9871 -0.0003 -0.1602
vn 0.1283 -0.8078 0.5753
vn -0.1691 -0.9484 -0.2684
vn 0.9581 -0.0000 -0.2865
vn 0.9885 -0.1512 -0.0049
vn 0.0437 0.9621 -0.2693
vn 0.2397 0.7010 -0.6717
vn -0.2121 0.7758 0.5943
vn 0.1912 -0.8733 0.4480
vn -0.1501 -0.8199 -0.5524
vn -0.9890 -0.0000 -0.1480
vn -0.0709 0.8581 0.5086
vn -0.1206 -0.8733 -0.4720
vn -0.2196 -0.9687 0.1154
vn 0.7737 -0.4532 -0.4427
vn 0.8886 0.1482 0.4341
vn -0.1686 0.9786 -0.1176
vn 0.3212 0.7894 0.5231
vn 0.2615 -0.8046 -0.5332
vn -0.0059 -0.9448 0.3275
vn -0.9973 0.0650 -0.0339
vn -0.9474 0.2934 0.1279
vn 0.0147 0.9279 -0.3725
vn -0.1801 0.0776 0.9806
vn -0.4076 -0.2886 -0.8663
vn -0.3788 0.9037 -0.1993
vn -0.4284 0.7836 -0.4499
vn -0.7346 -0.6686 0.1158
vn -0.1396 -0.7370 -0.6613
vn 0.3882 -0.4969 0.7762
vn 0.4310 0.5741 -0.6962
vn 0.8672 0.4913 0.0808
vn 0.4505 0.8261 -0.3385
vn 0.4764 -0.8713 0.1178
vn 0.0972 -0.7688 -0.6321
vn -0.5327 0.3645 0.7638
vn -0.9479 0.0830 0.3075
vn -0.9888 -0.0000 0.1490
vn 0.9486 0.0825 -0.3056
vn 0.9890 -0.0000 -0.1480
vn 0.0754 0.9576 -0.2779
vn -0.0754 0.9576 0.2781
vn 0.1898 0.8271 -0.5291
vn -0.1898 0.8272 0.5288
vn 0.9691 -0.0849 0.2316
vn 0.2293 -0.6679 0.7080
vn -0.2293 -0.6680 -0.7079
vn -0.9695 -0.0844 -0.2301
vn -0.8847 0.1965 0.4227
vn -0.9357 -0.1487 -0.3199
vn -0.9359 -0.1483 -0.3195
vn -0.9359 -0.1487 -0.3192
vn -0.0780 -0.9568 -0.2801
vn 0.0779 -0.9568 0.2801
vn 0.8847 0.1964 -0.4227
vn 0.9358 -0.1485 0.3197
vn 0.9359 -0.1485 0.3193
vn 0.1581 0.8077 -0.5680
vn -0.1581 0.8077 0.5680
vn -0.2532 0.6008 0.7582
vn 0.2532 0.6008 -0.7582
vn 0.9911 -0.1000 0.0876
vn -0.0818 -0.9676 -0.2388
vn 0.0818 -0.9676 0.2388
vn -0.9911 -0.1000 -0.0876
vn -0.1383 0.7403 0.6579
vn 0.8657 -0.4942 -0.0792
vn 0.8661 -0.4936 -0.0796
vn 0.8657 -0.4942 -0.0797
vn 0.4321 -0.5808 0.6898
vn 0.4330 -0.5807 0.6894
vn 0.4328 -0.5811 0.6892
vn -0.4638 0.5232 0.7150
vn -0.3539 -0.1284 -0.9264
vn 0.0441 0.9620 -0.2695
vn 0.0437 0.9622 -0.2690
vn 0.0433 0.9621 -0.2692
vn -0.9889 0.0005 -0.1485
vn -0.9891 0.0001 -0.1475
vn -0.9889 -0.0005 -0.1483
vn 0.1482 0.2456 0.9580
vn 0.0567 -0.3034 -0.9512
vn 0.7926 0.5589 -0.2440
vn -0.1233 0.7416 0.6594
vn 0.1960 0.6920 -0.6948
vn -0.9385 -0.0479 0.3419
vn -0.3841 -0.6781 -0.6266
vn 0.2664 -0.8033 0.5326
vn 0.6546 -0.3759 -0.6559
vn 0.4588 0.8100 0.3653
vn 0.7961 0.1667 -0.5818
vn -0.2004 -0.7820 0.5902
vn 0.1295 -0.9227 -0.3632
vn 0.1299 -0.9225 -0.3634
vn 0.1292 -0.9225 -0.3637
vn -0.8124 0.5667 -0.1374
vn -0.3533 0.6967 -0.6243
vn 0.9952 -0.0000 0.0982
vn -0.1799 -0.9764 -0.1194
vn -0.0803 -0.9747 0.2086
vn 0.9834 -0.1261 0.1308
vn 0.9831 -0.1270 0.1318
vn 0.0150 0.9905 0.1363
vn -0.1163 0.6245 0.7723
vn 0.0511 0.8751 0.4813
vn -0.0542 -0.5824 -0.8111
vn 0.4081 -0.8531 0.3251
vn 0.1442 0.7915 -0.5939
vn -0.3705 0.9034 0.2159
vn -0.7344 0.6101 -0.2974
vn -0.7320 -0.6128 0.2977
vn -0.3689 -0.9046 -0.2135
vn 0.1486 -0.7884 0.5970
vn 0.2316 -0.8153 0.5307
vn 0.2313 -0.8146 0.5319
vn 0.2321 -0.8151 0.5308
vn 0.7168 -0.5437 -0.4365
vn 0.7175 0.6504 0.2492
vn 0.7173 0.6506 0.2493
vn 0.7172 0.6508 0.2490
vn 0.9555 0.2121 -0.2051
vn 0.9561 -0.2099 0.2043
vn -0.1654 -0.9080 -0.3850
vn -0.2142 -0.8019 -0.5578
vn -0.2103 0.8281 0.5196
vn -0.1708 0.9063 0.3866
vn -0.0523 -0.1530 -0.9868
vn -0.0803 0.3667 -0.9268
vn -0.6755 -0.0090 -0.7373
vn 0.0224 0.1645 -0.9861
vn -0.2741 -0.6737 -0.6863
vn 0.4178 0.1506 -0.8960
vn 0.1412 0.7454 0.6514
vn -0.2373 -0.1345 -0.9621
vn 0.0005 0.0308 -0.9995
vn 0.0005 0.0305 -0.9995
vn 0.0012 0.0302 -0.9995
vn -0.0803 0.3667 -0.9269
vn -0.6753 -0.0090 -0.7375
vn 0.0167 -0.0736 -0.9971
vn -0.4401 -0.0552 0.8962
vn -0.0831 0.6513 -0.7542
vn -0.6655 -0.0000 -0.7464
vn -0.9793 -0.1898 0.0704
vn -0.4905 0.0687 -0.8687
vn -0.0975 0.7933 0.6009
vn -0.0972 0.7932 0.6011
vn -0.0978 0.7930 0.6013
vn -0.9609 -0.0000 0.2771
vn -0.8327 -0.1247 0.5396
vn -0.2301 0.7079 0.6678
vn 0.4975 0.3307 0.8019
vn -0.6088 0.7791 -0.1494
vn -0.0975 0.7933 0.6010
vn -0.0975 0.7931 0.6012
vn -0.8325 -0.1248 0.5398
vn -0.9785 0.0001 -0.2065
vn -0.9782 -0.0000 -0.2075
vn 0.1066 -0.2101 0.9718
vn 0.2442 0.9515 0.1869
vn 0.2436 0.9527 0.1815
vn 0.2440 0.9526 0.1815
vn 0.0524 0.0480 0.9975
vn 0.2122 -0.5960 0.7744
vn 0.2109 -0.5917 0.7781
vn 0.2123 -0.5960 0.7744
vn -0.1543 0.2585 0.9536
vn 0.0011 -0.0000 -1.0000
vn 0.1567 -0.4161 0.8957
vn -0.0657 -0.5033 -0.8616
vn 0.0550 0.4206 -0.9056
vn -0.4133 -0.2822 -0.8658
vn 0.4248 0.2410 -0.8726
vn -0.7459 -0.0268 -0.6655
vn -0.1891 -0.6102 0.7694
vn 0.1289 -0.4366 -0.8904
vn 0.0027 0.4828 0.8757
vn 0.2698 -0.0276 -0.9625
vn 0.2683 -0.0356 -0.9627
vn 0.2661 -0.0316 -0.9634
vn -0.7886 -0.0741 -0.6104
vn -0.1156 -0.8193 0.5616
vn 0.1896 -0.3842 -0.9036
vn 0.9430 0.0342 0.3311
vn -0.0898 0.9482 0.3047
vn -0.0401 0.9955 -0.0858
vn -0.0407 0.9955 -0.0854
vn -0.0409 0.9955 -0.0861
vn -0.9860 -0.0533 -0.1581
vn 0.0625 -0.1653 -0.9843
vn -0.2061 -0.0807 0.9752
vn -0.2647 0.2617 -0.9281
vn 0.3264 0.3027 0.8954
vn -0.0009 -0.0008 -1.0000
vn 0.0009 0.0008 -1.0000
vn -0.0657 -0.5034 -0.8616
vn 0.1289 -0.4365 -0.8904
vn 0.0027 0.4830 0.8756
vn 0.2697 -0.0275 -0.9625
vn -0.0657 -0.5032 -0.8617
vn 0.1568 -0.4163 0.8956
vn -0.0658 -0.5032 -0.8616
vn 0.0549 0.4209 -0.9055
vn -0.4132 -0.2821 -0.8658
vn 0.4247 0.2409 -0.8727
vn -0.1891 -0.6103 0.7693
vn 0.0027 0.4829 0.8757
vn 0.2697 -0.0275 -0.9626
vn 0.2660 -0.0316 -0.9634
vn -0.0658 -0.5031 -0.8617
vn 0.0550 0.4208 -0.9055
vn -0.4132 -0.2821 -0.8659
vn 0.4247 0.2410 -0.8727
vn 0.0549 0.4209 -0.9054
vn -0.7460 -0.0268 -0.6654
vn 0.2697 -0.0274 -0.9626
vn 0.2683 -0.0357 -0.9627
vn -0.0003 0.0009 -1.0000
vn -0.0023 -0.0009 -1.0000
vn -0.0658 -0.5033 -0.8616
vn -0.4131 -0.2821 -0.8659
vn 0.0027 0.4826 0.8758
vn -0.0658 -0.5032 -0.8617
vn 0.0550 0.4209 -0.9054
vn 0.3705 0.0606 -0.9269
vn 0.1873 0.2508 0.9497
vn -0.1006 0.3921 -0.9144
vn 0.9961 0.0885 0.0036
vn -0.8740 0.4834 0.0494
vn -0.2064 0.0236 -0.9782
vn 0.2724 -0.0311 -0.9617
vn -0.0983 0.1311 -0.9865
vn 0.5941 -0.7926 -0.1374
vn -0.0042 0.2354 -0.9719
vn -0.0198 0.2670 -0.9635
vn -0.3096 -0.0235 -0.9506
vn -0.0845 -0.0383 -0.9957
vn 0.3673 0.0412 -0.9292
vn 0.0284 -0.0046 -0.9996
vn 0.1538 0.0926 -0.9838
vn 0.0445 0.1544 -0.9870
vn -0.1488 0.4690 -0.8706
vn -0.0723 -0.0572 -0.9957
vn -0.2071 -0.0804 -0.9750
vn 0.1003 -0.0125 -0.9949
vn -0.1887 -0.1750 -0.9663
vn 0.0423 -0.4473 -0.8934
vn -0.0796 -0.0747 -0.9940
vn 0.2152 0.0815 -0.9732
vn 0.0723 -0.3216 -0.9441
vn -0.0020 0.0488 -0.9988
vn -0.0983 0.1312 -0.9865
vn 0.5941 -0.7927 -0.1368
vn -0.0042 0.2355 -0.9719
vn -0.0198 0.2669 -0.9635
vn -0.3095 -0.0235 -0.9506
vn 0.3674 0.0412 -0.9291
vn 0.5941 -0.7926 -0.1371
vn -0.0198 0.2671 -0.9635
vn 0.3672 0.0412 -0.9292
vn -0.0117 -0.0104 -0.9999
vn 0.5940 -0.7927 -0.1370
vn 0.0509 0.0014 -0.9987
vn 0.5941 -0.7927 -0.1370
vn -0.0846 -0.0383 -0.9957
vn -0.1733 -0.0699 -0.9824
vn 0.0425 0.0810 -0.9958
vn 0.0543 -0.4754 -0.8781
vn -0.0353 -0.1818 -0.9827
vn 0.4325 -0.1397 -0.8907
vn -0.4304 0.1582 -0.8887
vn 0.1586 -0.1066 -0.9816
vn -0.1066 0.2833 0.9531
vn 0.0137 -0.0364 0.9992
vn 0.1693 0.0375 0.9849
vn -0.0204 -0.0084 0.9998
vn -0.0235 -0.0104 0.9997
vn -0.0220 -0.0100 0.9997
vn 0.1080 0.3485 0.9311
vn -0.0321 0.1605 0.9865
vn -0.0216 -0.0073 0.9997
vn -0.9209 -0.0992 0.3769
vn -0.9201 -0.0989 0.3789
vn -0.9209 -0.0994 0.3769
vn -0.0230 0.0237 0.9995
vn 0.2900 -0.0269 0.9567
vn -0.1987 -0.0840 0.9765
vn 0.1405 0.0594 0.9883
vn 0.0326 -0.7988 0.6007
vn 0.1618 -0.0557 0.9852
vn -0.0998 -0.0191 0.9948
vn 0.1150 -0.1137 0.9868
vn -0.0359 -0.2578 0.9655
vn 0.0076 0.0799 0.9968
vn 0.3632 -0.1534 0.9190
vn 0.0456 0.3232 0.9452
vn -0.0754 0.1429 0.9869
vn -0.2535 0.1244 0.9593
vn 0.1937 0.0125 0.9810
vn -0.0234 -0.0104 0.9997
vn 0.1080 0.3484 0.9311
vn -0.9205 -0.0991 0.3779
vn 0.2899 -0.0269 0.9567
vn -0.1066 0.2832 0.9531
vn -0.1065 0.2832 0.9531
vn -0.0202 -0.0080 0.9998
vn -0.0216 -0.0061 0.9997
vn -0.9202 -0.0991 0.3787
vn -0.1065 0.2831 0.9532
vn -0.1065 0.2831 0.9531
vn 0.1692 0.0378 0.9848
vn 0.1696 0.0375 0.9848
vn 0.1693 0.0375 0.9848
vn -0.0203 -0.0080 0.9998
vn -0.0216 -0.0063 0.9997
vn -0.9205 -0.0991 0.3781
vn -0.0219 -0.0100 0.9997
vn -0.0216 -0.0068 0.9997
vn -0.9205 -0.0991 0.3780
vn -0.2074 -0.0536 0.9768
vn 0.7624 0.1248 0.6349
vn 0.0786 -0.1277 0.9887
vn -0.1244 -0.2783 0.9524
vn -0.2903 -0.4628 0.8376
vn -0.0166 0.1008 0.9948
vn -0.2133 0.0234 -0.9767
vn -0.2176 -0.1141 0.9693
vn -0.9979 0.0646 -0.0010
vn -0.9979 0.0651 -0.0015
vn -0.9979 0.0654 -0.0008
vn -0.5797 0.0607 -0.8126
vn -0.0869 -0.2552 0.9630
vn -0.5419 -0.2028 -0.8156
vn 0.2934 -0.8870 0.3566
vn 0.8509 -0.0910 -0.5174
vn 0.6744 0.1718 0.7181
vn -0.2407 0.6514 -0.7196
vn 0.1402 0.6329 0.7614
vn -0.6217 -0.1989 0.7576
vn -0.9822 -0.0827 -0.1688
vn 0.3021 0.8874 -0.3481
vn -0.2583 0.5937 0.7621
vn 0.7080 -0.0742 -0.7023
vn 0.6486 -0.0871 -0.7561
vn -0.5792 0.3098 -0.7540
vn -0.5791 0.3098 -0.7541
vn 0.0771 0.3318 -0.9402
vn -0.0776 0.3337 0.9395
vn -0.9246 -0.3353 -0.1807
vn 0.9341 -0.3469 0.0847
vn -0.9404 0.3400 -0.0001
vn -0.9352 0.2622 -0.2380
vn 0.9563 0.2921 0.0166
vn 0.9246 0.3343 -0.1827
vn 0.0896 -0.9751 0.2027
vn -0.0893 -0.9753 -0.2022
vn 0.2635 0.1263 0.9564
vn 0.1626 -0.0961 0.9820
vn 0.2753 0.9507 -0.1425
vn -0.9223 0.3231 -0.2121
vn -0.9580 0.2705 -0.0949
vn -0.0017 -0.9939 -0.1102
vn 0.1455 -0.7694 -0.6219
vn 0.7713 0.3366 0.5401
vn 0.0611 0.7475 -0.6614
vn 0.0616 0.7482 -0.6606
vn 0.0607 0.7478 -0.6612
vn -0.1616 0.8542 -0.4942
vn 0.9433 -0.3304 0.0320
vn 0.2914 -0.6977 -0.6544
vn -0.3503 -0.5093 0.7861
vn -0.0393 0.9992 -0.0095
vn -0.0394 0.9992 -0.0098
vn -0.0433 0.2160 -0.9754
vn -0.9801 -0.0000 -0.1983
vn -0.1205 -0.0844 0.9891
vn -0.9799 -0.0001 -0.1996
vn -0.1900 0.8688 -0.4573
vn -0.1615 0.8406 -0.5170
vn -0.9636 -0.0835 0.2539
vn -0.4014 -0.5020 -0.7661
vn -0.0101 -0.9474 0.3200
vn 0.7919 -0.1649 -0.5880
vn 0.9949 0.0897 0.0464
vn 0.5441 0.6804 0.4909
vn 0.7824 0.1630 -0.6010
vn 0.1304 -0.9471 0.2934
vn 0.2131 -0.9741 0.0755
vn -0.8580 -0.2032 -0.4718
vn -0.9337 0.1944 0.3006
vn -0.1278 0.7291 -0.6724
vn 0.9851 -0.0000 0.1720
vn 0.0567 -0.8367 -0.5447
vn -0.0204 -0.6704 -0.7417
vn 0.9814 -0.1513 -0.1181
vn 0.1096 0.4591 -0.8816
vn 0.0612 0.8564 -0.5126
vn -0.2626 0.6146 0.7438
vn 0.9942 -0.0753 0.0767
vn -0.3197 -0.9475 -0.0000
vn -0.1600 -0.8556 0.4924
vn 0.9773 -0.0003 0.2119
vn 0.9774 0.0003 0.2116
vn 0.9773 -0.0000 0.2117
vn 0.2754 0.9507 -0.1425
vn -0.9222 0.3232 -0.2124
vn -0.9221 0.3235 -0.2123
vn -0.9580 0.2706 -0.0949
vn -0.0018 -0.9939 -0.1103
vn 0.1455 -0.7693 -0.6221
vn 0.7714 0.3366 0.5400
vn 0.0613 0.7480 -0.6609
vn 0.9432 -0.3307 0.0325
vn 0.2915 -0.6978 -0.6543
vn -0.3503 -0.5094 0.7860
vn -0.0392 0.9992 -0.0092
vn -0.0395 0.9992 -0.0101
vn -0.0391 0.9992 -0.0094
vn 0.0995 0.1243 0.9872
vn -0.0194 0.0952 0.9953
vn -0.9799 -0.0000 -0.1996
vn -0.9808 -0.0623 -0.1847
vn -0.9808 0.0622 0.1846
vn 0.4259 -0.9014 0.0775
vn -0.0283 -0.5397 -0.8414
vn 0.9575 -0.0000 -0.2885
vn 0.2275 0.4533 -0.8619
vn -0.0000 0.9846 -0.1749
vn -0.3492 0.9239 0.1567
vn -0.3588 0.9145 0.1871
vn 0.9357 0.1436 -0.3222
vn 0.9358 0.1428 -0.3223
vn 0.9359 0.1432 -0.3217
vn 0.9360 -0.1429 0.3216
vn -0.4443 -0.8853 -0.1376
vn -0.4878 -0.7903 -0.3708
vn -0.4873 -0.7909 -0.3702
vn -0.4868 -0.7909 -0.3708
vn -0.0057 0.3656 -0.9307
vn -0.5040 -0.2758 0.8185
vn 0.1675 0.1895 0.9675
vn -0.9801 -0.0000 0.1983
vn 0.0840 0.1093 0.9905
vn -0.6465 -0.1975 -0.7370
vn -0.0154 0.1675 -0.9857
vn 0.8117 -0.2274 -0.5380
vn 0.8117 -0.2275 -0.5380
vn 0.8120 -0.2278 -0.5373
vn 0.0119 0.0690 -0.9975
vn -0.4896 0.0157 -0.8718
vn -0.4887 0.0156 -0.8723
vn -0.4889 0.0161 -0.8722
vn -0.2538 -0.8777 -0.4066
vn -0.2539 -0.8771 -0.4077
vn -0.2543 -0.8771 -0.4075
vn 0.2515 0.7454 -0.6173
vn -0.5558 -0.0000 -0.8313
vn -0.9827 -0.1761 -0.0567
vn -0.2541 -0.8774 -0.4070
vn -0.2540 -0.8772 -0.4075
vn -0.2544 -0.8771 -0.4073
vn 0.9996 -0.0222 -0.0200
vn 0.9996 -0.0221 -0.0200
vn 0.9995 -0.0221 -0.0206
vn 0.0076 0.0421 -0.9991
vn -0.8184 -0.2150 0.5328
vn 0.0153 0.1670 0.9858
vn 0.6155 -0.1868 0.7657
vn 0.1120 0.5333 0.8385
vn -0.9107 -0.3974 0.1128
vn -0.0366 -0.0032 0.9993
vn -0.0882 0.6994 0.7092
vn -0.7071 0.0022 0.7071
vn -0.9773 -0.0002 -0.2119
vn -0.9773 -0.0000 -0.2117
vn -0.9774 -0.0004 -0.2114
vn 0.1120 0.5331 0.8386
vn -0.9107 -0.3974 0.1124
vn -0.2175 -0.1141 0.9694
vn -0.9979 0.0648 -0.0010
vn -0.0868 -0.2551 0.9630
vn -0.5417 -0.2027 -0.8158
vn 0.2934 -0.8870 0.3567
vn 0.8510 -0.0909 -0.5172
vn -0.2408 0.6516 -0.7194
vn 0.1401 0.6329 0.7614
vn -0.6218 -0.1989 0.7575
vn -0.9822 -0.0828 -0.1688
vn 0.3020 0.8875 -0.3481
vn -0.2583 0.5939 0.7619
vn 0.7083 -0.0741 -0.7020
vn 0.6486 -0.0872 -0.7561
vn -0.0145 0.0303 0.9994
vn -0.8516 0.0446 -0.5224
vn -0.1600 -0.6303 0.7597
vn -0.1601 -0.6301 0.7599
vn 0.1471 -0.7847 -0.6021
vn 0.8562 0.4543 0.2461
vn 0.9221 0.3149 -0.2248
vn 0.3496 -0.4264 -0.8342
vn -0.0228 0.8657 -0.5001
vn 0.4109 -0.6499 0.6394
vn 0.9944 0.0004 -0.1055
vn -0.0616 -0.9247 -0.3757
vn -0.2669 -0.8385 0.4752
vn -0.0411 0.8158 -0.5769
vn -0.2286 -0.9267 -0.2983
vn -0.2288 -0.9263 -0.2994
vn -0.2290 -0.9263 -0.2992
vn -0.0654 -0.8659 0.4959
vn -0.0649 -0.8655 0.4966
vn -0.0645 -0.8659 0.4961
vn -0.6344 0.5917 -0.4974
vn -0.2192 0.9755 -0.0198
vn 0.3815 -0.2241 0.8968
vn 0.2240 0.5776 -0.7850
vn -0.0809 0.9098 -0.4072
vn -0.9127 0.1995 -0.3566
vn -0.6693 -0.3621 0.6488
vn 0.0467 -0.9707 -0.2358
vn 0.0467 -0.9709 -0.2350
vn 0.0470 -0.9707 -0.2356
vn -0.0464 -0.9712 0.2335
vn 0.6702 -0.3619 -0.6479
vn 0.9130 0.1989 0.3561
vn 0.0812 0.9093 0.4082
vn 0.2593 0.6089 0.7497
vn 0.9151 0.2515 -0.3153
vn 0.0015 -1.0000 -0.0081
vn -0.0020 -1.0000 0.0073
vn -0.9151 0.2498 0.3165
vn -0.2596 0.6095 -0.7491
vn -0.0349 -0.0637 -0.9974
vn 0.0428 -0.1360 -0.9898
vn 0.0470 0.9694 0.2411
vn -0.6624 0.3694 -0.6518
vn -0.9059 -0.2089 0.3685
vn -0.0788 -0.9117 0.4032
vn 0.0788 -0.9115 -0.4036
vn 0.9061 -0.2087 -0.3680
vn 0.6623 0.3692 0.6520
vn -0.0471 0.9694 -0.2409
vn 0.0035 0.9999 0.0158
vn 0.9136 -0.2603 0.3123
vn 0.2549 -0.6131 -0.7478
vn -0.2548 -0.6133 0.7476
vn -0.9133 -0.2602 -0.3133
vn -0.9136 -0.2599 -0.3127
vn -0.9134 -0.2609 -0.3126
vn -0.0036 0.9999 -0.0160
vn -0.0930 -0.8507 -0.5174
vn -0.0935 -0.8501 -0.5182
vn -0.0942 -0.8503 -0.5178
vn 0.0769 -0.9548 0.2873
vn 0.9769 -0.1267 0.1722
vn 0.9769 -0.1264 0.1723
vn 0.9766 -0.1274 0.1732
vn 0.9766 -0.1272 0.1732
vn 0.0144 0.9840 0.1778
vn -0.1984 0.5108 0.8365
vn 0.2302 0.5522 -0.8013
vn -0.0863 -0.9426 -0.3225
vn 0.1412 -0.8376 0.5278
vn -0.9484 0.1236 0.2920
vn -0.0431 0.2006 -0.9787
vn 0.0412 -0.1138 0.9926
vn -0.8809 -0.1279 -0.4556
vn -0.0681 -0.6809 0.7292
vn -0.2505 -0.9303 0.2681
vn -0.2498 -0.9302 0.2690
vn -0.2491 -0.9305 0.2685
vn 0.5477 -0.1263 0.8271
vn 0.9887 0.0057 0.1501
vn 0.4297 0.6978 -0.5731
vn -0.3534 0.4676 0.8102
vn -0.3260 0.3452 0.8801
vn 0.4121 -0.4363 -0.7999
vn -0.4937 -0.2138 0.8429
vn -0.9697 -0.0055 -0.2444
vn -0.9695 -0.0058 -0.2449
vn -0.9696 -0.0056 -0.2447
vn -0.1700 0.7783 0.6044
vn 0.2153 0.8032 -0.5554
vn 0.2159 0.8030 -0.5555
vn 0.2160 0.8037 -0.5545
vn 0.4999 -0.1106 0.8590
vn -0.3591 -0.1205 0.9255
vn -0.9794 -0.0000 0.2021
vn -0.8462 0.0868 0.5257
vn -0.0305 0.0350 0.9989
vn -0.4619 0.2229 0.8585
vn -0.0168 0.1395 -0.9901
vn -0.0002 -0.0000 -1.0000
vn 0.0863 0.3494 -0.9330
vn -0.8617 0.5061 -0.0370
vn -0.1265 0.4322 0.8929
vn -0.0395 -0.0476 -0.9981
vn -0.0675 0.5493 -0.8329
vn -0.9046 -0.1651 -0.3931
vn -0.0226 0.0335 -0.9992
vn -0.4888 -0.0389 -0.8715
vn 0.0105 0.8363 0.5482
vn 0.0104 0.8365 0.5478
vn 0.0105 0.8365 0.5479
vn 0.1681 0.0810 0.9824
vn -0.0371 0.0833 0.9958
vn -0.1512 0.0152 0.9884
vn -0.0219 -0.0075 0.9997
vn -0.0210 -0.0504 0.9985
vn -0.0880 0.5217 0.8486
vn -0.6621 0.0595 0.7471
vn -0.5797 0.0607 -0.8125
vn -0.5418 -0.2027 -0.8157
vn 0.2933 -0.8871 0.3565
vn 0.8508 -0.0910 -0.5175
vn 0.1400 0.6336 0.7609
vn 0.1403 0.6327 0.7616
vn 0.1396 0.6334 0.7612
vn -0.6217 -0.1989 0.7575
vn -0.9822 -0.0827 -0.1689
vn 0.3021 0.8876 -0.3478
vn -0.2582 0.5939 0.7620
vn 0.7082 -0.0742 -0.7021
vn -0.2808 -0.1466 -0.9485
vn -0.4487 -0.8937 -0.0009
vn 0.8510 -0.0909 -0.5173
vn -0.2408 0.6516 -0.7193
vn -0.9821 -0.0827 -0.1692
vn 0.3021 0.8876 -0.3477
vn 0.7331 0.1650 0.6598
vn -0.1896 0.3392 0.9214
vn -0.4686 0.1715 -0.8666
vn -0.9345 -0.3297 -0.1343
vn -0.9346 -0.3294 -0.1340
vn -0.9345 -0.3297 -0.1339
vn 0.0614 -0.9981 -0.0007
vn 0.2878 -0.7507 -0.5947
vn 0.9325 0.2432 0.2669
vn 0.7320 -0.1864 0.6552
vn 0.6070 -0.7904 0.0826
vn 0.6064 -0.7908 0.0829
vn 0.6068 -0.7905 0.0830
vn -0.9151 -0.2061 0.3465
vn -0.5757 -0.4406 -0.6888
vn -0.3338 0.8706 0.3614
vn 0.3921 0.3784 -0.8385
vn -0.1319 -0.7125 -0.6891
vn 0.9268 0.0149 -0.3752
vn 0.9268 0.0157 -0.3752
vn 0.9266 0.0156 -0.3757
vn 0.9624 -0.1935 0.1905
vn 0.9622 -0.1945 0.1905
vn 0.9622 -0.1942 0.1910
vn 0.0425 0.9360 -0.3496
vn -0.0916 0.7302 0.6771
vn 0.2635 0.6323 -0.7286
vn 0.2682 -0.6314 0.7276
vn 0.0900 -0.9835 -0.1568
vn -0.9777 -0.0502 -0.2038
vn -0.9576 0.1586 0.2406
vn -0.0647 0.7830 0.6186
vn -0.1112 -0.8061 -0.5813
vn -0.2185 -0.9638 0.1531
vn 0.7209 -0.4221 -0.5497
vn 0.8300 0.1383 0.5403
vn -0.1677 0.9735 -0.1555
vn 0.2916 0.7167 0.6334
vn 0.2366 -0.7281 -0.6433
vn -0.0056 -0.9079 0.4192
vn -0.9968 0.0652 -0.0458
vn -0.9968 0.0661 -0.0448
vn -0.9969 0.0649 -0.0447
vn -0.9415 0.2915 0.1691
vn -0.9414 0.2915 0.1694
vn -0.9416 0.2913 0.1689
vn 0.0139 0.8815 -0.4720
vn 0.0234 0.0882 0.9958
vn -0.0953 0.0676 0.9932
vn -0.3731 0.8900 -0.2622
vn -0.3981 0.7283 -0.5578
vn -0.7307 -0.6652 0.1539
vn -0.1207 -0.6368 -0.7615
vn 0.3204 -0.4100 0.8540
vn 0.3671 0.4892 -0.7912
vn 0.8650 0.4899 0.1083
vn 0.4317 0.7915 -0.4326
vn 0.4738 -0.8666 0.1569
vn 0.0848 -0.6716 -0.7361
vn -0.4418 0.3025 0.8445
vn 0.4189 0.0385 0.9072
vn -0.9575 -0.0000 0.2885
vn 0.0232 -0.6057 0.7954
vn -0.2740 -0.9545 -0.1175
vn 0.9805 -0.0739 0.1823
vn 0.9805 0.0739 -0.1821
vn -0.0000 0.9846 0.1749
vn -0.1574 0.5257 0.8360
vn 0.2164 0.9427 -0.2541
vn 0.1896 0.9722 -0.1372
vn 0.2884 -0.9185 0.2706
vn 0.2798 -0.9344 0.2206
vn -0.9342 0.1770 0.3098
vn -0.9345 -0.1766 -0.3091
vn -0.0000 -0.9846 -0.1749
vn -0.0943 -0.0515 0.9942
vn 0.1517 0.2704 -0.9507
vn -0.0000 0.9841 0.1775
vn -0.5045 -0.2759 0.8181
vn -0.5040 -0.2756 0.8186
vn -0.5042 -0.2759 0.8183
vn 0.1677 0.1900 0.9674
vn 0.1677 0.1893 0.9675
vn 0.1672 0.1897 0.9675
vn -0.9802 -0.0000 0.1980
vn 0.0996 0.1243 0.9872
vn -0.9469 0.2413 -0.2126
vn -0.9474 0.2412 -0.2104
vn -0.9475 0.2411 -0.2103
vn 0.1700 0.1301 -0.9768
vn -0.0732 0.1722 -0.9823
vn -0.8787 -0.1714 -0.4454
vn 0.0169 0.1241 -0.9921
vn -0.2345 -0.5764 -0.7828
vn 0.3278 0.1182 -0.9373
vn 0.1225 0.6465 0.7530
vn -0.1810 -0.1025 -0.9781
vn -0.3587 0.0276 -0.9330
vn -0.0217 0.0318 -0.9993
vn -0.3460 0.0157 -0.9381
vn 0.0007 0.0001 1.0000
vn -0.0010 0.0009 1.0000
vn 0.0001 0.0027 1.0000
vn 0.0298 0.1272 0.9914
vn -0.1036 0.5133 0.8519
vn -0.6621 0.0595 0.7470
vn -0.1982 0.6099 0.7673
vn 0.4065 0.2704 0.8727
vn -0.6038 0.7726 -0.1965
vn -0.0868 -0.2552 0.9630
vn 0.2934 -0.8869 0.3568
vn -0.2409 0.6515 -0.7194
vn 0.1400 0.6330 0.7614
vn 0.3020 0.8875 -0.3480
vn 0.6670 -0.1921 -0.7199
vn -0.4409 -0.0643 -0.8953
vn -0.4400 -0.0646 -0.8957
vn -0.4401 -0.0642 -0.8957
vn -0.6082 -0.0846 0.7893
vn 0.3594 -0.2248 0.9057
vn -0.3349 0.1261 -0.9338
vn 0.3645 0.1101 0.9247
vn -0.4635 -0.2922 -0.8365
vn -0.5513 0.4080 0.7278
vn 0.3313 0.2851 -0.8994
vn -0.9917 0.1283 0.0016
vn -0.2174 -0.1141 0.9694
vn 0.2183 -0.4499 -0.8660
vn 0.6208 -0.3159 0.7175
vn 0.4483 0.6954 -0.5617
vn 0.4450 0.4011 0.8007
vn 0.4452 0.4021 0.8001
vn 0.4454 0.4012 0.8004
vn -0.5025 -0.1288 -0.8549
vn -0.7367 -0.0761 0.6720
vn 0.5910 -0.1883 0.7844
vn -0.0433 -0.6625 -0.7478
vn -0.5179 0.0190 0.8553
vn 0.0776 0.3172 -0.9452
vn 0.4607 0.1053 0.8813
vn 0.7481 -0.0000 0.6635
vn 0.7482 -0.0000 0.6635
vn 0.1207 -0.0124 0.9926
vn -0.3727 0.8407 0.3929
vn -0.6013 -0.5123 -0.6131
vn -0.9016 -0.3448 0.2612
vn 0.1890 -0.7952 -0.5761
vn 0.3999 -0.9126 -0.0852
vn 0.3992 -0.9128 -0.0857
vn 0.3990 -0.9130 -0.0849
vn 0.7565 0.6498 -0.0740
vn 0.1525 0.5242 -0.8378
vn -0.2081 0.8759 -0.4353
vn 0.9241 0.3534 0.1456
vn 0.8776 -0.0141 -0.4792
vn -0.1684 -0.9675 -0.1885
vn -0.2689 -0.9242 0.2712
vn -0.2046 0.8855 -0.4171
vn -0.0000 -0.9834 0.1813
vn 0.0321 -0.1853 0.9821
vn -0.2640 0.7851 -0.5603
vn -0.7934 0.2326 0.5625
vn -0.7932 0.2326 0.5628
vn -0.7931 0.2322 0.5631
vn 0.1329 -0.8252 -0.5490
vn -0.1324 -0.8246 0.5501
vn 0.7956 0.2289 -0.5610
vn 0.2652 0.7855 0.5592
vn 0.2056 0.7490 0.6299
vn 0.9592 -0.2813 -0.0279
vn 0.9591 -0.2816 -0.0274
vn 0.9593 -0.2809 -0.0274
vn -0.2493 -0.7030 0.6661
vn 0.2490 -0.7035 -0.6657
vn 0.2484 -0.7042 -0.6651
vn 0.2495 -0.7038 -0.6652
vn -0.9605 -0.2762 0.0335
vn -0.2051 0.7500 -0.6288
vn 0.1731 0.9191 0.3538
vn -0.6602 0.3799 -0.6479
vn -0.6587 -0.3796 0.6496
vn 0.1721 -0.9196 -0.3532
vn 0.0633 -0.7749 0.6290
vn 0.0637 0.7838 -0.6177
vn 0.0634 0.7833 -0.6184
vn 0.0639 0.7836 -0.6179
vn 0.1457 0.4938 0.8573
vn 0.1456 -0.4944 -0.8570
vn -0.2724 -0.7166 0.6421
vn -0.2729 0.7165 -0.6420
vn -0.8809 -0.1282 -0.4556
vn -0.0681 -0.6808 0.7293
vn -0.2499 -0.9303 0.2684
vn 0.5473 -0.1264 0.8274
vn 0.9887 0.0057 0.1498
vn 0.4297 0.6976 -0.5733
vn -0.3536 0.4674 0.8102
vn -0.3262 0.3453 0.8800
vn 0.4121 -0.4363 -0.7998
vn -0.4938 -0.2138 0.8429
vn -0.9695 -0.0055 -0.2451
vn -0.1698 0.7782 0.6046
vn 0.2159 0.8036 -0.5546
vn 0.5000 -0.1106 0.8589
vn -0.3590 -0.1204 0.9255
vn -0.9794 -0.0000 -0.2021
vn -0.8462 0.0867 0.5257
vn -0.3696 -0.0157 -0.9291
vn -0.3626 -0.0030 -0.9319
vn -0.1950 0.1475 -0.9697
vn 0.3272 -0.2421 -0.9134
vn 0.5999 -0.0568 0.7980
vn -0.3915 0.1248 -0.9117
vn -0.4280 0.8820 -0.1971
vn -0.2851 -0.2571 -0.9234
vn -0.6906 0.0176 -0.7230
vn -0.6903 0.0177 -0.7233
vn 0.0137 0.0695 -0.9975
vn 0.8656 -0.4982 -0.0511
vn 0.2193 0.5769 -0.7869
vn -0.0427 0.5233 -0.8511
vn 0.2396 0.1980 0.9505
vn -0.1213 -0.1044 0.9871
vn -0.8999 0.4320 -0.0603
vn 0.2005 0.0353 0.9791
vn 0.0209 0.3193 0.9474
vn -0.7482 -0.0000 -0.6635
vn 0.0001 -0.0000 1.0000
vn 0.8653 0.4987 0.0502
vn -0.0427 -0.5248 0.8502
vn 0.2240 -0.5870 0.7780
vn 0.2238 -0.5878 0.7774
vn 0.2232 -0.5877 0.7777
vn -0.5796 0.0607 -0.8126
vn 0.6743 0.1719 0.7182
vn -0.2409 0.6509 -0.7199
vn -0.2403 0.6515 -0.7195
vn -0.2412 0.6512 -0.7196
vn 0.3021 0.8875 -0.3481
vn -0.2583 0.5938 0.7620
vn 0.6487 -0.0872 -0.7560
vn 0.6669 -0.1920 -0.7200
vn 0.6675 -0.1923 -0.7193
vn 0.6676 -0.1921 -0.7193
vn -0.4405 -0.0644 -0.8955
vn -0.3348 0.1260 -0.9338
vn 0.3645 0.1100 0.9247
vn -0.4635 -0.2921 -0.8365
vn -0.5514 0.4082 0.7276
vn 0.9484 -0.3169 -0.0019
vn 0.9891 -0.1327 0.0644
vn 0.0382 0.5111 -0.8587
vn -0.3555 0.9346 0.0114
vn -0.7974 -0.5902 -0.1258
vn -0.8233 -0.5631 0.0713
vn -0.8239 -0.5623 0.0715
vn -0.8235 -0.5628 0.0719
vn -0.0705 -0.9416 -0.3293
vn 0.2329 -0.9261 0.2968
vn -0.5982 0.1567 0.7858
vn -0.9663 0.0060 0.2574
vn 0.7289 0.6232 -0.2833
vn 0.8217 0.4833 0.3020
vn -0.9516 -0.1908 0.2410
vn -0.8431 -0.2740 0.4628
vn 0.1732 -0.9846 0.0253
vn 0.1805 -0.9835 0.0127
vn 0.1846 -0.9828 0.0107
vn 0.1780 -0.9837 0.0235
vn 0.7447 0.5451 -0.3852
vn 0.2826 -0.2921 0.9137
vn -0.8228 -0.3824 0.4205
vn -0.8233 -0.3821 0.4197
vn -0.8231 -0.3818 0.4205
vn 0.0883 0.6426 0.7611
vn 0.8350 0.0941 -0.5421
vn -0.2047 -0.7466 0.6331
vn 0.1340 -0.4281 -0.8938
vn -0.3017 0.4178 -0.8570
vn -0.1968 -0.5469 -0.8138
vn 0.0473 -0.3137 0.9484
vn 0.3023 0.4484 -0.8412
vn -0.2500 0.9148 0.3174
vn 0.6653 0.0131 0.7465
vn 0.3889 0.7034 0.5950
vn 0.3890 0.7032 0.5952
vn -0.0810 0.9099 -0.4069
vn -0.9128 0.1993 -0.3565
vn -0.6694 -0.3621 0.6487
vn 0.0467 -0.9709 -0.2348
vn -0.0464 -0.9713 0.2331
vn 0.6701 -0.3618 -0.6482
vn 0.9131 0.1989 0.3559
vn 0.0812 0.9092 0.4085
vn 0.9151 0.2511 -0.3155
vn 0.0015 -1.0000 -0.0086
vn -0.0023 -1.0000 0.0084
vn -0.0022 -1.0000 0.0081
vn -0.0025 -1.0000 0.0081
vn -0.9151 0.2502 0.3163
vn -0.2596 0.6095 -0.7490
vn -0.0106 0.1075 0.9942
vn 0.0070 0.0035 -1.0000
vn 0.0470 0.9692 0.2416
vn 0.0469 0.9695 0.2407
vn 0.0473 0.9693 0.2414
vn -0.6629 0.3692 -0.6513
vn -0.6625 0.3688 -0.6520
vn -0.6624 0.3697 -0.6516
vn -0.9060 -0.2089 0.3682
vn -0.0787 -0.9116 0.4034
vn 0.0788 -0.9116 -0.4035
vn 0.9060 -0.2087 -0.3682
vn 0.6625 0.3694 0.6517
vn -0.0470 0.9695 -0.2407
vn 0.0034 0.9999 0.0155
vn 0.9136 -0.2601 0.3124
vn 0.2547 -0.6131 -0.7478
vn -0.2548 -0.6133 0.7477
vn -0.9135 -0.2602 -0.3126
vn -0.0036 0.9999 -0.0159
vn 0.9852 -0.0000 0.1717
vn -0.1376 -0.8165 -0.5607
vn 0.1031 -0.4334 0.8953
vn 0.9157 -0.0141 -0.4016
vn 0.0692 0.8196 -0.5687
vn -0.1831 0.7884 0.5873
vn -0.2220 0.6190 0.7534
vn 0.9942 -0.0751 0.0771
vn -0.0316 -0.9995 -0.0000
vn -0.1840 -0.7616 -0.6214
vn -0.8809 -0.1281 -0.4557
vn -0.2500 -0.9303 0.2683
vn 0.5474 -0.1264 0.8273
vn 0.9887 0.0056 0.1500
vn -0.3536 0.4674 0.8103
vn 0.3615 -0.3827 -0.8502
vn -0.0509 -0.6568 0.7524
vn -0.9420 -0.0053 -0.3356
vn -0.9913 0.0980 0.0882
vn -0.9912 0.0987 0.0883
vn -0.9912 0.0985 0.0886
vn -0.1296 0.8603 0.4929
vn 0.2159 0.8036 -0.5547
vn 0.5806 0.0412 0.8131
vn 0.0259 0.9798 -0.1984
vn -0.1321 0.7444 -0.6545
vn -0.9814 -0.0489 0.1856
vn -0.9984 -0.0116 0.0547
vn -0.0077 -0.8891 -0.4577
vn 0.1989 -0.9672 0.1578
vn -0.1274 -0.9870 -0.0982
vn -0.2220 -0.9105 -0.3489
vn -0.2227 -0.9102 -0.3492
vn -0.2228 -0.9104 -0.3486
vn 0.9989 -0.0134 0.0456
vn -0.2384 0.7535 -0.6127
vn 0.1894 0.8785 -0.4387
vn 0.9924 0.0494 -0.1128
vn 0.5953 -0.2909 -0.7490
vn -0.0969 -0.6668 0.7389
vn -0.6079 -0.1544 -0.7789
vn -0.3267 0.4878 0.8095
vn -0.5072 -0.6550 -0.5601
vn -0.8295 -0.3750 0.4139
vn 0.0705 0.5465 -0.8345
vn -0.2923 0.7577 -0.5835
vn 0.9995 -0.0332 -0.0000
vn 0.9769 0.0534 -0.2070
vn 0.0323 -0.1683 0.9852
vn 0.1068 0.0785 0.9912
vn 0.1278 0.7013 -0.7013
vn -0.3639 0.8875 0.2828
vn -0.7103 0.5901 -0.3838
vn -0.7081 -0.5926 0.3839
vn -0.3625 -0.8890 -0.2799
vn 0.1315 -0.6976 0.7044
vn 0.2077 -0.7368 0.6434
vn 0.2081 -0.7374 0.6427
vn 0.2076 -0.7370 0.6432
vn 0.6688 -0.5073 -0.5435
vn 0.7006 0.6352 0.3251
vn 0.9403 0.2087 -0.2689
vn 0.9409 -0.2066 0.2682
vn -0.1566 -0.8595 -0.4866
vn -0.1921 -0.7195 -0.6674
vn -0.1913 0.7528 0.6299
vn -0.1617 0.8577 0.4880
vn -0.9794 -0.0000 -0.2018
vn 0.0778 0.0727 0.9943
vn -0.1950 0.1474 -0.9697
vn 0.3272 -0.2422 -0.9134
vn 0.5992 -0.0568 0.7986
vn 0.5992 -0.0566 0.7986
vn 0.6000 -0.0567 0.7980
vn -0.0052 -0.0044 -1.0000
vn 0.0130 -0.0001 -0.9999
vn 0.9919 0.0649 -0.1091
vn -0.0626 0.1300 -0.9895
vn -0.0168 0.1397 -0.9901
vn 0.1319 -0.1288 -0.9829
vn -0.4285 0.3431 -0.8359
vn 0.1179 -0.0924 -0.9887
vn -0.1234 0.0692 -0.9899
vn 0.0125 0.8451 -0.5345
vn 0.0252 -0.1084 -0.9938
vn 0.0630 -0.0000 -0.9980
vn 0.0194 0.6139 -0.7891
vn -0.5560 -0.0000 -0.8312
vn -0.9828 -0.1759 -0.0571
vn 0.3449 0.1560 -0.9256
vn -0.3837 0.0536 -0.9219
vn 0.0001 -0.0000 -1.0000
vn 0.3180 0.1301 -0.9391
vn 0.2400 0.1981 0.9503
vn 0.2396 0.1977 0.9505
vn 0.2397 0.1980 0.9504
vn 0.1494 -0.0411 0.9879
vn 0.0443 0.1081 0.9932
vn -0.0392 0.4668 0.8835
vn -0.1035 0.6864 0.7198
vn -0.0868 0.4723 0.8772
vn -0.0867 0.4729 0.8768
vn -0.0863 0.4727 0.8770
vn 0.6387 -0.2662 0.7219
vn -0.0862 0.7006 0.7083
vn -0.7074 0.0021 0.7069
vn 0.4138 0.0328 0.9098
vn 0.0512 0.0661 0.9965
vn 0.0477 0.0690 0.9965
vn 0.0434 0.0706 0.9966
vn 0.0443 0.0717 0.9964
vn -0.4155 -0.1475 0.8975
vn 0.4189 -0.1046 -0.9020
vn 0.3834 0.3599 0.8506
vn -0.3976 0.3261 -0.8577
vn 0.5588 -0.4582 0.6912
vn -0.4740 -0.0480 -0.8792
vn -0.4766 -0.4787 -0.7373
vn -0.4031 0.1663 0.8999
vn 0.2275 0.0230 -0.9735
vn -0.2278 0.0126 0.9736
vn 0.3652 0.1515 -0.9185
vn 0.7086 0.2511 -0.6594
vn -0.4713 -0.7190 0.5108
vn 0.1610 -0.7124 -0.6830
vn 0.8974 0.1461 0.4164
vn 0.8980 0.1452 0.4153
vn 0.8973 0.1454 0.4167
vn 0.5141 0.5712 -0.6399
vn -0.0653 0.9874 0.1443
vn -0.5691 0.5577 -0.6043
vn -0.7880 -0.2128 0.5777
vn -0.4061 -0.0256 0.9135
vn -0.4070 -0.0260 0.9131
vn -0.4071 -0.0258 0.9130
vn 0.6757 -0.6622 -0.3240
vn 0.6760 -0.6618 -0.3241
vn 0.6756 -0.6621 -0.3243
vn 0.5525 -0.1860 -0.8125
vn 0.5528 -0.1859 -0.8123
vn 0.5522 -0.1857 -0.8128
vn -0.6622 -0.7358 0.1421
vn -0.5050 -0.0005 -0.8631
vn 0.2013 0.3072 0.9301
vn 0.2004 0.3064 0.9306
vn 0.2005 0.3075 0.9302
vn 0.0302 0.5826 0.8122
vn -0.3604 -0.8135 -0.4565
vn 0.9736 0.1275 0.1892
vn 0.9737 0.1276 0.1889
vn -0.5417 -0.2027 -0.8157
vn 0.2935 -0.8869 0.3566
vn -0.2408 0.6514 -0.7195
vn 0.1401 0.6329 0.7615
vn -0.2584 0.5937 0.7621
vn 0.7082 -0.0741 -0.7021
vn -0.5793 0.3099 -0.7539
vn -0.5789 0.3097 -0.7543
vn -0.5788 0.3102 -0.7542
vn -0.3294 0.5078 0.7960
vn 0.3307 0.5022 -0.7990
vn -0.9261 -0.3312 -0.1805
vn -0.9258 -0.3321 -0.1803
vn -0.9259 -0.3317 -0.1808
vn 0.9335 -0.3485 0.0843
vn -0.9402 0.3405 0.0020
vn -0.9370 0.2585 -0.2350
vn 0.9538 0.2992 -0.0286
vn 0.9254 0.3327 -0.1818
vn -0.1636 -0.9240 -0.3456
vn 0.1641 -0.9235 0.3467
vn 0.2327 0.1294 0.9639
vn 0.1626 -0.0960 0.9820
vn 0.9533 -0.1619 -0.2551
vn -0.3554 0.9346 0.0114
vn -0.7974 -0.5903 -0.1258
vn -0.7436 -0.5944 -0.3063
vn 0.2343 -0.9247 0.3000
vn -0.6214 0.1512 0.7688
vn -0.9663 0.0061 0.2574
vn 0.7288 0.6234 -0.2832
vn 0.8216 0.4833 0.3024
vn 0.0749 0.2382 -0.9683
vn 0.6886 -0.0583 0.7228
vn 0.1637 -0.5683 0.8064
vn -0.6595 -0.6874 0.3041
vn 0.0360 -0.5312 0.8465
vn -0.1208 0.7327 -0.6697
vn -0.1213 0.7329 -0.6694
vn -0.1217 0.7324 -0.6700
vn -0.0054 0.5573 -0.8303
vn -0.1684 0.6403 -0.7494
vn 0.0087 -0.5534 0.8329
vn -0.9802 -0.0000 0.1979
vn 0.7365 0.0745 0.6723
vn 0.7365 0.0746 0.6723
vn 0.7374 0.0745 0.6713
vn 0.2810 -0.1352 -0.9501
vn 0.1628 -0.4236 -0.8911
vn -0.8367 -0.2625 -0.4806
vn 0.0259 0.1463 -0.9889
vn 0.5302 -0.1462 -0.8352
vn 0.0369 0.0316 -0.9988
vn -0.0652 0.0004 -0.9979
vn 0.9986 0.0269 -0.0452
vn 0.0420 0.1614 -0.9860
vn -0.0447 -0.1068 -0.9933
vn 0.0651 -0.2474 -0.9667
vn 0.0433 -0.2615 -0.9642
vn 0.3555 -0.9319 -0.0712
vn 0.3555 -0.9319 -0.0715
vn -0.2392 0.6539 -0.7178
vn -0.2383 0.6545 -0.7175
vn -0.2389 0.6546 -0.7173
vn -0.0766 0.4440 -0.8927
vn -0.2062 -0.1293 0.9699
vn -0.2993 -0.1327 0.9449
vn -0.9700 -0.2150 0.1137
vn 0.0122 -0.1732 0.9848
vn 0.2956 0.0006 0.9553
vn 0.2955 -0.0001 0.9554
vn 0.2948 0.0006 0.9556
vn -0.0000 -0.0001 1.0000
vn -0.5262 -0.1346 0.8396
vn -0.0261 0.1469 0.9888
vn 0.8120 -0.2507 0.5270
vn 0.8122 -0.2520 0.5261
vn 0.8118 -0.2509 0.5272
vn 0.1123 0.0122 0.9936
vn -0.1226 0.9467 -0.2979
vn -0.6610 0.0615 -0.7479
vn 0.0577 0.0376 0.9976
vn -0.0894 0.1294 0.9876
vn 0.1953 -0.1039 0.9752
vn 0.0611 -0.7196 -0.6917
vn 0.4153 0.5803 0.7006
vn -0.2713 0.1992 0.9417
vn -0.8000 -0.5495 -0.2409
vn -0.8723 -0.4699 -0.1349
vn -0.0873 -0.6752 -0.7325
vn -0.2443 0.9087 0.3386
vn -0.1186 0.9792 0.1643
vn 0.7725 -0.6237 0.1195
vn 0.6075 -0.7134 0.3493
vn -0.9887 -0.0000 0.1496
vn -0.0577 0.2614 -0.9635
vn 0.1230 -0.1557 -0.9801
vn -0.3689 -0.2813 -0.8859
vn -0.1005 0.0811 -0.9916
vn 0.1143 0.7401 0.6627
vn 0.1394 0.9548 -0.2627
vn -0.0297 -0.3298 0.9436
vn -0.9941 0.1016 0.0384
vn -0.9966 0.0350 0.0748
vn -0.3861 0.8705 0.3053
vn -0.6578 -0.5606 -0.5030
vn -0.9154 -0.3502 0.1986
vn 0.2044 -0.8602 -0.4672
vn 0.4001 -0.9143 -0.0638
vn 0.7573 0.6507 -0.0557
vn 0.1832 0.6297 -0.7549
vn -0.1685 0.7091 -0.6846
vn 0.8977 0.3435 0.2759
vn 0.1755 -0.7598 -0.6261
vn -0.2410 -0.8282 0.5060
vn -0.8389 0.0132 -0.5442
vn 0.1581 0.9087 0.3863
vn -0.0000 -0.9906 0.1370
vn 0.1998 -0.9776 -0.0661
vn 0.9947 -0.0040 0.1029
vn -0.9124 0.3003 -0.2782
vn -0.8744 0.4795 0.0738
vn -0.0627 -0.9577 -0.2807
vn -0.0797 -0.9658 -0.2468
vn 0.9952 0.0218 0.0953
vn 0.6026 0.5332 -0.5938
vn -0.0136 0.9132 0.4072
vn 0.0813 0.9848 0.1532
vn 0.8623 0.1616 -0.4800
vn -0.2251 -0.6348 0.7392
vn 0.4445 -0.2438 -0.8620
vn -0.7206 -0.6376 0.2722
vn -0.3089 0.7993 -0.5154
vn 0.1781 0.9452 0.2736
vn -0.7307 0.4204 -0.5379
vn -0.7296 -0.4205 0.5394
vn 0.1771 -0.9460 -0.2715
vn 0.1773 -0.9457 -0.2723
vn 0.1767 -0.9460 -0.2718
vn 0.0696 -0.8523 0.5185
vn 0.0697 0.8583 -0.5084
vn 0.1769 0.5997 0.7804
vn 0.1767 -0.5999 -0.7803
vn -0.3010 -0.7914 0.5320
vn -0.3013 0.7915 -0.5318
vn 0.0545 -0.1508 0.9871
vn -0.9238 -0.1345 -0.3586
vn -0.0778 -0.7771 0.6245
vn -0.2540 -0.9453 0.2047
vn 0.6542 -0.1510 0.7411
vn 0.9936 0.0056 0.1129
vn 0.4644 0.7542 -0.4642
vn -0.4187 0.5538 0.7197
vn -0.4011 0.4247 0.8116
vn 0.4371 -0.4628 -0.7712
vn -0.0588 -0.7572 0.6506
vn -0.9661 -0.0055 -0.2582
vn -0.9930 0.0985 0.0658
vn -0.1373 0.9099 0.3915
vn 0.2321 0.8638 -0.4472
vn 0.6886 0.0489 0.7235
vn -0.4542 -0.1524 0.8778
vn 0.0182 0.0925 -0.9955
vn 0.8661 -0.4984 -0.0376
vn 0.2570 0.6756 -0.6910
vn -0.0517 0.6333 -0.7722
vn 0.9941 0.0138 0.1074
vn 0.9941 0.0136 0.1077
vn 0.8658 0.4991 0.0371
vn -0.0516 -0.6345 0.7712
vn 0.2607 -0.6849 0.6803
vn -0.0194 0.0404 0.9990
vn -0.7720 -0.5950 0.2238
vn -0.7715 -0.5956 0.2238
vn -0.7721 -0.5953 0.2225
vn -0.3711 -0.1328 -0.9190
vn 0.5806 -0.6346 0.5101
vn 0.6842 0.5970 -0.4188
vn 0.3546 -0.3666 0.8601
vn -0.7752 0.2809 -0.5659
vn 0.1641 0.7875 0.5941
vn 0.1917 -0.7917 -0.5800
vn -0.0853 -0.9368 0.3394
vn -0.0857 -0.9366 0.3398
vn -0.0851 -0.9367 0.3397
vn -0.2402 0.5712 -0.7849
vn -0.5003 -0.8523 0.1526
vn -0.1132 -0.4707 0.8750
vn -0.1136 -0.4711 0.8747
vn -0.1140 -0.4709 0.8748
vn 0.1640 0.4876 -0.8575
vn -0.1134 0.8658 -0.4874
vn 0.9037 -0.3276 -0.2756
vn 0.7733 0.0201 -0.6338
vn -0.0841 0.9447 -0.3170
vn -0.9392 0.2052 -0.2752
vn -0.7410 -0.4010 0.5387
vn 0.0472 -0.9828 -0.1785
vn -0.0471 -0.9830 0.1774
vn 0.7416 -0.4004 -0.5382
vn 0.9395 0.2048 0.2747
vn 0.0843 0.9443 0.3182
vn 0.2987 0.7013 0.6473
vn 0.9356 0.2573 -0.2417
vn -0.0076 -0.9999 0.0069
vn 0.0016 -1.0000 -0.0064
vn 0.0069 -0.9999 -0.0076
vn -0.0021 -1.0000 0.0059
vn -0.9357 0.2554 0.2435
vn -0.9360 0.2550 0.2427
vn -0.9357 0.2561 0.2426
vn -0.2989 0.7016 -0.6468
vn 0.0456 -0.1901 -0.9807
vn 0.1190 -0.4002 0.9087
vn 0.0476 0.9820 0.1830
vn -0.7343 0.4091 -0.5417
vn -0.9341 -0.2154 0.2848
vn -0.0817 -0.9459 0.3139
vn 0.0818 -0.9459 -0.3141
vn 0.9343 -0.2148 -0.2844
vn 0.7342 0.4092 0.5417
vn -0.0477 0.9820 -0.1828
vn 0.0033 0.9999 0.0115
vn 0.9338 -0.2656 0.2396
vn 0.2931 -0.7054 -0.6453
vn -0.2930 -0.7056 0.6452
vn -0.9337 -0.2659 -0.2399
vn -0.9338 -0.2656 -0.2397
vn -0.9336 -0.2662 -0.2398
vn -0.0036 0.9999 -0.0119
vn -0.9394 0.0437 0.3399
vn -0.1093 -0.8038 -0.5848
vn -0.0111 -0.9636 -0.2670
vn 0.9580 -0.0000 -0.2868
vn 0.9885 -0.1513 -0.0050
vn 0.0751 0.9577 -0.2778
vn -0.1282 0.8711 0.4741
vn 0.1090 0.8019 -0.5875
vn 0.1625 0.6954 -0.7000
vn 0.2773 -0.6527 0.7051
vn 0.0316 -0.9913 -0.1275
vn -0.9239 -0.1343 -0.3582
vn -0.0777 -0.7772 0.6244
vn -0.2540 -0.9454 0.2043
vn 0.6539 -0.1510 0.7413
vn 0.9936 0.0057 0.1129
vn 0.4645 0.7540 -0.4645
vn -0.4188 0.5539 0.7196
vn -0.4012 0.4247 0.8116
vn 0.4857 -0.5142 -0.7069
vn -0.5947 -0.2576 0.7616
vn -0.9825 -0.0056 -0.1863
vn -0.1855 0.8489 0.4949
vn 0.2321 0.8639 -0.4471
vn 0.6075 -0.1343 0.7829
vn -0.4541 -0.1524 0.8778
vn -0.0223 0.1848 -0.9825
vn -0.0638 -0.3062 -0.9498
vn -0.5141 0.4118 -0.7524
vn 0.1434 -0.1122 -0.9833
vn -0.1057 0.9036 0.4150
vn -0.8757 -0.2583 -0.4080
vn -0.1401 0.4775 -0.8674
vn -0.1404 0.4787 -0.8667
vn -0.1407 0.4786 -0.8667
vn 0.0960 0.3983 0.9122
vn -0.1028 0.0411 0.9939
vn -0.1024 0.0417 0.9939
vn -0.1017 0.0408 0.9940
vn -0.7647 0.6102 0.2070
vn 0.1810 -0.1640 0.9697
vn -0.0016 0.0015 1.0000
vn -0.0387 -0.0042 0.9992
vn -0.0008 0.0009 1.0000
vn -0.0177 -0.0700 0.9974
vn -0.0015 0.0021 1.0000
vn -0.9408 0.0407 0.3366
vn -0.9411 0.0404 0.3358
vn -0.9411 0.0410 0.3358
vn -0.1099 -0.8080 -0.5788
vn -0.0122 -0.9637 -0.2667
vn 0.9802 -0.1524 0.1264
vn 0.9959 -0.0901 0.0123
vn -0.0981 0.8796 0.4656
vn 0.1091 0.8018 -0.5875
vn 0.1617 0.6974 -0.6982
vn 0.2631 -0.6581 0.7055
vn 0.1082 -0.9681 0.2259
vn -0.9397 0.2712 0.2086
vn -0.9397 0.2708 0.2086
vn -0.9397 0.2713 0.2083
vn -0.9924 -0.0976 -0.0755
vn -0.9925 -0.0970 -0.0749
vn -0.9924 -0.0979 -0.0748
vn -0.0708 0.8578 0.5091
vn -0.2195 -0.9688 0.1150
vn 0.7738 -0.4531 -0.4426
vn 0.8889 0.1482 0.4336
vn 0.8887 0.1480 0.4338
vn -0.1686 0.9787 -0.1175
vn 0.3212 0.7890 0.5238
vn 0.3207 0.7894 0.5234
vn 0.3216 0.7892 0.5232
vn 0.2614 -0.8045 -0.5333
vn -0.0060 -0.9448 0.3275
vn -0.9973 0.0654 -0.0339
vn -0.9474 0.2934 0.1276
vn 0.0147 0.9280 -0.3722
vn -0.1376 0.3002 -0.9439
vn -0.4077 -0.2888 -0.8662
vn -0.3788 0.9038 -0.1994
vn -0.4284 0.7835 -0.4502
vn -0.7348 -0.6683 0.1159
vn -0.1396 -0.7371 -0.6613
vn 0.3881 -0.4968 0.7763
vn 0.4308 0.5741 -0.6963
vn 0.8672 0.4913 0.0812
vn 0.8673 0.4910 0.0813
vn 0.8670 0.4916 0.0812
vn 0.4503 0.8262 -0.3386
vn 0.4506 0.8259 -0.3389
vn 0.4508 0.8261 -0.3382
vn 0.4764 -0.8713 0.1183
vn 0.0972 -0.7689 -0.6319
vn -0.5328 0.3646 0.7637
vn -0.1235 -0.7946 0.5944
vn -0.2635 -0.9604 -0.0905
vn 0.9876 -0.0746 0.1379
vn -0.2639 0.9605 0.0885
vn -0.1223 0.7910 -0.5994
vn 0.1499 0.9648 -0.2163
vn 0.2730 0.7301 -0.6264
vn 0.2734 -0.7300 0.6264
vn 0.1493 -0.9656 0.2129
vn -0.9545 0.1807 0.2372
vn -0.9547 -0.1803 -0.2366
vn -0.4527 0.8216 -0.3464
vn -0.4522 0.8219 -0.3464
vn -0.4523 0.8222 -0.3456
vn 0.1952 0.3477 -0.9171
vn 0.8410 -0.0000 0.5410
vn 0.8413 -0.0000 0.5406
vn 0.8416 0.0001 0.5402
vn 0.8416 -0.0001 0.5401
vn 0.8411 -0.0000 0.5409
vn 0.8043 0.2966 0.5148
vn 0.2180 0.2467 0.9443
vn -0.8804 -0.2597 -0.3969
vn -0.2740 -0.6734 -0.6867
vn 0.4177 0.1506 -0.8960
vn 0.1412 0.7454 0.6515
vn 0.1410 0.7452 0.6517
vn -0.2373 -0.1344 -0.9621
vn -0.7013 0.0065 -0.7129
vn 0.0101 0.0561 -0.9984
vn -0.0348 -0.0038 0.9994
vn -0.0150 -0.0661 0.9977
vn -0.2300 0.7078 0.6679
vn 0.4970 0.3307 0.8022
vn 0.4975 0.3309 0.8018
vn 0.4978 0.3301 0.8020
vn -0.6086 0.7791 -0.1504
vn -0.8415 0.0001 -0.5402
vn -0.8415 -0.0001 -0.5402
vn -0.8410 -0.0000 -0.5410
vn 0.2785 0.6258 -0.7285
vn 0.2791 -0.6289 0.7257
vn 0.4342 0.0001 0.9008
vn 0.4342 0.0006 0.9008
vn 0.2644 -0.2140 0.9404
vn 0.3163 0.4048 0.8579
vn -0.1853 0.4726 -0.8616
vn -0.5293 0.2283 0.8171
vn -0.2229 -0.5806 -0.7831
vn -0.0533 -0.7738 0.6311
vn 0.5863 -0.1217 -0.8009
vn -0.2575 -0.9663 -0.0000
vn -0.2575 0.9663 -0.0000
vn 0.1418 0.8064 -0.5741
vn 0.1418 -0.8064 0.5741
vn -0.1948 -0.0422 0.9799
vn 0.9888 -0.0000 0.1491
vn 0.6262 -0.0182 0.7794
vn 0.0032 0.8720 -0.4895
vn 0.0030 0.8721 -0.4893
vn 0.0027 0.8717 -0.4900
vn -0.0670 0.7229 0.6876
vn 0.7830 -0.0058 -0.6221
vn 0.6736 -0.4282 0.6024
vn -0.1295 -0.6070 -0.7841
vn -0.4325 -0.8233 0.3675
vn -0.2555 0.8830 -0.3937
vn -0.0494 0.3752 -0.9256
vn 0.4957 -0.2978 0.8159
vn 0.0874 -0.0095 0.9961
vn 0.1536 -0.0290 0.9877
vn 0.0671 0.0006 0.9977
vn -0.2112 0.9757 0.0579
vn -0.1950 0.9764 -0.0933
vn -0.8310 -0.5511 0.0753
vn -0.0228 -0.1027 -0.9945
vn -0.0715 -0.4186 -0.9054
vn -0.9601 -0.2780 -0.0305
vn 0.1418 0.1551 -0.9777
vn -0.0870 -0.2534 -0.9634
vn 0.2805 -0.5022 0.8180
vn 0.5808 0.1464 -0.8008
vn 0.3340 -0.2200 0.9165
vn -0.2078 -0.3082 -0.9284
vn -0.1826 0.0784 0.9801
vn 0.1613 0.2094 -0.9644
vn 0.0703 -0.0022 0.9975
vn -0.0469 0.2247 0.9733
vn -0.2583 0.1520 -0.9540
vn -0.4204 -0.1191 0.8995
vn -0.0376 -0.4592 -0.8875
vn -0.2901 -0.0629 0.9549
vn 0.1480 -0.5253 0.8380
vn 0.7787 0.2682 0.5671
vn 0.5023 0.8557 0.1245
vn 0.1569 0.4886 0.8583
vn 0.0037 -0.1706 0.9853
vn 0.0321 0.5738 0.8184
vn 0.0312 0.5743 0.8181
vn 0.0319 0.5748 0.8176
vn -0.0068 0.1848 0.9828
vn 0.0335 -0.9242 0.3804
vn 0.9423 -0.3339 0.0244
vn 0.9420 -0.3348 0.0248
vn 0.9421 -0.3344 0.0251
vn 0.3489 0.0756 -0.9341
vn 0.1807 0.2521 -0.9507
vn -0.0505 -0.1693 0.9843
vn -0.1686 -0.5098 0.8436
vn 0.1678 -0.8016 -0.5738
vn 0.7874 -0.0901 0.6099
vn 0.0092 0.6503 -0.7596
vn -0.2317 0.8977 0.3747
vn -0.8649 0.0561 -0.4988
vn 0.1388 -0.5423 0.8286
vn 0.2401 -0.0549 -0.9692
vn 0.0299 0.3032 0.9524
vn 0.5458 0.1731 -0.8199
vn 0.5448 0.1732 -0.8205
vn 0.5449 0.1730 -0.8205
vn 0.3614 -0.0686 0.9299
vn -0.3586 -0.3850 -0.8504
vn -0.1340 0.1087 0.9850
vn 0.9421 -0.3344 0.0242
vn 0.3488 0.0756 -0.9341
vn 0.1805 0.2518 -0.9508
vn 0.1809 0.2523 -0.9506
vn 0.0054 0.0307 -0.9995
vn 0.0055 0.0301 -0.9995
vn 0.0056 0.0307 -0.9995
vn -0.0822 0.0210 0.9964
vn -0.8216 -0.0793 -0.5645
vn -0.5771 -0.0000 -0.8167
vn 0.1609 -0.4104 -0.8976
vn 0.0578 0.2702 -0.9611
vn 0.1820 0.4741 -0.8615
vn -0.1132 0.0147 -0.9935
vn -0.0157 -0.0373 -0.9992
vn -0.2398 -0.0271 -0.9704
vn 0.0235 -0.2538 -0.9670
vn 0.1157 -0.5383 -0.8348
vn 0.2135 -0.0691 -0.9745
vn -0.0238 0.0167 -0.9996
vn -0.5153 -0.2077 -0.8315
vn 0.0700 0.1333 -0.9886
vn -0.3725 0.2368 -0.8973
vn -0.3722 0.2366 -0.8975
vn -0.0245 0.0390 -0.9989
vn -0.0219 0.0397 -0.9990
vn -0.0268 0.0368 -0.9990
vn -0.0248 0.0349 -0.9991
vn -0.1671 -0.0023 -0.9859
vn -0.0155 0.0242 -0.9996
vn 0.2509 0.2691 -0.9299
vn 0.5012 0.0973 -0.8599
vn 0.1991 -0.9101 -0.3634
vn 0.1988 -0.9098 -0.3644
vn 0.1989 -0.9101 -0.3636
vn 0.1698 0.0702 -0.9830
vn -0.3803 0.1441 0.9136
vn -0.4176 0.2750 -0.8660
vn 0.1871 0.5436 -0.8183
vn 0.1859 0.5432 -0.8188
vn 0.1862 0.5429 -0.8189
vn 0.7097 -0.0244 -0.7041
vn -0.2522 0.0015 -0.9677
vn 0.1390 -0.0000 -0.9903
vn -0.0449 -0.0291 -0.9986
vn -0.0449 -0.0283 -0.9986
vn -0.0451 -0.0286 -0.9986
vn -0.1390 -0.0000 -0.9903
vn 0.0157 0.2170 -0.9760
vn 0.0811 0.3946 -0.9153
vn 0.1529 -0.0507 -0.9869
vn 0.1217 -0.0328 -0.9920
vn 0.1208 -0.0324 -0.9921
vn 0.1209 -0.0325 -0.9921
vn 0.0785 -0.0162 -0.9968
vn 0.0776 -0.0162 -0.9969
vn 0.0785 -0.0165 -0.9968
vn -0.3193 -0.0351 -0.9470
vn 0.3502 -0.0424 -0.9357
vn -0.2698 0.0327 -0.9624
vn -0.6718 -0.0397 -0.7397
vn -0.1004 -0.1418 -0.9848
vn 0.0990 0.0299 -0.9946
vn 0.2590 0.3406 -0.9038
vn -0.1143 -0.1504 -0.9820
vn -0.2893 -0.0318 -0.9567
vn -0.4732 -0.0026 -0.8809
vn -0.3156 0.0451 -0.9478
vn 0.1740 0.3912 -0.9037
vn -0.1090 -0.2451 -0.9633
vn 0.1523 -0.0195 -0.9881
vn -0.7145 0.4019 -0.5728
vn -0.0404 -0.0047 -0.9992
vn -0.1895 0.0455 -0.9808
vn -0.0748 -0.0020 -0.9972
vn -0.0501 0.2395 -0.9696
vn -0.0315 0.2135 -0.9764
vn 0.0235 -0.9583 -0.2847
vn 0.1418 -0.0469 -0.9888
vn 0.8259 0.1951 -0.5290
vn -0.2641 -0.0624 -0.9625
vn -0.4520 -0.0441 -0.8909
vn -0.0452 0.0086 -0.9989
vn 0.1215 0.1741 -0.9772
vn 0.2410 -0.1280 -0.9621
vn -0.6034 0.3264 -0.7276
vn -0.4734 -0.0026 -0.8808
vn -0.3156 0.0452 -0.9478
vn 0.1740 0.3911 -0.9037
vn -0.7145 0.4019 -0.5726
vn -0.7679 0.0131 0.6404
vn -0.7684 0.0135 0.6399
vn -0.7683 0.0139 0.6399
vn 0.0340 -0.1666 0.9854
vn 0.1186 0.5544 0.8238
vn 0.0231 -0.1875 0.9820
vn -0.1457 0.1366 0.9799
vn -0.9888 -0.0000 -0.1491
vn -0.0524 0.1367 0.9892
vn -0.1235 0.0039 0.9923
vn 0.2347 -0.6126 -0.7547
vn -0.1662 0.0254 0.9858
vn -0.4963 0.1938 0.8462
vn -0.4953 0.1934 0.8469
vn -0.4953 0.1933 0.8469
vn 0.2511 0.2932 0.9225
vn -0.1767 0.0368 0.9836
vn 0.2374 -0.0494 0.9702
vn 0.0948 -0.4023 0.9106
vn 0.1870 -0.6463 0.7398
vn 0.1869 -0.6461 0.7400
vn -0.1734 0.0013 0.9849
vn 0.6108 -0.2273 -0.7585
vn -0.1658 -0.0132 0.9861
vn -0.0727 0.1176 0.9904
vn -0.0737 0.1177 0.9903
vn -0.0732 0.1184 0.9903
vn 0.1659 -0.7274 0.6658
vn 0.1306 -0.0787 0.9883
vn 0.1893 0.0461 0.9808
vn 0.0247 -0.0422 0.9988
vn -0.1446 0.0104 -0.9894
vn 0.0617 0.0915 0.9939
vn 0.1151 -0.0124 0.9933
vn -0.2295 0.3399 0.9120
vn 0.1288 -0.6158 0.7773
vn 0.1282 -0.6159 0.7773
vn 0.1284 -0.6149 0.7781
vn 0.2211 0.0082 0.9752
vn 0.5119 0.1453 0.8467
vn -0.0271 0.2165 0.9759
vn -0.2182 0.0673 -0.9736
vn 0.2100 -0.0647 0.9756
vn 0.9667 0.1302 -0.2205
vn 0.0808 0.2517 -0.9644
vn 0.6510 -0.0367 -0.7582
vn 0.6503 -0.0365 -0.7588
vn 0.6503 -0.0367 -0.7588
vn 0.0610 0.0672 -0.9959
vn 0.0347 -0.1691 -0.9850
vn 0.0346 -0.1685 -0.9851
vn 0.0345 -0.1691 -0.9850
vn -0.1466 0.2274 -0.9627
vn -0.1464 0.2271 -0.9628
vn 0.0708 -0.0000 -0.9975
vn 0.4737 -0.1027 -0.8747
vn -0.2627 0.0935 0.9603
vn -0.2625 0.0932 0.9604
vn -0.2622 0.0919 0.9606
vn -0.2601 0.0941 0.9610
vn -0.0886 0.2748 0.9574
vn -0.0865 -0.2438 0.9660
vn 0.0232 0.0002 0.9997
vn 0.0497 -0.0659 0.9966
vn 0.1141 -0.0372 0.9928
vn -0.0003 0.2099 0.9777
vn 0.1586 -0.6143 0.7730
vn 0.0327 0.2760 0.9606
vn -0.8847 -0.2744 0.3768
vn -0.2070 -0.0119 0.9783
vn 0.3631 0.0209 0.9315
vn 0.1693 0.0698 0.9831
vn -0.9573 -0.1790 -0.2270
vn 0.0738 0.0792 0.9941
vn -0.2535 0.9467 0.1989
vn -0.2628 0.0936 0.9603
vn -0.2601 0.0940 0.9610
vn -0.1986 0.6406 -0.7418
vn 0.0728 -0.2350 -0.9693
vn -0.1315 0.4529 -0.8818
vn 0.3378 -0.0877 -0.9371
vn 0.2502 -0.8622 -0.4404
vn 0.2503 -0.8617 -0.4413
vn 0.2502 -0.8618 -0.4412
vn -0.1373 -0.3662 -0.9204
vn 0.1462 0.3899 -0.9092
vn -0.1312 -0.4489 0.8839
vn 0.3385 0.0877 0.9369
vn 0.2477 0.8475 0.4695
vn -0.1381 0.3703 0.9186
vn 0.1477 -0.3960 0.9063
vn -0.3130 0.8983 -0.3083
vn -0.2434 -0.7267 0.6424
vn 0.7027 -0.1457 -0.6964
vn 0.0022 0.4237 0.9058
vn 0.2217 0.8657 0.4487
vn 0.0841 -0.7597 -0.6448
vn 0.1544 0.8776 -0.4538
vn 0.1544 -0.8777 0.4538
vn -0.2194 0.0954 0.9710
vn -0.9486 -0.0783 0.3068
vn -0.1343 -0.4878 0.8626
vn 0.0962 -0.3341 -0.9376
vn 0.2213 -0.1132 0.9686
vn 0.3303 -0.0306 0.9434
vn 0.3104 -0.6982 -0.6452
vn -0.2770 -0.3647 0.8890
vn -0.3744 -0.4559 -0.8074
vn -0.1399 0.2682 0.9531
vn 0.4130 -0.1903 0.8906
vn 0.1296 0.3232 -0.9374
vn 0.3401 -0.1855 0.9219
vn 0.3401 0.1855 -0.9219
vn 0.7624 -0.0000 0.6471
vn 0.1200 -0.0130 0.9927
vn -0.0324 -0.1827 -0.9826
vn 0.4809 0.0003 0.8768
vn 0.0076 0.0417 -0.9991
vn -0.3099 0.0071 -0.9507
vn 0.3419 0.0330 -0.9392
vn -0.8912 -0.0860 -0.4453
vn -0.8913 -0.0859 -0.4452
vn -0.8916 -0.0861 -0.4446
vn -0.6974 -0.0000 -0.7167
vn 0.1165 -0.3343 -0.9352
vn 0.2365 0.4026 -0.8843
vn -0.3802 -0.6473 -0.6607
vn -0.2101 -0.0000 -0.9777
vn -0.0300 -0.0064 -0.9995
vn -0.3400 -0.0252 -0.9401
vn 0.0760 0.0419 -0.9962
vn 0.2213 0.0477 -0.9740
vn -0.0719 0.4591 -0.8855
vn -0.2277 0.9040 0.3619
vn -0.0824 -0.0915 -0.9924
vn -0.5275 -0.2856 -0.8001
vn 0.2010 0.2250 -0.9534
vn -0.8353 0.3849 -0.3926
vn 0.0976 0.0522 -0.9939
vn -0.0517 -0.0476 -0.9975
vn 0.0138 0.5753 -0.8178
vn 0.2134 -0.0000 -0.9770
vn 0.0781 -0.0347 -0.9963
vn 0.0310 0.4471 0.8940
vn -0.2864 -0.9539 -0.0898
vn -0.2864 -0.9540 -0.0887
vn -0.2863 -0.9539 -0.0897
vn 0.2282 0.7602 0.6083
vn 0.0572 -0.3929 0.9178
vn 0.0571 -0.3930 0.9178
vn 0.0568 -0.3915 0.9184
vn -0.0158 -0.0000 0.9999
vn -0.1973 0.1848 0.9628
vn -0.5758 -0.0523 0.8159
vn -0.0293 0.7814 0.6234
vn 0.0569 0.0693 0.9960
vn 0.1186 -0.0516 0.9916
vn -0.1269 0.2854 0.9500
vn 0.4370 0.1897 0.8792
vn -0.9151 -0.3972 -0.0693
vn -0.0065 0.3059 0.9520
vn 0.2545 0.9244 -0.2842
vn -0.7624 -0.0000 -0.6471
vn -0.2310 0.7449 -0.6260
vn 0.3668 -0.0932 -0.9256
vn 0.0977 -0.3152 -0.9440
vn 0.1114 -0.0000 -0.9938
vn 0.3459 -0.0247 -0.9379
vn 0.0205 0.0586 -0.9981
vn 0.0687 -0.0730 -0.9950
vn -0.1653 0.5695 -0.8052
vn 0.4419 -0.1148 -0.8897
vn 0.2626 -0.9047 -0.3355
vn 0.2506 -0.0000 -0.9681
vn -0.1774 -0.4730 -0.8630
vn 0.1874 0.4996 -0.8457
vn -0.2297 -0.7480 0.6227
vn 0.3663 0.0932 0.9258
vn 0.0977 0.3180 0.9430
vn 0.1114 -0.0000 0.9938
vn 0.3462 0.0247 0.9378
vn 0.0203 -0.0585 0.9981
vn 0.0687 0.0723 0.9950
vn -0.1653 -0.5655 0.8080
vn 0.4427 0.1147 0.8893
vn 0.2617 0.8955 0.3599
vn 0.2507 -0.0000 0.9681
vn -0.1782 0.4778 0.8602
vn 0.1889 -0.5064 0.8414
vt 0.000000 0.000000
vt 1.338612 0.078740
vt 1.338612 0.000000
vt 1.031736 0.039370
vt 1.357642 0.078740
vt 1.357642 0.000000
vt 1.050002 0.039370
vt 1.788815 1.509523
vt 1.788815 0.733562
vt 1.788815 1.008143
vt 1.788815 1.149472
vt 1.008143 0.078740
vt 0.916619 0.000000
vt 0.733562 0.078740
vt 1.509523 0.078740
vt 1.389506 0.000000
vt 1.149472 0.078740
vt -1.721933 0.020784
vt -1.986002 0.026247
vt -1.788815 0.078740
vt 1.788815 0.078740
vt 1.986002 0.052493
vt 1.717158 0.011134
vt 0.922943 0.000000
vt 0.856195 0.000000
vt 0.877715 0.078740
vt -0.529459 0.078740
vt -0.557442 0.000000
vt -0.577424 0.078740
vt -1.215198 0.000000
vt -1.282215 0.000000
vt -1.215198 0.078740
vt -1.282215 0.078740
vt 0.428539 0.000000
vt 0.447487 0.078740
vt 0.476330 0.000000
vt 1.469990 0.078740
vt 1.531467 0.078740
vt 1.509605 0.000000
vt -0.942863 0.047244
vt -1.788815 0.000000
vt 0.227472 0.000000
vt 0.227472 0.078740
vt 0.678377 0.000000
vt 0.678377 0.078740
vt 1.788815 0.000000
vt 0.942863 0.031496
vt 1.111111 0.078740
vt 1.621240 0.047244
vt 1.111111 0.000000
vt -1.111111 0.000000
vt -1.621240 0.031496
vt -1.111111 0.078740
vt -1.596027 0.000000
vt -1.596027 0.078740
vt -1.427536 0.039366
vt 5.031967 1.509523
vt 5.031967 0.211320
vt 5.031967 0.856047
vt 5.031967 0.998048
vt 0.856047 0.078740
vt 0.694863 0.000000
vt 0.211320 0.078740
vt 1.083295 0.000000
vt 0.998048 0.078740
vt 0.529645 0.000000
vt 0.529645 0.078740
vt 0.828454 0.052355
vt 6.567064 0.000000
vt 5.362407 0.026247
vt 6.567064 0.078740
vt 6.072227 0.000000
vt 5.957485 0.000000
vt 5.989200 0.078740
vt 0.470039 0.078740
vt 0.459579 0.000000
vt 0.426780 0.078740
vt -3.669724 0.000000
vt -3.712975 0.000000
vt -3.687032 0.078740
vt -5.824669 0.078740
vt -5.709937 0.078740
vt -5.733526 0.000000
vt -6.027779 0.000000
vt -6.141935 0.000000
vt -6.110528 0.078740
vt 5.778632 0.078740
vt 5.893206 0.078740
vt 5.861751 0.000000
vt 5.872643 0.000000
vt 5.738170 0.000000
vt 5.741906 0.078740
vt 0.686223 0.078740
vt 0.765193 0.000000
vt -7.928528 0.078740
vt -7.299953 0.047244
vt -7.928528 0.000000
vt 0.573390 0.000000
vt 0.573390 0.078740
vt 1.397806 0.000000
vt 1.397806 0.078740
vt 7.928528 0.000000
vt 7.299953 0.031496
vt 7.928528 0.078740
vt 0.716737 0.000000
vt 0.716737 0.078740
vt 1.255805 0.000000
vt 1.255805 0.078740
vt 0.921327 0.078740
vt 0.748158 0.000000
vt 0.661552 0.078740
vt -12.512950 0.000000
vt -12.846760 0.026247
vt -12.512950 0.078740
vt -13.330810 0.000000
vt -13.386210 0.000000
vt -13.330810 0.078740
vt 14.062040 0.000000
vt 13.995600 0.000000
vt 14.062040 0.078740
vt 13.995600 0.078740
vt -13.824940 0.078740
vt -13.716180 0.078740
vt -13.728501 0.000000
vt -14.044660 0.000000
vt -14.243680 0.000000
vt -14.241781 0.078740
vt -14.005650 0.078740
vt -13.943110 0.078740
vt -13.974240 0.000000
vt -2.948375 0.000000
vt -2.892441 0.078740
vt -2.881604 0.000000
vt 14.236840 0.000000
vt 14.095020 0.034399
vt 14.236840 0.078740
vt -15.006730 0.000000
vt -15.078850 0.000000
vt -15.043291 0.078740
vt -14.957370 0.078740
vt -14.893460 0.078740
vt -14.920623 0.000000
vt -2.365743 0.000000
vt -2.334410 0.078740
vt -2.295921 0.000000
vt -11.670970 0.000000
vt -11.734040 0.000000
vt -11.706467 0.078740
vt -14.364970 0.078740
vt -14.328570 0.078740
vt -14.344726 0.000000
vt -2.400815 0.000000
vt -2.324836 0.078740
vt -2.297362 0.000000
vt 12.374110 0.078740
vt 12.442760 0.078740
vt 12.408884 0.000000
vt -16.526770 0.000000
vt -16.582170 0.000000
vt -16.526770 0.078740
vt 17.170071 0.078740
vt 17.233110 0.078740
vt 17.215710 0.000000
vt 3.128076 0.000000
vt 3.159149 0.078740
vt 3.197797 0.000000
vt -1.775358 0.078740
vt -1.824239 0.000000
vt -1.860209 0.078740
vt -17.319929 0.000000
vt -17.389080 0.000000
vt -17.350262 0.078740
vt -3.159422 0.000000
vt -3.100294 0.078740
vt -3.076643 0.000000
vt -18.328930 0.078740
vt -18.253960 0.078740
vt -18.310110 0.000000
vt 10.615380 0.078740
vt 10.577984 0.000000
vt 10.549140 0.078740
vt 18.761021 0.000000
vt 18.552292 0.013091
vt 18.761021 0.078740
vt 18.647961 0.078740
vt 1.170334 0.078740
vt 1.058172 0.000000
vt 0.833838 0.078740
vt -18.647961 0.000000
vt -18.745541 0.030085
vt -18.647961 0.078740
vt 18.749580 0.047966
vt 18.647961 0.000000
vt 19.427280 0.078740
vt 19.899719 0.078740
vt 19.499886 0.000000
vt -18.733870 0.078740
vt -18.669781 0.078740
vt -18.704018 0.000000
vt -7.229743 0.078740
vt -7.264728 0.000000
vt -7.293407 0.078740
vt -3.740348 0.000000
vt -3.707935 0.078740
vt -3.671897 0.000000
vt 19.138281 0.078740
vt 19.199841 0.039377
vt 19.138281 0.000000
vt -19.427280 0.000000
vt -19.722731 0.034995
vt -19.427280 0.078740
vt -19.923941 0.078740
vt -19.847710 0.078740
vt -19.881889 0.000000
vt -19.536610 0.000000
vt -19.610121 0.000000
vt -19.587238 0.078740
vt -4.425534 0.078740
vt -4.425534 0.000000
vt -4.498117 0.015185
vt 19.555040 0.000000
vt 19.480989 0.000000
vt 19.555040 0.078740
vt 19.480989 0.078740
vt 4.493965 0.000000
vt 4.537013 0.078740
vt 4.567564 0.000000
vt -21.195009 0.078740
vt -21.131330 0.078740
vt -21.158186 0.000000
vt -3.682613 0.000000
vt -3.651032 0.078740
vt -3.612463 0.000000
vt 19.754240 0.078740
vt 19.811680 0.078740
vt 19.770639 0.000000
vt -2.659496 0.078740
vt -2.710087 0.000000
vt -2.730612 0.078740
vt -16.571840 0.000000
vt -16.635220 0.000000
vt -16.607651 0.078740
vt -20.280279 0.078740
vt -20.243879 0.078740
vt -20.260033 0.000000
vt -3.103837 0.000000
vt -3.027028 0.078740
vt -3.000385 0.000000
vt 22.280769 0.078740
vt 22.753210 0.078740
vt 22.353367 0.000000
vt -21.484730 0.078740
vt -21.420641 0.078740
vt -21.454868 0.000000
vt -8.389180 0.078740
vt -8.424150 0.000000
vt -8.452845 0.078740
vt -4.387360 0.000000
vt -4.354976 0.078740
vt -4.318908 0.000000
vt 21.949829 0.078740
vt 22.011391 0.039377
vt 21.949829 0.000000
vt -22.280769 0.000000
vt -22.576220 0.034995
vt -22.280769 0.078740
vt 2.953503 0.078740
vt 2.953503 0.000000
vt 2.645864 0.039369
vt -1.547883 1.357597
vt -1.166918 1.395114
vt -0.752406 1.327481
vt -1.986002 1.078806
vt -1.717158 0.838966
vt -1.721933 1.437025
vt -1.482597 0.946033
vt -1.340604 1.151025
vt -1.307872 0.784700
vt -1.296982 0.932796
vt -1.270857 1.047272
vt -1.024693 0.964740
vt -0.881675 0.965809
vt -3.097113 1.509523
vt -3.181237 0.211320
vt -3.265361 1.509523
vt -2.866613 1.300158
vt -2.615747 1.237788
vt -2.452233 0.521527
vt -4.357693 0.834345
vt -4.695202 1.379668
vt -4.315238 1.286066
vt -5.463276 0.483242
vt -5.734175 1.141134
vt -5.669496 1.155470
vt -6.172166 1.095084
vt -6.323535 1.200305
vt -6.506480 0.497977
vt -6.030512 0.529645
vt -6.094943 0.764857
vt -5.833676 0.887322
vt -8.311461 0.211320
vt -8.228683 1.509523
vt -8.145905 0.211320
vt -9.378208 1.397753
vt -9.505460 0.429293
vt -9.628962 1.374627
vt -11.044490 0.778314
vt -10.795701 1.125347
vt -10.202093 0.660290
vt -11.395790 1.323104
vt -11.519888 0.632613
vt -11.593650 1.323104
vt -11.557491 0.342807
vt -11.512501 0.484331
vt -11.410949 0.369421
vt -14.360902 0.906909
vt -13.907084 0.523691
vt -14.038746 0.604482
vt -14.446460 0.332458
vt -14.267450 0.412603
vt -14.204098 0.435348
vt -14.037951 0.483650
vt -14.878870 0.844732
vt -14.724716 1.378962
vt -15.089271 0.439980
vt -15.029926 0.503118
vt -15.105169 0.831570
vt -15.203493 0.985474
vt -15.678710 0.332458
vt -15.585165 1.378962
vt -15.491620 0.332458
vt -16.024937 1.346254
vt -15.879554 1.323989
vt -15.973875 1.209018
vt -15.869840 1.039774
vt -15.963385 0.332458
vt -16.056931 1.039774
vt -17.551105 0.795843
vt -17.607475 1.013289
vt -17.356394 0.869295
vt -17.143223 0.893418
vt -17.372459 0.528146
vt -17.446001 0.217780
vt -19.124786 1.114871
vt -18.966644 1.283992
vt -19.007120 0.786470
vt -18.885593 0.899457
vt -18.876564 1.127840
vt -18.552292 0.449849
vt -18.647961 1.058172
vt -18.456150 1.323104
vt -19.757956 0.981954
vt -19.722731 0.756444
vt -19.787359 0.468669
vt -19.680206 0.880115
vt -19.499384 0.864453
vt -19.376919 0.961215
vt -19.340710 0.473738
vt -20.612066 0.476799
vt -20.634558 0.946844
vt -20.484722 0.846693
vt -20.377085 0.514078
vt -20.251518 1.020530
vt -20.251396 0.834247
vt -20.108299 0.426084
vt -20.023207 0.783280
vt -20.895750 1.039774
vt -21.098505 0.257942
vt -21.252979 0.948335
vt -21.294250 0.503179
vt -21.512737 0.483833
vt -21.270000 0.850366
vt -21.943600 0.332458
vt -21.850056 1.378962
vt -21.756510 0.332458
vt -22.611443 0.981951
vt -22.576220 0.756444
vt -22.640848 0.468666
vt -22.533695 0.880113
vt -22.352875 0.864460
vt -22.230394 0.961202
vt -22.194195 0.473740
vt -22.912710 1.323104
vt -23.015133 1.016892
vt -23.076250 1.323104
vt 1.986002 1.078806
vt 1.619894 0.733562
vt 1.619894 1.509523
vt 1.025036 0.988781
vt 0.994569 0.799781
vt 0.870958 1.068947
vt 1.270668 0.909470
vt 1.404883 1.070103
vt 1.297360 1.024429
vt 1.401784 0.815040
vt 5.233192 0.927046
vt 4.862372 0.860419
vt 5.833283 0.685999
vt 6.415978 0.459990
vt 5.463276 0.483242
vt 5.698249 1.248247
vt 6.098661 0.529645
vt 6.098661 0.765193
vt 5.751566 0.973353
vt 6.172169 1.079481
vt 6.346120 1.061652
vt 5.759657 1.194073
vt 14.033949 0.894232
vt 14.335587 0.397067
vt 14.246508 0.592490
vt 14.047013 0.620019
vt 14.216410 0.393593
vt 14.043213 0.493041
vt 13.894887 0.509028
vt 14.353209 0.961044
vt 14.894249 0.563664
vt 15.026400 0.388033
vt 14.842252 1.110864
vt 15.215253 0.854975
vt 15.020443 0.888140
vt 17.492840 0.352069
vt 17.137859 0.442062
vt 17.292448 0.519863
vt 17.283062 0.819851
vt 17.326637 0.967190
vt 17.475386 0.873254
vt 17.756241 1.039774
vt 17.467424 0.136231
vt 18.647961 0.603273
vt 18.958471 0.740988
vt 18.874617 0.877609
vt 18.887489 1.106719
vt 19.094114 1.102314
vt 18.464886 1.323015
vt 18.647961 1.170334
vt 18.456150 0.332458
vt 19.789497 0.981874
vt 19.898479 0.652058
vt 19.722731 0.756444
vt 19.679863 0.880254
vt 19.414062 0.955688
vt 19.387278 0.517816
vt 20.268017 0.847520
vt 20.079271 0.477335
vt 20.096550 0.917842
vt 20.360332 0.522979
vt 20.558737 0.980798
vt 20.521460 0.373845
vt 20.494865 0.853555
vt 20.733440 0.660390
vt 21.196217 0.835735
vt 20.989609 0.006730
vt 21.043354 1.024057
vt 21.148651 0.459154
vt 21.480410 0.855499
vt 21.426888 0.400792
vt 22.642986 0.981871
vt 22.751972 0.652065
vt 22.576220 0.756444
vt 22.533356 0.880250
vt 22.267544 0.955688
vt 22.240767 0.517817
vt 7.466182 0.716737
vt 7.928528 0.573390
vt 7.760280 0.716737
vt 7.686338 1.255805
vt 7.299953 0.573390
vt 7.928528 1.397806
vt 7.299953 1.397806
vt 1.111111 0.424213
vt 1.788815 0.227472
vt 1.621240 0.368127
vt 1.621240 0.536375
vt 0.942863 0.452922
vt 1.788815 0.678377
vt -7.466182 1.255805
vt -7.928528 1.397806
vt -7.760280 1.255805
vt -7.686338 0.716737
vt -7.299953 1.397806
vt -7.928528 0.573390
vt -7.299953 0.573390
vt -1.111111 0.480292
vt -1.788815 0.678377
vt -1.621240 0.536375
vt -1.621240 0.368127
vt -0.942863 0.452922
vt -1.788815 0.227472
vt 2.872494 0.000000
vt 2.266988 0.000000
vt 2.462092 0.984252
vt -5.429148 0.984252
vt -4.821204 0.683746
vt -5.429148 0.000000
vt 4.226958 0.000000
vt 4.398850 0.984252
vt 4.660492 0.000000
vt 7.083128 0.984252
vt 7.640808 0.984252
vt 7.442435 0.000000
vt 5.207994 0.000000
vt 4.528285 0.000000
vt 4.701347 0.984252
vt -3.982765 0.984252
vt -3.307259 0.984252
vt -3.488423 0.000000
vt -10.274720 0.984252
vt -2.600733 0.590549
vt -10.274720 0.000000
vt 0.146520 0.000000
vt 0.146520 0.984252
vt 4.236874 0.000000
vt 4.236874 0.984252
vt 10.274720 0.000000
vt 2.600733 0.393700
vt 10.274720 0.984252
vt 4.126984 0.984252
vt 8.754579 0.590549
vt 4.126984 0.000000
vt -4.126984 0.000000
vt -8.754579 0.393700
vt -4.126984 0.984252
vt -2.887668 0.984252
vt -2.887668 0.000000
vt -5.598290 0.984252
vt -5.598290 0.000000
vt -43.279060 0.984252
vt -42.543468 0.984252
vt -42.883339 0.000000
vt -38.828152 0.000000
vt -39.561409 0.000000
vt -39.284752 0.984252
vt -46.483521 0.000000
vt -49.224659 0.492125
vt -46.483521 0.984252
vt -26.768480 0.000000
vt -27.160830 0.000000
vt -26.925385 0.984252
vt -42.774990 0.984252
vt -41.734211 0.984252
vt -41.948250 0.000000
vt -44.180809 0.000000
vt -45.216370 0.000000
vt -44.931038 0.984252
vt -44.975578 0.984252
vt -42.545792 0.984252
vt -44.165649 0.000000
vt -5.024420 0.410025
vt 2.887668 0.000000
vt 2.887668 0.984252
vt 5.024420 0.000000
vt 5.024420 0.984252
vt -61.575089 0.984252
vt -55.873020 0.590549
vt -61.575089 0.000000
vt 3.284493 0.000000
vt 3.284493 0.984252
vt 10.763130 0.000000
vt 10.763130 0.984252
vt 61.575089 0.000000
vt 55.873016 0.393700
vt 61.575089 0.984252
vt 4.584859 0.000000
vt 4.584859 0.984252
vt 9.474970 0.000000
vt 9.474970 0.984252
vt 75.476189 11.538460
vt 75.476189 0.347985
vt 75.476189 5.598290
vt 75.476189 6.886447
vt 5.598290 0.984252
vt 3.848190 0.000000
vt 0.347985 0.984252
vt 11.538460 0.984252
vt 9.987786 0.000000
vt 6.886447 0.984252
vt 6.440782 0.984252
vt 4.869883 0.000000
vt 4.084249 0.984252
vt -87.991463 0.984252
vt -81.752136 0.590549
vt -87.991463 0.000000
vt 13.220490 0.984252
vt 13.220490 0.000000
vt 6.953320 0.492125
vt -8.089133 10.124037
vt -4.224691 10.738710
vt -0.873016 10.125153
vt -10.274720 6.926132
vt -9.117640 11.776560
vt -8.742369 4.737485
vt -7.496650 6.664378
vt -6.208808 8.524508
vt -5.911814 5.201130
vt -5.813054 6.544718
vt -5.576092 7.583305
vt -2.456773 6.429750
vt -2.259012 8.375737
vt -22.142860 11.776560
vt -22.905994 0.000000
vt -23.669109 11.776560
vt -13.440570 3.644212
vt -16.004499 10.663795
vt -14.174338 9.603598
vt -33.760681 11.776560
vt -34.148125 0.000000
vt -35.299141 8.477418
vt -26.594017 3.431247
vt -32.244183 10.598492
vt -29.354624 9.328264
vt -39.002342 2.418458
vt -41.669090 8.434875
vt -41.186222 8.959209
vt -45.636795 8.173651
vt -47.135147 7.793625
vt -44.165649 2.887668
vt -44.941879 5.021372
vt -42.572002 6.132195
vt -49.224655 2.494471
vt -65.048843 0.000000
vt -64.297943 11.776560
vt -63.547009 0.000000
vt -94.494965 1.192744
vt -94.562218 2.451567
vt -93.191422 1.829759
vt 5.574403 6.333217
vt 2.343903 6.918436
vt 3.326692 6.974081
vt 6.791718 7.790290
vt 5.816466 7.376173
vt 6.762863 5.475863
vt 16.533243 2.701992
vt 16.926115 9.729735
vt 18.693745 7.695665
vt 42.043159 2.887668
vt 49.224659 2.394804
vt 38.296700 2.255798
vt 45.700932 5.970204
vt 40.535728 8.114975
vt 44.355103 5.023630
vt 46.516792 5.625131
vt 46.464867 9.231113
vt 45.682472 8.980043
vt 41.900211 8.914928
vt 76.941521 2.012185
vt 73.974358 5.569797
vt 57.380951 4.584859
vt 61.575089 3.284493
vt 60.048840 4.584859
vt 59.374760 9.474970
vt 55.873020 3.284493
vt 61.575089 10.763130
vt 55.873020 10.763130
vt 4.126984 1.931222
vt 10.274720 0.146520
vt 8.754579 1.422466
vt 8.754579 2.948718
vt 2.600733 2.191697
vt 10.274720 4.236874
vt -57.380951 9.474970
vt -61.575089 10.763130
vt -60.048840 9.474970
vt -59.374760 4.584859
vt -55.873020 10.763130
vt -61.575089 3.284493
vt -55.873020 3.284493
vt -4.126984 2.439971
vt -10.274720 4.236874
vt -8.754579 2.948718
vt -8.754579 1.422466
vt -2.600733 2.191697
vt -10.274720 0.146520
s 1
f 3/1/1 2/1/1 1/1/1
f 6/1/1 5/1/1 4/1/1
f 8/1/2 10/1/2 7/1/2
f 9/1/3 7/1/3 10/1/3
f 9/1/4 10/1/4 11/1/4
f 12/1/5 11/1/5 10/1/5
f 8/1/6 7/1/6 12/1/6
f 11/1/7 12/1/7 7/1/7
f 13/1/8 8/1/8 11/1/8
f 14/1/9 11/1/9 8/1/9
f 15/1/10 9/1/10 14/1/10
f 11/1/11 14/1/11 9/1/11
f 15/1/12 8/1/12 9/1/12
f 13/1/13 9/1/13 8/1/13
f 18/1/14 16/1/14 17/1/14
f 33/1/15 22/1/15 23/1/15
f 24/1/16 23/1/16 22/1/16
f 25/1/17 24/1/17 22/1/17
f 25/1/18 26/1/18 24/1/18
f 37/1/19 24/1/19 26/1/19
f 26/1/20 28/1/20 37/1/20
f 27/1/21 37/1/21 28/1/21
f 27/1/22 28/1/22 29/1/22
f 23/1/23 29/1/23 33/1/23
f 30/1/24 25/1/24 37/1/24
f 31/1/25 37/1/25 25/1/25
f 32/1/26 31/1/26 25/1/26
f 23/1/27 31/1/27 32/1/27
f 23/1/28 32/1/28 37/1/28
f 30/1/29 37/1/29 32/1/29
f 35/1/30 34/1/30 33/1/30
f 28/1/31 35/1/31 33/1/31
f 28/1/32 36/1/32 35/1/32
f 37/1/33 35/1/33 36/1/33
f 33/1/34 37/1/34 36/1/34
f 37/1/35 33/1/35 34/1/35
f 38/1/36 40/1/36 39/1/36
f 47/1/37 50/1/37 52/1/37
f 47/1/38 52/1/38 48/1/38
f 52/1/39 49/1/39 48/1/39
f 50/1/40 48/1/40 49/1/40
f 51/1/41 50/1/41 49/1/41
f 51/1/42 52/1/42 50/1/42
f 49/1/43 53/1/43 47/1/43
f 50/1/44 47/1/44 53/1/44
f 53/1/45 54/1/45 50/1/45
f 47/1/46 54/1/46 49/1/46
f 56/1/47 55/1/47 57/1/47
f 15/1/48 12/1/48 10/1/48
f 10/1/48 8/1/48 15/1/48
f 14/1/48 12/1/48 15/1/48
f 8/1/48 12/1/48 14/1/48
f 21/1/49 20/1/49 19/1/49
f 28/1/48 26/1/48 36/1/48
f 33/1/48 36/1/48 26/1/48
f 29/1/50 28/1/50 33/1/50
f 33/1/48 26/1/48 30/1/48
f 30/1/48 32/1/48 33/1/48
f 33/1/48 32/1/48 22/1/48
f 30/1/48 26/1/48 25/1/48
f 25/1/48 22/1/48 32/1/48
f 43/1/51 42/1/51 41/1/51
f 46/1/52 45/1/52 44/1/52
f 51/1/53 49/1/53 54/1/53
f 51/1/54 54/1/54 52/1/54
f 54/1/55 53/1/55 52/1/55
f 49/1/48 52/1/48 53/1/48
f 13/1/56 7/1/56 9/1/56
f 7/1/56 13/1/56 11/1/56
f 35/1/56 37/1/56 27/1/56
f 27/1/57 29/1/57 35/1/57
f 35/1/58 29/1/58 34/1/58
f 29/1/59 23/1/59 34/1/59
f 34/1/56 23/1/56 37/1/56
f 37/1/56 31/1/56 24/1/56
f 23/1/56 24/1/56 31/1/56
f 54/1/60 47/1/60 48/1/60
f 50/1/61 54/1/61 48/1/61
f 61/1/1 60/1/1 59/1/1
f 62/1/1 63/1/1 64/1/1
f 66/1/2 67/1/2 65/1/2
f 68/1/3 65/1/3 67/1/3
f 68/1/4 67/1/4 69/1/4
f 70/1/5 69/1/5 67/1/5
f 66/1/62 65/1/62 70/1/62
f 69/1/7 70/1/7 65/1/7
f 71/1/8 66/1/8 69/1/8
f 72/1/9 69/1/9 66/1/9
f 73/1/63 68/1/63 72/1/63
f 69/1/11 72/1/11 68/1/11
f 73/1/12 66/1/12 68/1/12
f 71/1/13 68/1/13 66/1/13
f 75/1/64 74/1/64 58/1/64
f 79/1/65 80/1/65 81/1/65
f 90/1/66 88/1/66 89/1/66
f 73/1/48 70/1/48 67/1/48
f 67/1/48 66/1/48 73/1/48
f 72/1/48 70/1/48 73/1/48
f 66/1/48 70/1/48 72/1/48
f 78/1/49 77/1/49 76/1/49
f 84/1/67 83/1/67 82/1/67
f 85/1/68 87/1/68 86/1/68
f 71/1/56 65/1/56 68/1/56
f 65/1/56 71/1/56 69/1/56
f 292/1/69 294/1/70 293/1/71
f 294/1/72 296/1/72 293/1/72
f 295/1/73 293/1/73 296/1/73
f 297/1/74 295/1/74 296/1/74
f 297/1/75 291/1/75 295/1/75
f 292/1/76 295/1/76 291/1/76
f 325/1/77 324/1/77 323/1/77
f 323/1/78 326/1/78 325/1/78
f 325/1/79 326/1/79 327/1/79
f 326/1/80 322/1/80 327/1/80
f 327/1/81 330/1/81 328/1/81
f 330/1/82 324/1/82 329/1/82
f 324/1/83 330/1/83 327/1/83
s 0
f 339/1/84 340/1/84 341/1/84
f 339/1/56 341/1/56 342/1/56
s 1
f 341/1/85 287/1/85 340/1/85
f 339/1/86 287/1/86 342/1/86
f 290/1/87 289/1/87 288/1/87
f 297/1/88 296/1/88 299/1/88
f 299/1/89 296/1/89 300/1/89
f 296/1/90 294/1/90 300/1/90
f 297/1/91 299/1/91 291/1/91
f 300/1/92 294/1/92 298/1/92
f 299/1/93 298/1/93 291/1/93
f 298/1/94 294/1/94 291/1/94
f 291/1/95 294/1/95 292/1/95
f 303/1/96 302/1/96 301/1/96
f 304/1/97 306/1/97 305/1/97
f 307/1/98 309/1/98 308/1/98
f 310/1/99 312/1/99 311/1/99
f 314/1/100 313/1/100 315/1/100
f 318/1/101 317/1/101 316/1/101
f 321/1/102 320/1/102 319/1/102
f 322/1/103 330/1/103 323/1/103
f 330/1/104 329/1/104 323/1/104
f 329/1/105 328/1/106 323/1/107
f 323/1/108 328/1/108 326/1/108
f 322/1/109 326/1/109 330/1/109
f 330/1/110 326/1/110 328/1/110
f 332/1/111 286/1/111 331/1/111
f 335/1/112 334/1/112 333/1/112
f 338/1/113 337/1/113 336/1/113
f 344/1/114 343/1/114 345/1/114
f 299/1/115 292/1/115 293/1/115
f 298/1/116 299/1/116 293/1/116
f 300/1/117 298/1/117 293/1/117
f 295/1/118 300/1/119 293/1/120
f 295/1/121 292/1/121 299/1/121
f 300/1/122 295/1/122 299/1/122
f 322/1/123 323/1/123 324/1/123
f 322/1/124 324/1/124 327/1/124
f 324/1/125 325/1/125 329/1/125
f 329/1/126 325/1/126 328/1/126
f 328/1/127 325/1/127 327/1/127
f 287/1/128 342/1/128 341/1/128
f 339/1/128 340/1/128 287/1/128
s 0
f 347/1/84 348/1/84 349/1/84
f 347/1/129 349/1/129 350/1/129
f 351/1/56 352/1/56 353/1/56
f 351/1/84 353/1/84 354/1/84
f 357/1/56 358/1/56 359/1/56
f 357/1/129 359/1/129 360/1/129
s 1
f 359/1/130 346/1/131 358/1/132
f 357/1/133 361/1/133 360/1/133
f 361/1/134 362/1/134 360/1/134
f 359/1/135 362/1/135 346/1/135
f 363/1/136 364/1/136 365/1/136
f 368/1/137 366/1/137 367/1/137
f 369/1/84 370/1/84 367/1/84
f 368/1/84 367/1/84 370/1/84
f 369/1/138 366/1/138 370/1/138
f 373/1/139 371/1/139 372/1/139
f 372/1/140 374/1/140 373/1/140
f 380/1/141 379/1/141 378/1/141
f 386/1/142 382/1/142 381/1/142
f 383/1/143 381/1/143 382/1/143
f 384/1/144 383/1/145 382/1/146
f 388/1/147 385/1/148 386/1/149
f 386/1/150 387/1/150 388/1/150
f 388/1/151 387/1/151 383/1/151
f 387/1/152 385/1/152 383/1/152
f 392/1/153 393/1/153 394/1/153
f 393/1/72 396/1/72 394/1/72
f 395/1/154 394/1/154 396/1/154
f 397/1/155 395/1/155 396/1/155
f 397/1/75 398/1/75 395/1/75
f 392/1/76 395/1/76 398/1/76
f 408/1/156 410/1/156 409/1/156
f 412/1/157 413/1/157 411/1/157
f 425/1/158 417/1/158 421/1/158
f 421/1/159 420/1/159 425/1/159
f 422/1/160 423/1/160 424/1/160
f 426/1/161 423/1/161 425/1/161
f 422/1/162 426/1/162 425/1/162
f 424/1/163 426/1/164 422/1/165
f 428/1/166 429/1/166 427/1/166
f 430/1/167 429/1/168 431/1/169
f 427/1/170 430/1/170 431/1/170
f 434/1/171 433/1/171 435/1/171
f 435/1/172 432/1/172 434/1/172
f 442/1/173 444/1/173 443/1/173
f 445/1/174 443/1/174 444/1/174
f 446/1/175 445/1/175 444/1/175
f 448/1/176 447/1/176 442/1/176
f 442/1/150 449/1/150 448/1/150
f 448/1/151 449/1/151 445/1/151
f 449/1/152 447/1/152 445/1/152
f 453/1/177 454/1/177 455/1/177
f 456/1/178 461/1/178 457/1/178
f 456/1/179 464/1/179 458/1/179
f 459/1/180 458/1/180 464/1/180
f 460/1/181 459/1/181 464/1/181
f 459/1/182 460/1/182 461/1/182
f 460/1/183 457/1/183 461/1/183
f 462/1/184 465/1/184 464/1/184
f 468/1/185 466/1/185 467/1/185
f 469/1/84 470/1/84 467/1/84
f 468/1/84 467/1/84 470/1/84
f 469/1/186 466/1/186 470/1/186
f 473/1/187 471/1/187 472/1/187
f 472/1/188 474/1/188 473/1/188
f 347/1/189 475/1/189 350/1/189
f 349/1/190 476/1/190 348/1/190
f 349/1/191 477/1/191 476/1/191
f 475/1/192 477/1/192 350/1/192
f 491/1/193 498/1/193 490/1/193
f 490/1/194 492/1/194 491/1/194
f 497/1/195 492/1/195 498/1/195
f 498/1/196 492/1/196 499/1/196
f 501/1/197 493/1/197 496/1/197
f 500/1/198 496/1/198 493/1/198
f 508/1/199 503/1/199 502/1/199
f 505/1/200 502/1/200 503/1/200
f 505/1/201 507/1/201 504/1/201
f 506/1/202 504/1/202 507/1/202
f 508/1/203 506/1/203 507/1/203
f 506/1/204 508/1/204 502/1/204
f 509/1/205 511/1/205 507/1/205
f 512/1/206 514/1/206 513/1/206
f 516/1/207 517/1/207 515/1/207
f 523/1/208 518/1/208 519/1/208
f 520/1/209 519/1/209 518/1/209
f 521/1/210 519/1/210 520/1/210
f 520/1/211 522/1/211 521/1/211
f 521/1/212 522/1/212 524/1/212
f 523/1/213 524/1/213 522/1/213
f 524/1/214 525/1/214 518/1/214
f 518/1/215 526/1/215 524/1/215
f 529/1/216 534/1/216 528/1/216
f 529/1/217 530/1/218 534/1/219
f 531/1/220 532/1/220 530/1/220
f 531/1/221 527/1/221 532/1/221
f 537/1/222 533/1/222 534/1/222
f 536/1/223 534/1/223 533/1/223
f 535/1/84 536/1/84 533/1/84
f 535/1/224 537/1/224 536/1/224
f 544/1/153 545/1/153 546/1/153
f 545/1/72 548/1/72 546/1/72
f 547/1/154 546/1/154 548/1/154
f 549/1/155 547/1/155 548/1/155
f 549/1/225 550/1/225 547/1/225
f 544/1/76 547/1/76 550/1/76
f 571/1/226 566/1/226 567/1/226
f 568/1/227 567/1/227 566/1/227
f 575/1/228 569/1/228 568/1/228
f 570/1/229 569/1/229 575/1/229
f 573/1/230 571/1/230 574/1/230
f 575/1/231 574/1/231 571/1/231
f 572/1/232 574/1/232 575/1/232
f 580/1/233 581/1/233 579/1/233
f 580/1/221 576/1/221 581/1/221
f 579/1/234 582/1/234 583/1/234
f 584/1/235 583/1/235 582/1/235
f 582/1/236 585/1/236 584/1/236
f 579/1/237 583/1/237 585/1/237
f 596/1/238 597/1/238 603/1/238
f 598/1/239 603/1/239 597/1/239
f 599/1/240 598/1/240 597/1/240
f 595/1/241 598/1/241 599/1/241
f 602/1/242 600/1/242 601/1/242
f 604/1/243 603/1/243 602/1/243
f 601/1/244 603/1/244 604/1/244
f 608/1/245 610/1/245 609/1/245
f 611/1/246 612/1/246 613/1/246
s 0
f 614/1/129 615/1/129 616/1/129
f 614/1/84 616/1/84 617/1/84
s 1
f 351/1/84 615/1/84 354/1/84
f 616/1/84 354/1/84 615/1/84
f 351/1/247 618/1/247 615/1/247
f 614/1/248 618/1/248 352/1/248
f 353/1/84 617/1/84 352/1/84
f 614/1/84 352/1/84 617/1/84
f 353/1/249 619/1/249 617/1/249
f 616/1/250 619/1/250 354/1/250
f 627/1/251 624/1/251 623/1/251
f 625/1/252 623/1/252 624/1/252
f 629/1/253 624/1/253 628/1/253
f 628/1/254 630/1/254 623/1/254
f 623/1/255 630/1/255 629/1/255
f 630/1/256 624/1/256 629/1/256
f 632/1/257 634/1/257 633/1/257
f 635/1/258 633/1/258 634/1/258
f 631/1/259 635/1/259 637/1/259
f 637/1/260 633/1/260 636/1/260
f 638/1/261 633/1/261 637/1/261
f 636/1/262 638/1/262 634/1/262
f 656/1/263 655/1/263 654/1/263
f 656/1/264 657/1/264 655/1/264
f 658/1/265 659/1/265 657/1/265
f 658/1/266 653/1/266 659/1/266
f 663/1/267 660/1/267 659/1/267
f 655/1/268 659/1/268 660/1/268
f 661/1/84 662/1/84 660/1/84
f 655/1/269 660/1/269 662/1/269
f 661/1/270 663/1/270 662/1/270
s 0
f 664/1/56 665/1/56 666/1/56
f 664/1/129 666/1/129 667/1/129
s 1
f 666/1/271 668/1/272 665/1/273
f 664/1/133 356/1/133 667/1/133
f 356/1/134 669/1/134 667/1/134
f 666/1/274 669/1/274 668/1/274
s 0
f 670/1/129 671/1/129 672/1/129
f 670/1/84 672/1/84 673/1/84
s 1
f 672/1/275 674/1/275 671/1/275
f 670/1/275 674/1/275 673/1/275
f 678/1/276 680/1/277 679/1/278
f 681/1/279 679/1/279 680/1/279
f 680/1/280 683/1/281 677/1/282
f 683/1/283 679/1/283 682/1/283
f 684/1/284 679/1/284 683/1/284
f 690/1/285 686/1/285 685/1/285
f 687/1/286 688/1/286 689/1/286
f 689/1/287 688/1/287 691/1/287
f 690/1/288 691/1/288 688/1/288
f 685/1/289 691/1/289 690/1/289
f 693/1/290 686/1/290 689/1/290
f 689/1/291 686/1/291 692/1/291
f 362/1/292 346/1/292 361/1/292
f 376/1/293 377/1/293 375/1/293
f 382/1/294 386/1/294 385/1/294
f 384/1/295 386/1/295 381/1/295
f 387/1/296 382/1/296 385/1/296
f 387/1/297 386/1/297 384/1/297
f 382/1/298 387/1/298 384/1/298
f 391/1/87 390/1/87 389/1/87
f 397/1/88 396/1/88 400/1/88
f 400/1/299 396/1/299 401/1/299
f 396/1/300 393/1/300 401/1/300
f 397/1/301 400/1/301 398/1/301
f 401/1/302 393/1/302 399/1/302
f 400/1/93 399/1/93 398/1/93
f 399/1/303 393/1/303 398/1/303
f 398/1/304 393/1/304 392/1/304
f 404/1/305 403/1/305 402/1/305
f 407/1/306 406/1/306 405/1/307
f 415/1/308 414/1/308 416/1/308
f 423/1/309 418/1/310 417/1/311
f 419/1/312 418/1/310 423/1/309
f 425/1/313 423/1/313 417/1/313
f 422/1/314 419/1/314 423/1/314
f 425/1/315 419/1/315 422/1/315
f 420/1/316 419/1/316 425/1/316
f 435/1/317 429/1/317 428/1/317
f 432/1/318 435/1/318 428/1/318
f 428/1/319 431/1/319 432/1/319
f 432/1/320 431/1/320 433/1/320
f 435/1/321 431/1/321 429/1/321
f 433/1/322 431/1/322 435/1/322
f 427/1/323 431/1/323 428/1/323
f 438/1/324 437/1/324 436/1/324
f 440/1/325 439/1/325 441/1/325
f 444/1/326 442/1/326 447/1/326
f 446/1/327 442/1/327 443/1/327
f 449/1/296 444/1/296 447/1/296
f 449/1/297 442/1/297 446/1/297
f 444/1/328 449/1/328 446/1/328
f 452/1/329 451/1/329 450/1/329
f 460/1/330 464/1/330 465/1/330
f 460/1/331 465/1/331 457/1/331
f 465/1/332 463/1/332 457/1/332
f 464/1/333 456/1/333 462/1/333
f 463/1/334 462/1/335 457/1/336
f 462/1/337 456/1/337 457/1/337
f 477/1/338 350/1/338 349/1/338
f 476/1/339 475/1/339 348/1/339
f 347/1/340 348/1/340 475/1/340
f 479/1/341 478/1/341 480/1/341
f 483/1/342 482/1/342 481/1/342
f 484/1/343 486/1/343 485/1/343
f 488/1/344 487/1/344 489/1/344
f 495/1/345 490/1/345 498/1/345
f 497/1/346 490/1/347 495/1/348
f 499/1/349 490/1/349 497/1/349
f 492/1/350 490/1/350 499/1/350
f 494/1/351 492/1/351 493/1/351
f 493/1/352 492/1/352 500/1/352
f 492/1/353 497/1/353 500/1/353
f 500/1/354 497/1/354 501/1/354
f 493/1/355 501/1/355 494/1/355
f 497/1/356 495/1/356 501/1/356
f 501/1/357 495/1/357 494/1/357
f 508/1/358 507/1/358 511/1/358
f 511/1/359 510/1/360 508/1/361
f 508/1/361 510/1/360 503/1/362
f 507/1/363 505/1/364 509/1/365
f 510/1/366 509/1/366 503/1/366
f 509/1/367 505/1/367 503/1/367
f 525/1/368 520/1/369 518/1/370
f 526/1/371 520/1/371 525/1/371
f 526/1/372 518/1/372 523/1/372
f 522/1/373 520/1/373 526/1/373
f 523/1/374 522/1/374 526/1/374
f 537/1/375 530/1/375 533/1/375
f 530/1/376 537/1/376 531/1/376
f 529/1/377 533/1/377 530/1/377
f 537/1/378 535/1/378 531/1/378
s 0
f 533/1/56 529/1/56 535/1/56
s 1
f 531/1/379 535/1/379 527/1/379
s 0
f 529/1/56 528/1/56 535/1/56
s 1
f 535/1/380 528/1/380 527/1/380
f 534/1/381 527/1/381 528/1/381
f 538/1/382 540/1/382 539/1/382
f 541/1/383 543/1/383 542/1/383
f 549/1/88 548/1/88 552/1/88
f 552/1/384 548/1/385 553/1/386
f 548/1/387 545/1/387 553/1/387
f 549/1/388 552/1/388 550/1/388
f 553/1/302 545/1/302 551/1/302
f 552/1/93 551/1/93 550/1/93
f 551/1/303 545/1/303 550/1/303
f 550/1/304 545/1/304 544/1/304
f 556/1/305 555/1/305 554/1/305
f 557/1/97 559/1/97 558/1/97
f 560/1/98 562/1/98 561/1/98
f 565/1/99 564/1/99 563/1/99
f 571/1/389 570/1/389 575/1/389
f 571/1/390 573/1/390 566/1/390
f 573/1/391 572/1/391 566/1/391
f 572/1/392 575/1/392 566/1/392
f 566/1/393 575/1/393 568/1/393
f 579/1/394 578/1/394 582/1/394
f 579/1/395 585/1/395 580/1/395
f 577/1/396 582/1/396 578/1/396
f 585/1/397 582/1/397 580/1/397
f 580/1/398 582/1/398 576/1/398
f 582/1/399 577/1/399 576/1/399
f 587/1/400 586/1/400 588/1/400
f 591/1/401 590/1/401 589/1/401
f 594/1/402 593/1/402 592/1/402
f 599/1/403 597/1/403 602/1/403
f 602/1/404 597/1/404 604/1/404
f 597/1/405 596/1/405 604/1/405
f 604/1/406 596/1/406 601/1/406
f 602/1/407 601/1/407 599/1/407
f 599/1/408 601/1/408 595/1/408
f 595/1/409 601/1/409 596/1/409
f 605/1/410 607/1/410 606/1/410
f 619/1/411 354/1/411 353/1/411
f 351/1/412 352/1/412 618/1/412
f 622/1/413 621/1/413 620/1/413
f 626/1/414 625/1/414 624/1/414
f 627/1/415 628/1/416 624/1/417
f 630/1/418 628/1/418 627/1/418
f 630/1/419 626/1/419 624/1/419
f 627/1/420 626/1/420 630/1/420
f 636/1/421 632/1/421 631/1/421
f 637/1/422 636/1/422 631/1/422
f 634/1/423 632/1/424 636/1/425
f 634/1/426 638/1/426 637/1/426
f 635/1/427 634/1/427 637/1/427
f 639/1/428 641/1/428 640/1/428
f 644/1/429 643/1/429 642/1/429
f 646/1/430 645/1/430 647/1/430
f 648/1/431 650/1/432 649/1/433
f 652/1/434 355/1/434 651/1/434
f 663/1/435 657/1/435 660/1/435
f 657/1/436 663/1/436 658/1/436
f 656/1/437 660/1/437 657/1/437
f 663/1/438 661/1/438 658/1/438
s 0
f 660/1/56 656/1/56 661/1/56
s 1
f 658/1/439 661/1/439 653/1/439
s 0
f 656/1/84 654/1/84 661/1/84
s 1
f 661/1/440 654/1/440 653/1/440
f 655/1/441 653/1/441 654/1/441
f 669/1/442 668/1/442 356/1/442
f 675/1/443 674/1/443 676/1/443
f 682/1/444 678/1/444 677/1/444
f 683/1/445 682/1/445 677/1/445
f 680/1/446 678/1/446 682/1/446
f 684/1/447 680/1/447 682/1/447
f 680/1/448 684/1/449 683/1/450
f 690/1/451 692/1/452 686/1/453
f 693/1/454 687/1/454 686/1/454
f 693/1/455 692/1/455 690/1/455
f 688/1/456 687/1/456 693/1/456
f 688/1/457 693/1/457 690/1/457
f 695/1/458 694/1/458 696/1/458
f 699/1/459 698/1/459 697/1/459
f 362/1/460 360/1/460 359/1/460
f 346/1/461 361/1/462 358/1/463
f 357/1/464 358/1/464 361/1/464
f 383/1/465 385/1/466 381/1/467
f 384/1/468 381/1/469 385/1/470
f 388/1/471 384/1/471 385/1/471
f 383/1/472 384/1/472 388/1/472
f 400/1/115 392/1/115 394/1/115
f 399/1/473 400/1/474 394/1/475
f 401/1/117 399/1/117 394/1/117
f 395/1/476 401/1/477 394/1/478
f 395/1/479 392/1/480 400/1/481
f 401/1/122 395/1/122 400/1/122
f 418/1/482 421/1/482 417/1/482
f 424/1/483 421/1/483 418/1/483
f 419/1/484 424/1/484 418/1/484
f 423/1/485 421/1/485 424/1/485
f 426/1/486 424/1/486 419/1/486
f 426/1/487 421/1/487 423/1/487
f 420/1/488 421/1/488 426/1/488
f 420/1/489 426/1/489 419/1/489
f 434/1/490 427/1/491 429/1/492
f 432/1/493 427/1/494 434/1/495
f 433/1/496 427/1/496 432/1/496
f 434/1/497 429/1/497 430/1/497
f 433/1/498 434/1/498 430/1/498
f 427/1/499 433/1/499 430/1/499
f 445/1/500 447/1/501 443/1/502
f 446/1/503 443/1/503 447/1/503
f 448/1/504 446/1/505 447/1/506
f 445/1/472 446/1/472 448/1/472
f 463/1/507 456/1/507 458/1/507
f 462/1/508 463/1/509 458/1/510
f 461/1/511 456/1/512 463/1/513
f 465/1/514 461/1/514 463/1/514
f 465/1/515 462/1/515 458/1/515
f 459/1/516 465/1/516 458/1/516
f 461/1/517 465/1/517 459/1/517
f 477/1/518 476/1/518 475/1/518
f 496/1/519 494/1/519 495/1/519
f 500/1/520 494/1/521 496/1/522
f 498/1/523 496/1/523 495/1/523
f 496/1/524 498/1/524 501/1/524
f 500/1/525 501/1/525 498/1/525
f 498/1/526 494/1/527 500/1/528
f 499/1/529 494/1/529 498/1/529
f 494/1/530 499/1/530 491/1/530
f 492/1/531 494/1/531 491/1/531
f 499/1/532 497/1/532 491/1/532
f 491/1/533 497/1/533 498/1/533
f 510/1/534 505/1/534 504/1/534
f 509/1/535 510/1/536 504/1/537
f 502/1/538 505/1/539 510/1/540
f 511/1/541 502/1/541 510/1/541
f 511/1/542 509/1/543 504/1/544
f 506/1/545 511/1/545 504/1/545
f 502/1/546 511/1/547 506/1/548
f 525/1/549 523/1/549 519/1/549
f 521/1/550 525/1/550 519/1/550
f 524/1/551 523/1/551 525/1/551
f 526/1/552 525/1/552 521/1/552
f 524/1/553 526/1/553 521/1/553
f 530/1/554 532/1/554 534/1/554
f 534/1/555 532/1/555 537/1/555
f 537/1/556 532/1/556 536/1/556
f 532/1/557 527/1/557 536/1/557
f 534/1/558 536/1/558 527/1/558
f 552/1/115 544/1/115 546/1/115
f 551/1/475 552/1/475 546/1/475
f 553/1/559 551/1/559 546/1/559
f 547/1/560 553/1/561 546/1/562
f 547/1/563 544/1/563 552/1/563
f 553/1/122 547/1/122 552/1/122
f 571/1/564 567/1/564 570/1/564
f 567/1/565 574/1/565 570/1/565
f 574/1/566 567/1/566 573/1/566
f 574/1/567 572/1/567 570/1/567
f 570/1/568 572/1/568 569/1/568
f 567/1/569 568/1/570 573/1/570
f 572/1/571 573/1/571 569/1/571
f 573/1/572 568/1/572 569/1/572
f 579/1/573 581/1/573 578/1/573
f 578/1/574 581/1/574 583/1/574
f 578/1/575 583/1/575 577/1/575
f 583/1/576 581/1/576 585/1/576
f 584/1/577 577/1/577 583/1/577
f 585/1/578 581/1/578 584/1/578
f 581/1/579 576/1/579 584/1/579
f 577/1/580 584/1/580 576/1/580
f 595/1/581 596/1/581 603/1/581
f 600/1/582 595/1/582 603/1/582
f 601/1/583 600/1/583 603/1/583
f 602/1/584 595/1/584 600/1/584
f 598/1/585 595/1/586 602/1/587
f 603/1/588 598/1/588 602/1/588
f 619/1/589 617/1/589 616/1/589
f 614/1/590 615/1/590 618/1/590
f 628/1/591 623/1/591 625/1/591
f 629/1/592 628/1/592 625/1/592
f 626/1/593 629/1/594 625/1/595
f 623/1/596 629/1/596 626/1/596
f 627/1/597 623/1/597 626/1/597
f 638/1/598 636/1/598 635/1/598
f 635/1/599 636/1/600 633/1/601
f 635/1/602 631/1/602 638/1/602
f 638/1/603 631/1/603 633/1/603
f 631/1/604 632/1/604 633/1/604
f 657/1/605 659/1/605 655/1/605
f 663/1/606 659/1/606 662/1/606
f 659/1/607 653/1/607 662/1/607
f 655/1/608 662/1/608 653/1/608
f 669/1/460 667/1/460 666/1/460
f 668/1/609 356/1/609 665/1/609
f 664/1/464 665/1/464 356/1/464
f 674/1/610 673/1/610 672/1/610
f 671/1/611 676/1/611 670/1/611
f 674/1/612 670/1/613 676/1/614
f 676/1/615 671/1/615 675/1/615
f 674/1/616 675/1/616 671/1/616
f 679/1/617 677/1/617 678/1/617
f 681/1/618 682/1/618 679/1/618
f 684/1/619 677/1/619 679/1/619
f 684/1/620 682/1/620 681/1/620
f 681/1/621 677/1/621 684/1/621
f 680/1/622 677/1/622 681/1/622
f 689/1/623 691/1/623 693/1/623
f 691/1/624 685/1/624 693/1/624
f 693/1/625 685/1/625 692/1/625
f 689/1/626 692/1/626 687/1/626
f 692/1/627 685/1/627 687/1/627
f 687/1/628 685/1/628 686/1/628
f 473/1/629 470/1/629 474/1/629
f 474/1/630 470/1/630 471/1/630
f 473/1/631 466/1/632 470/1/633
f 468/1/634 471/1/634 470/1/634
f 468/1/635 473/1/635 471/1/635
f 466/1/636 473/1/636 468/1/636
f 373/1/637 370/1/637 374/1/637
f 374/1/638 370/1/638 371/1/638
f 373/1/639 366/1/640 370/1/641
f 368/1/642 371/1/642 370/1/642
f 368/1/643 373/1/643 371/1/643
f 366/1/644 373/1/644 368/1/644
f 472/1/645 467/1/645 471/1/645
f 471/1/646 467/1/646 474/1/646
f 472/1/647 466/1/647 467/1/647
f 469/1/648 474/1/648 467/1/648
f 469/1/649 472/1/649 474/1/649
f 466/1/650 472/1/650 469/1/650
f 372/1/651 367/1/651 371/1/651
f 371/1/652 367/1/652 374/1/652
f 372/1/653 366/1/653 367/1/653
f 369/1/654 374/1/654 367/1/654
f 369/1/655 372/1/655 374/1/655
f 366/1/656 372/1/656 369/1/656
f 714/1/657 713/1/658 712/1/659
f 715/1/660 713/1/660 714/1/660
f 719/1/661 720/1/661 718/1/661
f 720/1/662 719/1/662 716/1/662
f 721/1/663 716/1/663 719/1/663
f 718/1/664 716/1/664 721/1/664
f 726/1/233 727/1/233 725/1/233
f 726/1/221 722/1/221 727/1/221
f 725/1/234 729/1/234 728/1/234
f 730/1/235 728/1/235 729/1/235
f 729/1/236 731/1/236 730/1/236
f 725/1/665 728/1/665 731/1/665
f 732/1/666 734/1/666 733/1/666
f 738/1/667 740/1/667 739/1/667
f 747/1/668 746/1/668 745/1/668
f 747/1/669 748/1/669 746/1/669
f 749/1/670 750/1/670 748/1/670
f 749/1/671 744/1/671 750/1/671
f 754/1/672 751/1/672 750/1/672
f 746/1/673 750/1/673 751/1/673
f 752/1/84 753/1/84 751/1/84
f 746/1/674 751/1/674 753/1/674
f 752/1/675 754/1/675 753/1/675
s 0
f 755/1/84 756/1/84 757/1/84
f 755/1/129 757/1/129 758/1/129
s 1
f 757/1/676 759/1/677 756/1/676
f 755/1/677 759/1/677 758/1/677
f 760/1/678 762/1/678 761/1/678
f 766/1/679 764/1/679 765/1/679
f 765/1/680 771/1/680 766/1/680
f 769/1/681 764/1/681 768/1/681
f 770/1/682 764/1/682 769/1/682
f 769/1/683 771/1/683 770/1/683
f 770/1/684 771/1/684 772/1/684
f 781/1/685 778/1/685 779/1/685
f 779/1/686 780/1/686 781/1/686
f 782/1/687 781/1/687 780/1/687
f 781/1/688 782/1/688 783/1/688
f 782/1/689 777/1/689 783/1/689
f 776/1/690 783/1/690 777/1/690
f 791/1/691 792/1/691 790/1/691
f 796/1/156 798/1/156 797/1/156
f 803/1/692 804/1/692 802/1/692
f 805/1/693 806/1/694 804/1/695
f 807/1/696 803/1/696 808/1/696
f 805/1/697 808/1/697 803/1/697
f 809/1/698 810/1/699 805/1/699
f 808/1/700 805/1/700 810/1/700
f 809/1/701 803/1/701 810/1/701
f 807/1/702 810/1/702 803/1/702
f 815/1/703 818/1/703 816/1/703
f 817/1/704 816/1/704 818/1/704
f 820/1/705 824/1/705 819/1/705
f 814/1/706 819/1/706 824/1/706
f 816/1/707 821/1/707 822/1/707
f 824/1/708 822/1/708 821/1/708
f 823/1/709 822/1/709 824/1/709
f 823/1/710 821/1/710 816/1/710
f 824/1/711 825/1/711 826/1/711
f 829/1/712 830/1/712 828/1/712
f 837/1/713 839/1/713 836/1/713
f 838/1/714 836/1/714 839/1/714
f 839/1/715 842/1/716 840/1/717
f 842/1/718 836/1/719 841/1/720
f 843/1/284 836/1/284 842/1/284
f 856/1/721 852/1/721 850/1/721
f 850/1/722 852/1/722 851/1/722
f 852/1/723 854/1/723 851/1/723
f 853/1/724 851/1/724 854/1/724
f 855/1/725 853/1/725 854/1/725
f 850/1/726 855/1/726 856/1/726
f 860/1/727 861/1/727 864/1/727
f 863/1/728 861/1/728 862/1/728
f 863/1/729 860/1/729 864/1/729
f 868/1/730 865/1/730 866/1/730
f 867/1/731 866/1/731 865/1/731
f 872/1/136 871/1/136 873/1/136
f 875/1/732 877/1/732 874/1/732
f 876/1/714 874/1/714 877/1/714
f 877/1/733 880/1/734 878/1/735
f 880/1/736 874/1/736 879/1/736
f 881/1/284 874/1/284 880/1/284
f 883/1/157 884/1/157 882/1/157
f 893/1/737 888/1/737 889/1/737
f 889/1/738 892/1/738 893/1/738
f 894/1/160 895/1/160 896/1/160
f 897/1/161 895/1/161 893/1/161
f 894/1/739 897/1/739 893/1/739
f 896/1/165 897/1/165 894/1/165
f 899/1/166 900/1/166 898/1/166
f 901/1/740 900/1/741 902/1/742
f 898/1/743 901/1/743 902/1/743
f 906/1/744 904/1/745 905/1/746
f 905/1/747 903/1/747 906/1/747
f 913/1/748 911/1/748 912/1/748
f 914/1/84 915/1/84 912/1/84
f 913/1/84 912/1/84 915/1/84
f 914/1/221 910/1/221 915/1/221
f 916/1/749 917/1/749 918/1/749
f 917/1/750 919/1/750 918/1/750
f 934/1/751 932/1/751 936/1/751
f 935/1/752 934/1/752 933/1/752
f 935/1/753 936/1/753 932/1/753
f 937/1/754 932/1/755 939/1/756
f 938/1/757 939/1/757 932/1/757
f 941/1/713 944/1/713 942/1/713
f 943/1/714 942/1/714 944/1/714
f 944/1/734 946/1/734 940/1/734
f 946/1/736 942/1/736 945/1/736
f 947/1/284 942/1/284 946/1/284
f 953/1/758 956/1/758 958/1/758
f 953/1/759 961/1/759 954/1/759
f 955/1/760 954/1/760 961/1/760
f 955/1/761 958/1/761 956/1/761
f 959/1/762 957/1/762 958/1/762
f 961/1/763 960/1/763 959/1/763
f 957/1/764 960/1/764 961/1/764
f 976/1/765 977/1/765 975/1/765
f 978/1/766 977/1/767 976/1/768
f 980/1/769 981/1/769 979/1/769
f 981/1/770 980/1/771 982/1/772
f 983/1/773 982/1/773 980/1/773
f 979/1/664 982/1/664 983/1/664
f 987/1/774 985/1/774 986/1/774
f 987/1/775 988/1/775 985/1/775
f 989/1/776 990/1/776 988/1/776
f 989/1/777 984/1/777 990/1/777
f 991/1/778 992/1/778 990/1/778
f 985/1/779 990/1/779 992/1/779
f 993/1/84 994/1/84 992/1/84
f 985/1/780 992/1/780 994/1/780
f 993/1/781 991/1/781 994/1/781
f 1006/1/782 1007/1/782 1005/1/782
f 1008/1/783 1005/1/783 1007/1/783
f 1009/1/784 1008/1/784 1007/1/784
f 1004/1/785 1008/1/785 1009/1/785
f 1012/1/786 1010/1/787 1011/1/787
f 1013/1/788 1005/1/788 1012/1/788
f 1011/1/789 1005/1/789 1013/1/789
f 1017/1/245 1019/1/245 1018/1/245
f 1034/1/790 1031/1/790 1030/1/790
f 1032/1/791 1033/1/791 1031/1/791
f 1032/1/221 1029/1/221 1033/1/221
f 1038/1/792 1034/1/792 1035/1/792
f 1036/1/793 1035/1/793 1034/1/793
f 1037/1/84 1036/1/84 1034/1/84
f 1037/1/794 1038/1/794 1036/1/794
f 1040/1/795 1041/1/795 1039/1/795
f 703/1/97 705/1/97 704/1/97
f 707/1/98 706/1/98 708/1/98
f 711/1/99 710/1/99 709/1/99
f 716/1/796 715/1/796 717/1/796
f 717/1/797 715/1/797 719/1/797
f 719/1/798 715/1/798 721/1/798
f 715/1/799 714/1/799 721/1/799
f 721/1/800 714/1/800 718/1/800
f 717/1/801 719/1/802 712/1/803
f 719/1/804 718/1/804 712/1/804
f 718/1/805 714/1/805 712/1/805
f 725/1/806 724/1/806 729/1/806
f 725/1/395 731/1/395 726/1/395
f 723/1/807 729/1/807 724/1/807
f 731/1/808 729/1/808 726/1/808
f 726/1/398 729/1/398 722/1/398
f 729/1/809 723/1/809 722/1/809
f 735/1/810 737/1/810 736/1/810
f 743/1/811 742/1/811 741/1/811
f 754/1/812 748/1/812 751/1/812
f 748/1/813 754/1/813 749/1/813
f 747/1/814 751/1/814 748/1/814
f 754/1/815 752/1/815 749/1/815
s 0
f 751/1/56 747/1/56 752/1/56
s 1
f 749/1/816 752/1/816 744/1/816
s 0
f 747/1/56 745/1/56 752/1/56
s 1
f 752/1/817 745/1/817 744/1/817
f 746/1/818 744/1/818 745/1/818
f 763/1/819 765/1/819 764/1/819
f 768/1/820 765/1/820 763/1/820
f 769/1/821 768/1/822 763/1/823
f 767/1/824 769/1/824 763/1/824
f 772/1/825 765/1/825 768/1/825
f 771/1/826 769/1/826 767/1/826
f 771/1/827 765/1/827 772/1/827
f 774/1/828 773/1/828 775/1/828
f 778/1/829 777/1/829 779/1/829
f 777/1/830 785/1/830 779/1/830
f 785/1/831 784/1/831 779/1/831
f 785/1/832 777/1/832 786/1/832
f 779/1/833 784/1/833 780/1/833
f 777/1/834 782/1/834 786/1/834
f 786/1/835 782/1/835 784/1/835
f 784/1/836 782/1/836 780/1/836
f 789/1/837 788/1/837 787/1/837
f 795/1/306 794/1/306 793/1/306
f 801/1/838 800/1/838 799/1/838
f 809/1/839 805/1/839 804/1/839
f 804/1/840 803/1/840 809/1/840
f 803/1/841 806/1/841 805/1/841
f 802/1/842 806/1/842 803/1/842
f 813/1/843 811/1/843 812/1/843
f 827/1/844 818/1/844 826/1/844
f 825/1/845 818/1/845 827/1/845
f 818/1/846 815/1/846 826/1/846
f 820/1/847 818/1/847 825/1/847
f 825/1/848 824/1/848 820/1/848
f 824/1/849 826/1/849 815/1/849
f 819/1/850 818/1/850 820/1/850
f 824/1/851 815/1/851 823/1/851
f 823/1/852 815/1/852 821/1/852
f 824/1/853 821/1/853 814/1/853
f 821/1/854 815/1/854 814/1/854
f 832/1/855 700/1/855 831/1/855
f 835/1/856 834/1/856 833/1/856
f 841/1/444 837/1/444 840/1/444
f 842/1/857 841/1/857 840/1/857
f 839/1/858 837/1/858 841/1/858
f 843/1/859 839/1/859 841/1/859
f 839/1/860 843/1/860 842/1/860
f 846/1/329 845/1/329 844/1/329
f 847/1/861 849/1/861 848/1/861
f 855/1/862 854/1/862 856/1/862
f 856/1/863 854/1/863 858/1/863
f 858/1/864 854/1/864 859/1/864
f 858/1/865 857/1/865 856/1/865
f 856/1/866 857/1/866 852/1/866
f 859/1/867 854/1/867 857/1/867
f 854/1/868 852/1/868 857/1/868
f 860/1/869 865/1/869 861/1/869
f 862/1/870 861/1/870 865/1/870
f 867/1/871 865/1/872 860/1/873
f 868/1/874 862/1/874 865/1/874
f 868/1/875 867/1/875 860/1/875
f 862/1/876 868/1/876 860/1/876
f 863/1/877 862/1/877 860/1/877
f 701/1/878 870/1/878 869/1/878
f 879/1/444 875/1/444 878/1/444
f 880/1/857 879/1/857 878/1/857
f 877/1/879 875/1/879 879/1/879
f 881/1/859 877/1/859 879/1/859
f 877/1/880 881/1/880 880/1/880
f 886/1/308 885/1/308 887/1/308
f 895/1/309 890/1/310 888/1/311
f 891/1/312 890/1/310 895/1/309
f 893/1/313 895/1/313 888/1/313
f 894/1/881 891/1/881 895/1/881
f 893/1/882 891/1/882 894/1/882
f 892/1/883 891/1/883 893/1/883
f 905/1/317 900/1/317 899/1/317
f 903/1/884 905/1/884 899/1/884
f 899/1/319 902/1/319 903/1/319
f 903/1/885 902/1/885 904/1/885
f 905/1/886 902/1/886 900/1/886
f 904/1/887 902/1/887 905/1/887
f 898/1/888 902/1/888 899/1/888
f 908/1/100 907/1/100 909/1/100
f 921/1/889 920/1/889 922/1/889
f 924/1/890 923/1/890 925/1/890
f 927/1/891 926/1/891 928/1/891
f 931/1/892 930/1/892 929/1/892
f 936/1/893 933/1/893 934/1/893
f 937/1/894 933/1/895 936/1/896
f 938/1/897 937/1/897 936/1/897
f 939/1/756 933/1/898 937/1/754
f 935/1/899 933/1/899 939/1/899
f 939/1/900 938/1/900 936/1/900
f 936/1/901 935/1/901 939/1/901
f 945/1/444 941/1/444 940/1/444
f 946/1/857 945/1/857 940/1/857
f 944/1/879 941/1/879 945/1/879
f 947/1/859 944/1/859 945/1/859
f 944/1/902 947/1/902 946/1/902
f 950/1/903 949/1/903 948/1/903
f 952/1/904 702/1/904 951/1/904
f 958/1/905 961/1/905 953/1/905
f 957/1/906 961/1/906 958/1/906
f 955/1/907 959/1/907 958/1/907
f 955/1/908 961/1/908 959/1/908
f 964/1/909 963/1/909 962/1/909
f 965/1/97 967/1/97 966/1/97
f 969/1/98 968/1/98 970/1/98
f 973/1/99 972/1/99 971/1/99
f 982/1/796 978/1/796 974/1/796
f 974/1/797 978/1/797 980/1/797
f 980/1/798 978/1/798 983/1/798
f 978/1/799 976/1/799 983/1/799
f 983/1/910 976/1/910 979/1/910
f 974/1/911 980/1/912 975/1/913
f 980/1/804 979/1/804 975/1/804
f 979/1/805 976/1/805 975/1/805
f 991/1/914 988/1/914 992/1/914
f 988/1/915 991/1/915 989/1/915
f 987/1/916 992/1/916 988/1/916
f 991/1/917 993/1/917 989/1/917
s 0
f 992/1/56 987/1/56 993/1/56
s 1
f 989/1/918 993/1/918 984/1/918
s 0
f 987/1/56 986/1/56 993/1/56
s 1
f 993/1/919 986/1/919 984/1/919
f 985/1/920 984/1/920 986/1/920
f 997/1/811 996/1/811 995/1/811
f 1000/1/101 999/1/101 998/1/101
f 1003/1/402 1002/1/402 1001/1/402
f 1009/1/921 1007/1/922 1012/1/923
f 1012/1/924 1007/1/924 1013/1/924
f 1007/1/925 1006/1/925 1013/1/926
f 1013/1/927 1006/1/927 1011/1/927
f 1012/1/928 1011/1/928 1009/1/928
f 1009/1/408 1011/1/408 1004/1/408
f 1004/1/409 1011/1/409 1006/1/409
f 1014/1/410 1016/1/410 1015/1/410
f 1020/1/929 1022/1/929 1021/1/929
f 1023/1/930 1025/1/930 1024/1/930
f 1026/1/100 1028/1/100 1027/1/100
f 1038/1/931 1031/1/931 1034/1/931
f 1031/1/932 1038/1/932 1032/1/932
f 1038/1/815 1037/1/815 1032/1/815
f 1032/1/816 1037/1/816 1029/1/816
f 1037/1/817 1034/1/817 1029/1/817
f 1030/1/933 1029/1/933 1034/1/933
f 1043/1/934 1042/1/934 1044/1/934
f 1047/1/429 1046/1/429 1045/1/429
f 1049/1/430 1048/1/430 1050/1/430
f 1052/1/935 1053/1/935 1051/1/935
f 716/1/936 717/1/936 720/1/936
f 716/1/937 718/1/937 715/1/937
f 715/1/938 718/1/938 713/1/938
f 717/1/939 712/1/940 720/1/941
f 718/1/942 720/1/942 713/1/942
f 720/1/943 712/1/943 713/1/943
f 725/1/573 727/1/573 724/1/573
f 724/1/944 727/1/944 728/1/944
f 724/1/945 728/1/945 723/1/945
f 728/1/946 727/1/946 731/1/946
f 730/1/947 723/1/947 728/1/947
f 731/1/948 727/1/948 730/1/948
f 727/1/949 722/1/949 730/1/949
f 723/1/950 730/1/950 722/1/950
f 748/1/951 750/1/951 746/1/951
f 754/1/952 750/1/952 753/1/952
f 750/1/953 744/1/953 753/1/953
f 746/1/954 753/1/954 744/1/954
f 757/1/676 758/1/677 759/1/677
f 755/1/955 756/1/955 759/1/955
f 766/1/956 768/1/956 764/1/956
f 767/1/957 763/1/957 764/1/957
f 772/1/958 768/1/958 766/1/958
f 770/1/959 767/1/959 764/1/959
f 772/1/960 767/1/960 770/1/960
f 767/1/961 772/1/961 766/1/961
f 771/1/962 767/1/962 766/1/962
f 777/1/963 778/1/963 776/1/963
f 776/1/964 778/1/964 785/1/964
f 785/1/965 778/1/965 784/1/965
f 785/1/966 786/1/966 776/1/966
f 778/1/967 781/1/968 784/1/969
f 776/1/970 786/1/971 783/1/972
f 786/1/973 784/1/974 783/1/975
f 784/1/974 781/1/976 783/1/975
f 810/1/977 804/1/978 806/1/979
f 808/1/980 810/1/981 806/1/982
f 807/1/983 808/1/983 806/1/983
f 807/1/984 804/1/984 810/1/984
f 802/1/985 807/1/985 806/1/985
f 804/1/986 807/1/986 802/1/986
f 817/1/987 826/1/988 816/1/989
f 827/1/990 826/1/991 817/1/992
f 817/1/993 819/1/993 827/1/993
f 818/1/994 819/1/994 817/1/994
f 827/1/995 819/1/995 825/1/995
f 825/1/996 819/1/996 826/1/996
f 819/1/997 814/1/997 826/1/997
f 826/1/988 814/1/998 816/1/989
f 814/1/999 823/1/999 816/1/999
f 823/1/1000 814/1/1001 822/1/1002
f 816/1/1003 822/1/1003 815/1/1003
f 822/1/1004 814/1/1004 815/1/1004
f 836/1/1005 840/1/1005 837/1/1005
f 838/1/1006 841/1/1007 836/1/1008
f 843/1/619 840/1/619 836/1/619
f 843/1/620 841/1/620 838/1/620
f 838/1/1009 840/1/1009 843/1/1009
f 839/1/1010 840/1/1010 838/1/1010
f 857/1/1011 850/1/1011 851/1/1011
f 858/1/1012 850/1/1012 857/1/1012
f 853/1/1013 857/1/1013 851/1/1013
f 859/1/1014 857/1/1014 853/1/1014
f 855/1/1015 850/1/1015 858/1/1015
f 859/1/1016 855/1/1016 858/1/1016
f 855/1/1017 859/1/1018 853/1/1019
f 864/1/1020 861/1/1020 866/1/1020
f 863/1/1021 866/1/1021 861/1/1021
f 867/1/1022 864/1/1022 866/1/1022
f 868/1/1023 866/1/1023 863/1/1024
f 867/1/1025 868/1/1025 863/1/1025
f 863/1/1026 864/1/1026 867/1/1026
f 874/1/1005 878/1/1005 875/1/1005
f 876/1/1027 879/1/1027 874/1/1027
f 881/1/619 878/1/619 874/1/619
f 881/1/620 879/1/620 876/1/620
f 876/1/1028 878/1/1029 881/1/1030
f 877/1/1031 878/1/1031 876/1/1031
f 890/1/482 889/1/482 888/1/482
f 896/1/1032 889/1/1033 890/1/1034
f 891/1/1035 896/1/1035 890/1/1035
f 895/1/1036 889/1/1036 896/1/1036
f 897/1/486 896/1/486 891/1/486
f 897/1/487 889/1/487 895/1/487
f 892/1/488 889/1/488 897/1/488
f 892/1/489 897/1/489 891/1/489
f 906/1/1037 898/1/1037 900/1/1037
f 903/1/1038 898/1/1039 906/1/1040
f 904/1/496 898/1/496 903/1/496
f 906/1/1041 900/1/1041 901/1/1041
f 904/1/498 906/1/498 901/1/498
f 898/1/1042 904/1/1042 901/1/1042
f 938/1/1043 934/1/1043 937/1/1043
f 932/1/1044 934/1/1044 938/1/1044
f 935/1/1045 937/1/1046 934/1/1047
f 932/1/1048 937/1/1048 935/1/1048
f 942/1/1049 940/1/1049 941/1/1049
f 943/1/1027 945/1/1027 942/1/1027
f 947/1/619 940/1/619 942/1/619
f 947/1/620 945/1/620 943/1/620
f 943/1/1009 940/1/1009 947/1/1009
f 944/1/1010 940/1/1010 943/1/1010
f 957/1/1050 953/1/1050 954/1/1050
f 956/1/1051 953/1/1051 957/1/1051
f 959/1/1052 956/1/1052 957/1/1052
f 960/1/1053 957/1/1053 954/1/1053
f 955/1/1054 960/1/1054 954/1/1054
f 960/1/1055 956/1/1055 959/1/1055
f 956/1/1056 960/1/1056 955/1/1056
f 982/1/1057 974/1/1057 981/1/1057
f 982/1/937 979/1/937 978/1/937
f 978/1/938 979/1/938 977/1/938
f 974/1/1058 975/1/1059 981/1/1060
f 979/1/942 981/1/942 977/1/942
f 981/1/943 975/1/943 977/1/943
f 988/1/1061 990/1/1061 985/1/1061
f 991/1/1062 990/1/1062 994/1/1062
f 990/1/1063 984/1/1063 994/1/1063
f 985/1/1064 994/1/1064 984/1/1064
f 1004/1/1065 1006/1/1065 1005/1/1065
f 1010/1/1066 1004/1/1067 1005/1/1068
f 1011/1/1069 1010/1/1069 1005/1/1069
f 1012/1/1070 1004/1/1070 1010/1/1070
f 1008/1/1071 1004/1/1072 1012/1/1073
f 1005/1/588 1008/1/588 1012/1/588
f 1031/1/1074 1033/1/1074 1035/1/1074
f 1031/1/1075 1035/1/1075 1030/1/1075
f 1035/1/1076 1033/1/1076 1038/1/1076
f 1036/1/1077 1030/1/1077 1035/1/1077
f 1038/1/1078 1033/1/1078 1036/1/1078
f 1033/1/1079 1029/1/1079 1036/1/1079
f 1030/1/1080 1036/1/1080 1029/1/1080
f 918/1/1081 915/1/1081 919/1/1081
f 919/1/1082 915/1/1082 916/1/1082
f 918/1/1083 910/1/1083 915/1/1083
f 913/1/1084 916/1/1084 915/1/1084
f 910/1/1085 918/1/1085 911/1/1085
f 916/1/1086 911/1/1086 918/1/1086
f 911/1/1087 916/1/1087 913/1/1087
f 917/1/1088 912/1/1088 916/1/1088
f 916/1/1089 912/1/1089 919/1/1089
f 917/1/1090 911/1/1090 912/1/1090
f 914/1/1091 919/1/1091 912/1/1091
f 911/1/1092 917/1/1092 910/1/1092
f 914/1/1093 917/1/1093 919/1/1093
f 910/1/1094 917/1/1094 914/1/1094
f 1076/1/1095 1071/1/1095 1075/1/1095
f 1072/1/1096 1075/1/1097 1071/1/1098
f 1073/1/1099 1072/1/1099 1071/1/1099
f 1071/1/1100 1074/1/1100 1073/1/1100
f 1073/1/1101 1074/1/1101 1075/1/1101
f 1076/1/1102 1075/1/1102 1074/1/1102
s 0
f 1080/1/129 1081/1/129 1082/1/129
f 1080/1/56 1082/1/56 1083/1/56
s 1
f 1082/1/1103 1084/1/1104 1081/1/1105
f 1080/1/133 1054/1/133 1083/1/133
f 1054/1/1106 1085/1/1106 1083/1/1106
f 1082/1/1107 1085/1/1107 1084/1/1107
f 1089/1/1108 1090/1/1108 1094/1/1108
f 1091/1/1109 1094/1/1109 1090/1/1109
f 1094/1/1110 1091/1/1110 1092/1/1110
f 1093/1/1111 1092/1/1111 1091/1/1111
f 1091/1/1112 1089/1/1112 1093/1/1112
f 1094/1/1113 1093/1/1113 1089/1/1113
f 1098/1/1114 1099/1/1114 1111/1/1114
f 1100/1/1115 1111/1/1115 1099/1/1115
f 1101/1/1116 1100/1/1116 1099/1/1116
f 1102/1/1117 1101/1/1117 1103/1/1117
f 1102/1/1118 1103/1/1118 1115/1/1118
f 1103/1/1119 1105/1/1119 1115/1/1119
f 1104/1/1120 1115/1/1120 1105/1/1120
f 1107/1/1121 1116/1/1122 1106/1/1123
f 1098/1/1124 1106/1/1123 1116/1/1122
f 1108/1/1125 1109/1/1125 1110/1/1125
f 1103/1/1126 1111/1/1126 1110/1/1126
f 1111/1/1127 1103/1/1127 1108/1/1127
f 1103/1/1128 1109/1/1128 1108/1/1128
f 1116/1/1129 1113/1/1129 1112/1/1129
f 1115/1/1130 1113/1/1130 1114/1/1130
f 1116/1/1131 1115/1/1131 1114/1/1131
f 1115/1/1132 1116/1/1132 1112/1/1132
f 1128/1/1133 1127/1/1133 1126/1/1133
f 1129/1/1134 1127/1/1134 1128/1/1134
f 1133/1/1135 1134/1/1135 1132/1/1135
f 1134/1/1136 1133/1/1136 1130/1/1136
f 1135/1/663 1130/1/663 1133/1/663
f 1132/1/1137 1130/1/1137 1135/1/1137
f 1140/1/1138 1141/1/1138 1139/1/1138
f 1140/1/221 1136/1/221 1141/1/221
f 1139/1/1139 1144/1/1139 1142/1/1139
f 1143/1/1140 1142/1/1141 1144/1/1142
f 1144/1/1143 1145/1/1143 1143/1/1143
f 1139/1/665 1142/1/665 1145/1/665
f 1153/1/1144 1150/1/1144 1151/1/1144
f 1151/1/1145 1152/1/1145 1153/1/1145
f 1154/1/1146 1153/1/1146 1152/1/1146
f 1153/1/1147 1154/1/1148 1155/1/1149
f 1154/1/1150 1149/1/1150 1155/1/1150
f 1156/1/1151 1155/1/1151 1149/1/1151
f 1156/1/1152 1149/1/1152 1150/1/1152
f 1163/1/141 1165/1/141 1164/1/141
f 1167/1/1153 1168/1/1154 1166/1/1155
f 1169/1/1156 1166/1/1156 1168/1/1156
f 1170/1/1157 1169/1/1157 1168/1/1157
f 1173/1/1158 1171/1/1159 1167/1/1160
f 1167/1/1161 1172/1/1162 1173/1/1163
f 1173/1/1164 1172/1/1164 1169/1/1164
f 1172/1/152 1171/1/152 1169/1/152
f 1185/1/1165 1181/1/1165 1184/1/1165
f 1180/1/1166 1184/1/1166 1181/1/1166
f 1182/1/1099 1180/1/1099 1181/1/1099
f 1181/1/1100 1183/1/1100 1182/1/1100
f 1182/1/1101 1183/1/1101 1184/1/1101
f 1185/1/1102 1184/1/1102 1183/1/1102
s 0
f 1189/1/129 1190/1/129 1191/1/129
f 1189/1/56 1191/1/56 1192/1/56
s 1
f 1191/1/1167 1193/1/1167 1190/1/1167
f 1189/1/133 1194/1/133 1192/1/133
f 1194/1/1106 1195/1/1106 1192/1/1106
f 1191/1/1107 1195/1/1107 1193/1/1107
f 1204/1/1168 1200/1/1168 1199/1/1168
f 1202/1/1169 1199/1/1169 1200/1/1169
f 1199/1/1170 1202/1/1170 1201/1/1170
f 1203/1/1111 1201/1/1111 1202/1/1111
f 1202/1/1171 1204/1/1171 1203/1/1171
f 1199/1/1113 1203/1/1113 1204/1/1113
f 1210/1/1172 1209/1/1172 1208/1/1172
f 1214/1/1173 1216/1/1173 1215/1/1173
f 1218/1/1174 1219/1/1174 1217/1/1174
f 1221/1/1175 1223/1/1175 1222/1/1175
f 1224/1/1176 1226/1/1176 1227/1/1176
f 1222/1/1177 1227/1/1177 1226/1/1177
f 1222/1/84 1226/1/84 1228/1/84
f 1226/1/1178 1229/1/1178 1228/1/1178
f 1227/1/1179 1228/1/1179 1229/1/1179
f 1224/1/1180 1227/1/1181 1229/1/1180
f 1230/1/1182 1232/1/1182 1231/1/1182
f 1244/1/1183 1243/1/1183 1242/1/1183
f 1258/1/1184 1256/1/1184 1255/1/1184
f 1255/1/1185 1256/1/1186 1252/1/1187
f 1256/1/1188 1254/1/1188 1252/1/1188
f 1254/1/1189 1258/1/1189 1252/1/1189
f 1257/1/1190 1252/1/1190 1258/1/1190
f 1255/1/1191 1257/1/1191 1258/1/1191
f 1270/1/1165 1265/1/1165 1269/1/1165
f 1266/1/1192 1269/1/1193 1265/1/1194
f 1267/1/1099 1266/1/1099 1265/1/1099
f 1265/1/1100 1268/1/1100 1267/1/1100
f 1267/1/1101 1268/1/1101 1269/1/1101
f 1270/1/1102 1269/1/1102 1268/1/1102
f 1282/1/1195 1280/1/1195 1286/1/1195
f 1280/1/1196 1282/1/1196 1281/1/1196
f 1282/1/1197 1283/1/1197 1281/1/1197
f 1281/1/1198 1283/1/1198 1284/1/1198
f 1283/1/1199 1286/1/1199 1284/1/1199
f 1280/1/1200 1284/1/1200 1286/1/1200
f 1287/1/1201 1285/1/1201 1286/1/1201
f 1315/1/1202 1313/1/1202 1314/1/1202
f 1316/1/84 1317/1/84 1314/1/84
f 1315/1/84 1314/1/84 1317/1/84
f 1316/1/1203 1313/1/1203 1317/1/1203
f 1320/1/1204 1318/1/1204 1319/1/1204
f 1319/1/1205 1321/1/1205 1320/1/1205
f 1326/1/1206 1325/1/1206 1327/1/1206
f 1329/1/1207 1328/1/1207 1326/1/1207
f 1329/1/1208 1330/1/1208 1328/1/1208
f 1330/1/1209 1331/1/1209 1325/1/1209
f 1331/1/1210 1327/1/1210 1325/1/1210
f 1333/1/1211 1332/1/1211 1327/1/1211
f 1339/1/1138 1340/1/1138 1338/1/1138
f 1339/1/221 1335/1/221 1340/1/221
f 1338/1/1212 1342/1/1212 1341/1/1212
f 1343/1/1213 1341/1/1213 1342/1/1213
f 1342/1/1214 1344/1/1214 1343/1/1214
f 1338/1/1215 1341/1/1215 1344/1/1215
f 1349/1/1216 1350/1/1216 1348/1/1216
f 1058/1/1217 1057/1/1218 1056/1/1219
f 1059/1/1220 1061/1/1220 1060/1/1220
f 1062/1/1221 1064/1/1221 1063/1/1221
f 1066/1/1222 1065/1/1222 1067/1/1222
f 1070/1/1223 1069/1/1223 1068/1/1223
f 1076/1/1224 1077/1/1224 1071/1/1224
f 1079/1/1225 1071/1/1225 1077/1/1225
f 1078/1/1226 1077/1/1226 1076/1/1226
f 1074/1/1227 1071/1/1227 1079/1/1227
f 1078/1/1228 1074/1/1228 1079/1/1228
f 1076/1/1229 1074/1/1229 1078/1/1229
f 1085/1/1230 1084/1/1230 1054/1/1230
f 1088/1/413 1087/1/413 1086/1/413
f 1095/1/1231 1091/1/1232 1090/1/1233
f 1096/1/1234 1095/1/1234 1090/1/1234
f 1089/1/1235 1096/1/1235 1090/1/1235
f 1097/1/1236 1096/1/1236 1089/1/1236
f 1097/1/1237 1091/1/1237 1095/1/1237
f 1089/1/1238 1091/1/1238 1097/1/1238
f 1113/1/1239 1116/1/1239 1107/1/1239
f 1107/1/1240 1105/1/1240 1113/1/1240
f 1106/1/1241 1105/1/1241 1107/1/1241
f 1113/1/1242 1105/1/1242 1114/1/1242
f 1105/1/1243 1103/1/1243 1114/1/1243
f 1114/1/48 1103/1/48 1116/1/48
f 1116/1/1244 1103/1/1244 1098/1/1244
f 1103/1/1245 1110/1/1245 1098/1/1245
f 1098/1/1246 1110/1/1246 1099/1/1246
f 1103/1/1247 1101/1/1247 1109/1/1247
f 1110/1/1248 1109/1/1248 1099/1/1248
f 1109/1/1249 1101/1/1249 1099/1/1249
f 1117/1/97 1119/1/97 1118/1/97
f 1121/1/98 1120/1/98 1122/1/98
f 1125/1/99 1124/1/99 1123/1/99
f 1130/1/796 1129/1/796 1131/1/796
f 1131/1/797 1129/1/797 1133/1/797
f 1133/1/1250 1129/1/1251 1135/1/1250
f 1129/1/799 1128/1/799 1135/1/799
f 1135/1/800 1128/1/800 1132/1/800
f 1131/1/1252 1133/1/1252 1126/1/1252
f 1133/1/804 1132/1/804 1126/1/804
f 1132/1/1253 1128/1/1253 1126/1/1253
f 1139/1/1254 1138/1/1254 1144/1/1254
f 1139/1/395 1145/1/395 1140/1/395
f 1137/1/1255 1144/1/1255 1138/1/1255
f 1145/1/397 1144/1/397 1140/1/397
f 1140/1/398 1144/1/398 1136/1/398
f 1144/1/1256 1137/1/1256 1136/1/1256
f 1146/1/828 1148/1/828 1147/1/828
f 1150/1/1257 1149/1/1257 1151/1/1257
f 1149/1/1258 1158/1/1258 1151/1/1258
f 1158/1/1259 1157/1/1259 1151/1/1259
f 1158/1/1260 1149/1/1260 1159/1/1260
f 1151/1/1261 1157/1/1261 1152/1/1261
f 1149/1/1262 1154/1/1262 1159/1/1262
f 1159/1/1263 1154/1/1263 1157/1/1263
f 1157/1/1264 1154/1/1264 1152/1/1264
f 1161/1/293 1162/1/293 1160/1/293
f 1168/1/1265 1167/1/1265 1171/1/1265
f 1170/1/1266 1167/1/1266 1166/1/1266
f 1172/1/1267 1168/1/1267 1171/1/1267
f 1172/1/1268 1167/1/1268 1170/1/1268
f 1168/1/1269 1172/1/1269 1170/1/1269
f 1175/1/1222 1174/1/1222 1176/1/1222
f 1179/1/1223 1178/1/1223 1177/1/1223
f 1185/1/1270 1187/1/1270 1181/1/1270
f 1186/1/1225 1181/1/1225 1187/1/1225
f 1188/1/1226 1187/1/1226 1185/1/1226
f 1183/1/1227 1181/1/1227 1186/1/1227
f 1188/1/1228 1183/1/1228 1186/1/1228
f 1185/1/1271 1183/1/1229 1188/1/1229
f 1195/1/1230 1193/1/1230 1194/1/1230
f 1198/1/413 1197/1/413 1196/1/413
f 1205/1/1272 1202/1/1273 1200/1/1274
f 1206/1/1275 1205/1/1275 1200/1/1275
f 1204/1/1235 1206/1/1235 1200/1/1235
f 1207/1/1236 1206/1/1236 1204/1/1236
f 1207/1/1237 1202/1/1237 1205/1/1237
f 1204/1/1238 1202/1/1238 1207/1/1238
f 1211/1/1276 1213/1/1276 1212/1/1276
f 1224/1/1277 1223/1/1278 1226/1/1279
f 1224/1/1280 1229/1/1280 1225/1/1280
f 1221/1/1281 1226/1/1281 1223/1/1281
f 1229/1/1282 1226/1/1282 1225/1/1282
f 1225/1/1283 1226/1/1283 1220/1/1283
f 1226/1/1284 1221/1/1284 1220/1/1284
f 1235/1/1285 1234/1/1285 1233/1/1285
f 1238/1/909 1237/1/909 1236/1/909
f 1240/1/1286 1239/1/1286 1241/1/1286
f 1247/1/1287 1246/1/1287 1245/1/1287
f 1248/1/1288 1250/1/1288 1249/1/1288
f 1256/1/1289 1253/1/1289 1251/1/1289
f 1258/1/1290 1253/1/1290 1256/1/1290
f 1254/1/1291 1253/1/1291 1258/1/1291
f 1254/1/1292 1256/1/1293 1251/1/1294
f 1254/1/1292 1251/1/1294 1257/1/1295
f 1260/1/1222 1259/1/1222 1261/1/1222
f 1264/1/1223 1263/1/1223 1262/1/1223
f 1270/1/1224 1271/1/1224 1265/1/1224
f 1273/1/1225 1265/1/1225 1271/1/1225
f 1272/1/1296 1271/1/1296 1270/1/1296
f 1268/1/1227 1265/1/1227 1273/1/1227
f 1272/1/1297 1268/1/1297 1273/1/1297
f 1270/1/1298 1268/1/1299 1272/1/1300
f 1276/1/903 1275/1/903 1274/1/903
f 1278/1/1301 1279/1/1301 1277/1/1301
f 1287/1/1302 1283/1/1302 1288/1/1302
f 1283/1/1303 1287/1/1303 1286/1/1303
f 1283/1/1304 1282/1/1304 1288/1/1304
f 1288/1/1305 1282/1/1305 1285/1/1305
f 1285/1/1306 1282/1/1306 1286/1/1306
f 1291/1/1307 1290/1/1307 1289/1/1307
f 1294/1/1308 1293/1/1309 1292/1/1310
f 1296/1/1311 1295/1/1312 1297/1/1313
f 1300/1/1314 1299/1/1314 1298/1/1314
f 1303/1/459 1302/1/459 1301/1/459
f 1306/1/1315 1305/1/1315 1304/1/1315
f 1307/1/1316 1309/1/1316 1308/1/1316
f 1312/1/1317 1311/1/1317 1310/1/1317
f 1324/1/811 1323/1/811 1322/1/811
f 1327/1/1318 1329/1/1318 1326/1/1318
f 1332/1/1319 1329/1/1320 1327/1/1321
f 1334/1/1322 1329/1/1322 1332/1/1322
f 1330/1/1323 1329/1/1323 1334/1/1323
f 1331/1/1324 1333/1/1324 1327/1/1324
f 1333/1/1325 1330/1/1325 1334/1/1325
f 1331/1/1326 1330/1/1326 1333/1/1326
f 1338/1/1327 1337/1/1327 1342/1/1327
f 1338/1/1328 1344/1/1328 1339/1/1328
f 1336/1/1329 1342/1/1329 1337/1/1329
f 1344/1/1330 1342/1/1330 1339/1/1330
f 1339/1/1331 1342/1/1331 1335/1/1331
f 1342/1/1332 1336/1/1332 1335/1/1332
f 1346/1/1333 1345/1/1333 1347/1/1333
f 1352/1/1334 1351/1/1334 1055/1/1334
f 1354/1/891 1353/1/891 1355/1/891
f 1357/1/1335 1356/1/1335 1358/1/1335
f 1075/1/1336 1072/1/1337 1077/1/1338
f 1073/1/1339 1077/1/1339 1072/1/1339
f 1078/1/1340 1075/1/1340 1077/1/1340
f 1079/1/1341 1077/1/1341 1073/1/1341
f 1079/1/1342 1075/1/1342 1078/1/1342
f 1075/1/1343 1079/1/1343 1073/1/1343
f 1085/1/589 1083/1/589 1082/1/589
f 1084/1/1344 1054/1/1344 1081/1/1344
f 1080/1/464 1081/1/464 1054/1/464
f 1096/1/1345 1094/1/1345 1092/1/1345
f 1095/1/1346 1096/1/1347 1092/1/1348
f 1093/1/1349 1095/1/1350 1092/1/1351
f 1097/1/1352 1094/1/1352 1096/1/1352
f 1097/1/1353 1095/1/1353 1093/1/1353
f 1093/1/1354 1094/1/1355 1097/1/1356
f 1113/1/1357 1115/1/1357 1104/1/1357
f 1104/1/1358 1106/1/1358 1113/1/1358
f 1105/1/1359 1106/1/1359 1104/1/1359
f 1113/1/1360 1106/1/1360 1112/1/1360
f 1106/1/1361 1098/1/1361 1112/1/1361
f 1112/1/1362 1098/1/1362 1115/1/1362
f 1115/1/1363 1098/1/1363 1102/1/1363
f 1098/1/1364 1111/1/1364 1102/1/1364
f 1111/1/56 1108/1/56 1102/1/56
f 1111/1/1365 1100/1/1365 1110/1/1365
f 1102/1/1366 1108/1/1366 1101/1/1366
f 1108/1/1367 1110/1/1367 1101/1/1367
f 1110/1/1368 1100/1/1368 1101/1/1368
f 1130/1/936 1131/1/936 1134/1/936
f 1130/1/937 1132/1/937 1129/1/937
f 1129/1/1369 1132/1/1369 1127/1/1369
f 1131/1/1370 1126/1/1371 1134/1/1372
f 1132/1/1373 1134/1/1373 1127/1/1373
f 1134/1/943 1126/1/943 1127/1/943
f 1139/1/1374 1141/1/1374 1138/1/1374
f 1138/1/574 1141/1/574 1142/1/574
f 1138/1/1375 1142/1/1375 1137/1/1375
f 1142/1/576 1141/1/576 1145/1/576
f 1143/1/1376 1137/1/1376 1142/1/1376
f 1145/1/578 1141/1/578 1143/1/578
f 1141/1/1377 1136/1/1377 1143/1/1377
f 1137/1/1378 1143/1/1378 1136/1/1378
f 1156/1/1379 1150/1/1379 1157/1/1379
f 1157/1/1380 1158/1/1380 1156/1/1380
f 1150/1/1381 1153/1/1382 1157/1/1383
f 1158/1/1384 1159/1/1384 1156/1/1384
f 1156/1/1385 1159/1/1386 1155/1/1387
f 1157/1/1388 1153/1/1388 1159/1/1388
f 1159/1/1389 1153/1/1389 1155/1/1389
f 1169/1/1390 1171/1/1391 1166/1/1392
f 1170/1/1393 1166/1/1394 1171/1/470
f 1173/1/1395 1170/1/1395 1171/1/1395
f 1169/1/472 1170/1/472 1173/1/472
f 1184/1/1396 1180/1/1397 1187/1/1398
f 1182/1/1399 1187/1/1399 1180/1/1399
f 1188/1/1400 1184/1/1400 1187/1/1400
f 1186/1/1341 1187/1/1341 1182/1/1341
f 1186/1/1342 1184/1/1342 1188/1/1342
f 1184/1/1343 1186/1/1343 1182/1/1343
f 1195/1/1401 1192/1/1401 1191/1/1401
f 1193/1/1402 1194/1/1402 1190/1/1402
f 1189/1/464 1190/1/464 1194/1/464
f 1206/1/1403 1199/1/1403 1201/1/1403
f 1205/1/1404 1206/1/1404 1201/1/1404
f 1203/1/1349 1205/1/1405 1201/1/1406
f 1207/1/1352 1199/1/1352 1206/1/1352
f 1207/1/1353 1205/1/1353 1203/1/1353
f 1203/1/1354 1199/1/1407 1207/1/1356
f 1224/1/1408 1225/1/1408 1223/1/1408
f 1223/1/1409 1225/1/1409 1227/1/1409
f 1223/1/1410 1227/1/1410 1222/1/1410
f 1227/1/1411 1225/1/1411 1228/1/1411
f 1225/1/1412 1220/1/1412 1228/1/1412
f 1221/1/1413 1222/1/1413 1228/1/1413
f 1221/1/1414 1228/1/1414 1220/1/1414
f 1257/1/1415 1251/1/1415 1252/1/1415
f 1254/1/1416 1257/1/1416 1253/1/1416
f 1257/1/1417 1255/1/1418 1253/1/1418
f 1255/1/1419 1252/1/1419 1253/1/1419
f 1252/1/1420 1251/1/1420 1253/1/1420
f 1269/1/1421 1266/1/1422 1271/1/1338
f 1267/1/1339 1271/1/1339 1266/1/1339
f 1272/1/1423 1269/1/1424 1271/1/1425
f 1273/1/1341 1271/1/1341 1267/1/1341
f 1273/1/1426 1269/1/1426 1272/1/1426
f 1269/1/1427 1273/1/1428 1267/1/1429
f 1285/1/1430 1280/1/1431 1281/1/1432
f 1287/1/1433 1280/1/1433 1285/1/1433
f 1288/1/1434 1285/1/1434 1281/1/1434
f 1284/1/1435 1280/1/1435 1287/1/1435
f 1288/1/1436 1284/1/1436 1287/1/1436
f 1284/1/1437 1288/1/1437 1281/1/1437
f 1332/1/1438 1326/1/1438 1328/1/1438
f 1325/1/1439 1326/1/1439 1332/1/1439
f 1333/1/1440 1325/1/1440 1332/1/1440
f 1334/1/1441 1332/1/1441 1328/1/1441
f 1334/1/1442 1325/1/1442 1333/1/1442
f 1325/1/1443 1334/1/1443 1328/1/1443
f 1330/1/1444 1325/1/1444 1328/1/1444
f 1338/1/1374 1340/1/1374 1337/1/1374
f 1337/1/574 1340/1/574 1341/1/574
f 1337/1/1445 1341/1/1445 1336/1/1445
f 1341/1/576 1340/1/576 1344/1/576
f 1343/1/1446 1336/1/1446 1341/1/1446
f 1344/1/1447 1340/1/1447 1343/1/1447
f 1340/1/949 1335/1/949 1343/1/949
f 1336/1/1448 1343/1/1448 1335/1/1448
f 1320/1/1449 1317/1/1449 1321/1/1449
f 1321/1/1450 1317/1/1450 1318/1/1450
f 1320/1/1451 1313/1/1451 1317/1/1451
f 1315/1/1452 1318/1/1452 1317/1/1452
f 1315/1/1453 1320/1/1453 1318/1/1453
f 1313/1/1454 1320/1/1454 1315/1/1454
f 1319/1/1455 1314/1/1455 1318/1/1455
f 1318/1/1456 1314/1/1456 1321/1/1456
f 1319/1/1457 1313/1/1458 1314/1/1459
f 1316/1/1460 1321/1/1460 1314/1/1460
f 1316/1/1461 1319/1/1461 1321/1/1461
f 1313/1/1462 1319/1/1462 1316/1/1462
s 0
f 1360/1/56 1361/1/56 1362/1/56
f 1360/1/84 1362/1/84 1363/1/84
f 1365/1/56 1366/1/56 1367/1/56
f 1365/1/84 1367/1/84 1368/1/84
f 1369/1/84 1370/1/84 1371/1/84
f 1369/1/84 1371/1/84 1372/1/84
s 1
f 1381/1/692 1382/1/692 1380/1/692
f 1383/1/1463 1384/1/1463 1382/1/1463
f 1385/1/1464 1381/1/1464 1386/1/1464
f 1383/1/1465 1386/1/1465 1381/1/1465
f 1387/1/1466 1388/1/1466 1383/1/1466
f 1386/1/1467 1383/1/1467 1388/1/1467
f 1387/1/701 1381/1/701 1388/1/701
f 1385/1/702 1388/1/702 1381/1/702
f 1392/1/1468 1391/1/1468 1393/1/1468
s 0
f 1394/1/84 1395/1/84 1396/1/84
f 1394/1/56 1396/1/56 1397/1/56
s 1
f 1396/1/676 1398/1/676 1395/1/676
f 1394/1/677 1398/1/676 1397/1/677
f 1399/1/1469 1401/1/1469 1400/1/1469
f 1404/1/1470 1402/1/1470 1403/1/1470
f 1405/1/84 1406/1/84 1403/1/84
f 1404/1/84 1403/1/84 1406/1/84
f 1405/1/1471 1402/1/1471 1406/1/1471
f 1409/1/1472 1407/1/1472 1408/1/1472
f 1408/1/1473 1410/1/1473 1409/1/1473
f 1421/1/795 1422/1/795 1420/1/795
f 1426/1/1474 1428/1/1474 1427/1/1474
f 1437/1/1475 1436/1/1475 1435/1/1475
f 1442/1/1476 1444/1/1476 1443/1/1476
f 1445/1/1477 1443/1/1477 1444/1/1477
f 1448/1/1478 1445/1/1478 1444/1/1478
f 1448/1/1479 1443/1/1480 1447/1/1481
f 1446/1/1482 1443/1/1482 1448/1/1482
f 1451/1/1483 1450/1/1483 1449/1/1483
f 1455/1/1484 1456/1/1484 1363/1/1484
f 1360/1/1485 1455/1/1485 1363/1/1485
f 1362/1/1485 1455/1/1485 1361/1/1485
f 1362/1/1486 1456/1/1486 1455/1/1486
f 1466/1/1487 1468/1/1487 1467/1/1487
s 0
f 1472/1/84 1473/1/84 1474/1/84
f 1472/1/129 1474/1/129 1475/1/129
s 1
f 1474/1/1488 1476/1/1488 1473/1/1488
f 1472/1/1489 1364/1/1489 1475/1/1489
f 1364/1/1490 1477/1/1490 1475/1/1490
f 1474/1/1491 1477/1/1491 1476/1/1491
f 1484/1/1492 1487/1/1492 1485/1/1492
f 1486/1/1493 1485/1/1494 1487/1/1495
f 1487/1/1496 1488/1/1497 1486/1/1498
f 1489/1/1499 1486/1/1499 1488/1/1499
f 1489/1/1500 1484/1/1500 1485/1/1500
f 1495/1/1501 1493/1/1501 1494/1/1501
f 1511/1/748 1509/1/748 1510/1/748
f 1512/1/84 1513/1/84 1510/1/84
f 1511/1/84 1510/1/84 1513/1/84
f 1512/1/221 1508/1/221 1513/1/221
f 1517/1/1502 1516/1/1502 1514/1/1502
f 1515/1/1503 1514/1/1503 1516/1/1503
f 1520/1/1504 1519/1/1504 1518/1/1504
f 1525/1/1505 1526/1/1505 1524/1/1505
f 1525/1/221 1521/1/221 1526/1/221
f 1524/1/1506 1527/1/1506 1528/1/1506
f 1529/1/1507 1528/1/1507 1527/1/1507
f 1527/1/1508 1530/1/1508 1529/1/1508
f 1524/1/1509 1528/1/1509 1530/1/1509
f 1539/1/1510 1538/1/1510 1537/1/1510
f 1540/1/1511 1542/1/1511 1541/1/1511
f 1546/1/1512 1547/1/1512 1368/1/1512
f 1365/1/1513 1546/1/1513 1368/1/1513
f 1367/1/1513 1546/1/1513 1366/1/1513
f 1367/1/1514 1547/1/1514 1546/1/1514
f 1558/1/1515 1560/1/1515 1564/1/1515
f 1559/1/1516 1564/1/1516 1560/1/1516
f 1562/1/1517 1566/1/1517 1561/1/1517
f 1557/1/1518 1561/1/1518 1566/1/1518
f 1564/1/1519 1563/1/1519 1565/1/1519
f 1566/1/1520 1565/1/1520 1563/1/1520
f 1567/1/709 1565/1/709 1566/1/709
f 1567/1/1521 1563/1/1521 1564/1/1521
f 1566/1/711 1568/1/711 1570/1/711
f 1572/1/712 1573/1/712 1571/1/712
f 1581/1/1522 1580/1/1522 1579/1/1522
f 1579/1/1523 1582/1/1523 1581/1/1523
f 1583/1/1524 1581/1/1524 1582/1/1524
f 1581/1/1525 1583/1/1526 1584/1/1527
f 1583/1/689 1578/1/689 1584/1/689
f 1577/1/690 1584/1/690 1578/1/690
f 1596/1/1528 1591/1/1528 1592/1/1528
f 1592/1/1529 1591/1/1529 1594/1/1529
f 1591/1/1530 1593/1/1530 1594/1/1530
f 1595/1/1531 1594/1/1531 1593/1/1531
f 1592/1/1532 1595/1/1532 1596/1/1532
f 1599/1/1533 1594/1/1534 1598/1/1535
s 0
f 1607/1/84 1606/1/84 1608/1/84
f 1607/1/84 1608/1/84 1609/1/84
s 1
f 1607/1/1536 1610/1/1537 1370/1/1538
f 1371/1/84 1609/1/84 1370/1/84
f 1607/1/84 1370/1/84 1609/1/84
f 1371/1/1539 1611/1/1539 1609/1/1539
f 1608/1/1540 1611/1/1540 1372/1/1540
f 1369/1/84 1606/1/84 1372/1/84
f 1608/1/84 1372/1/84 1606/1/84
f 1606/1/1541 1369/1/1541 1610/1/1541
s 0
f 1612/1/84 1613/1/84 1614/1/84
f 1612/1/56 1614/1/56 1615/1/56
s 1
f 1614/1/1542 1373/1/1543 1613/1/1544
f 1612/1/133 1616/1/133 1615/1/133
f 1616/1/1106 1617/1/1106 1615/1/1106
f 1614/1/1107 1617/1/1107 1373/1/1107
f 1625/1/1545 1621/1/1545 1626/1/1545
f 1623/1/1546 1626/1/1546 1621/1/1546
f 1626/1/1547 1623/1/1547 1622/1/1547
f 1624/1/1548 1622/1/1548 1623/1/1548
f 1623/1/1549 1625/1/1549 1624/1/1549
f 1626/1/1550 1624/1/1550 1625/1/1550
f 1639/1/1551 1640/1/1551 1641/1/1551
f 1644/1/1552 1641/1/1552 1640/1/1552
f 1641/1/1553 1644/1/1553 1642/1/1553
f 1643/1/1554 1642/1/1554 1644/1/1554
f 1644/1/1555 1645/1/1555 1643/1/1555
f 1641/1/1556 1646/1/1556 1639/1/1556
f 1651/1/1557 1650/1/1557 1652/1/1557
f 1656/1/1558 1657/1/1558 1658/1/1558
f 1663/1/1559 1664/1/1559 1669/1/1559
f 1665/1/1560 1667/1/1560 1668/1/1560
f 1669/1/1561 1668/1/1561 1667/1/1561
f 1669/1/84 1667/1/84 1670/1/84
f 1667/1/1562 1671/1/1562 1670/1/1562
f 1668/1/1563 1670/1/1563 1671/1/1563
f 1665/1/1564 1668/1/1564 1671/1/1564
f 1676/1/1216 1677/1/1216 1675/1/1216
s 0
f 1678/1/84 1679/1/84 1680/1/84
f 1678/1/56 1680/1/56 1681/1/56
s 1
f 1680/1/1565 1683/1/1565 1679/1/1565
f 1683/1/1566 1682/1/1566 1679/1/1566
f 1678/1/1567 1682/1/1567 1683/1/1567
f 1678/1/1565 1683/1/1565 1681/1/1565
f 1376/1/1568 1375/1/1568 1374/1/1568
f 1379/1/1569 1378/1/1570 1377/1/1571
f 1387/1/839 1383/1/839 1382/1/839
f 1382/1/840 1381/1/840 1387/1/840
f 1381/1/841 1384/1/841 1383/1/841
f 1380/1/842 1384/1/842 1381/1/842
f 1389/1/1572 1390/1/1572 1359/1/1572
f 1413/1/1573 1412/1/1573 1411/1/1573
f 1415/1/1574 1414/1/1574 1416/1/1574
f 1419/1/1575 1418/1/1575 1417/1/1575
f 1425/1/1576 1424/1/1576 1423/1/1576
f 1431/1/1577 1430/1/1577 1429/1/1577
f 1434/1/909 1433/1/909 1432/1/909
f 1438/1/930 1440/1/930 1439/1/930
f 1447/1/1578 1442/1/1578 1441/1/1578
f 1448/1/1579 1447/1/1579 1441/1/1579
f 1444/1/1580 1442/1/1581 1447/1/1582
f 1446/1/1583 1444/1/1583 1447/1/1583
f 1448/1/1584 1444/1/1585 1446/1/1586
f 1453/1/48 1454/1/48 1452/1/48
f 1362/1/1587 1363/1/1587 1456/1/1587
f 1360/1/1588 1361/1/1588 1455/1/1588
f 1458/1/1589 1457/1/1589 1459/1/1589
f 1460/1/1590 1462/1/1590 1461/1/1590
f 1463/1/1591 1465/1/1591 1464/1/1591
f 1470/1/48 1471/1/48 1469/1/48
f 1477/1/1592 1476/1/1592 1364/1/1592
f 1479/1/48 1478/1/48 1480/1/48
f 1481/1/1593 1482/1/1593 1483/1/1593
f 1484/1/1594 1490/1/1595 1487/1/1596
f 1488/1/1597 1487/1/1597 1490/1/1597
f 1491/1/1598 1490/1/1595 1484/1/1594
f 1492/1/1599 1488/1/1599 1490/1/1599
f 1492/1/1600 1491/1/1600 1484/1/1600
f 1488/1/1601 1492/1/1602 1484/1/1603
f 1489/1/1604 1488/1/1604 1484/1/1604
f 1496/1/1605 1498/1/1605 1497/1/1605
f 1499/1/48 1501/1/48 1500/1/48
f 1502/1/1606 1504/1/1606 1503/1/1606
f 1506/1/1607 1505/1/1607 1507/1/1607
f 1524/1/1608 1523/1/1608 1527/1/1608
f 1524/1/1609 1530/1/1609 1525/1/1609
f 1522/1/1610 1527/1/1610 1523/1/1610
f 1530/1/1611 1527/1/1611 1525/1/1611
f 1525/1/1612 1527/1/1612 1521/1/1612
f 1527/1/1613 1522/1/1613 1521/1/1613
f 1531/1/428 1533/1/428 1532/1/428
f 1536/1/1614 1534/1/1614 1535/1/1614
f 1544/1/1615 1543/1/1615 1545/1/1615
f 1367/1/1616 1368/1/1616 1547/1/1616
f 1365/1/1617 1366/1/1617 1546/1/1617
f 1548/1/1618 1550/1/1618 1549/1/1618
f 1552/1/400 1551/1/400 1553/1/400
f 1556/1/101 1555/1/101 1554/1/101
f 1569/1/1619 1560/1/1619 1570/1/1619
f 1568/1/1620 1560/1/1620 1569/1/1620
f 1560/1/1621 1558/1/1621 1570/1/1621
f 1562/1/1622 1560/1/1622 1568/1/1622
f 1568/1/848 1566/1/848 1562/1/848
f 1566/1/849 1570/1/849 1558/1/849
f 1561/1/1623 1560/1/1623 1562/1/1623
f 1566/1/1624 1558/1/1624 1567/1/1624
f 1567/1/1625 1558/1/1625 1563/1/1625
f 1566/1/1626 1563/1/1626 1557/1/1626
f 1563/1/1627 1558/1/1628 1557/1/1629
f 1576/1/102 1575/1/102 1574/1/102
f 1580/1/829 1578/1/829 1579/1/829
f 1578/1/1630 1587/1/1630 1579/1/1630
f 1587/1/831 1586/1/831 1579/1/831
f 1587/1/1631 1578/1/1631 1585/1/1631
f 1579/1/1632 1586/1/1632 1582/1/1632
f 1578/1/1633 1583/1/1634 1585/1/1635
f 1585/1/835 1583/1/835 1586/1/835
f 1586/1/1636 1583/1/1636 1582/1/1636
f 1589/1/1637 1588/1/1637 1590/1/1637
f 1599/1/1638 1591/1/1638 1597/1/1638
f 1596/1/1639 1597/1/1640 1591/1/1641
f 1598/1/1642 1597/1/1642 1596/1/1642
f 1593/1/1643 1591/1/1644 1599/1/1645
f 1598/1/1646 1593/1/1646 1599/1/1646
f 1593/1/1647 1598/1/1647 1596/1/1647
f 1595/1/1648 1593/1/1648 1596/1/1648
f 1600/1/1649 1602/1/1649 1601/1/1649
f 1605/1/1650 1604/1/1650 1603/1/1650
f 1611/1/1651 1372/1/1651 1371/1/1651
f 1369/1/1652 1370/1/1652 1610/1/1652
f 1617/1/1230 1373/1/1230 1616/1/1230
f 1620/1/1653 1619/1/1653 1618/1/1653
f 1627/1/1654 1623/1/1654 1621/1/1654
f 1628/1/1275 1627/1/1275 1621/1/1275
f 1625/1/1655 1628/1/1655 1621/1/1655
f 1629/1/1236 1628/1/1236 1625/1/1236
f 1629/1/1237 1623/1/1237 1627/1/1237
f 1625/1/1656 1623/1/1656 1629/1/1656
f 1630/1/343 1632/1/343 1631/1/343
f 1634/1/344 1633/1/344 1635/1/344
f 1638/1/1657 1637/1/1657 1636/1/1657
f 1647/1/1658 1644/1/1658 1640/1/1658
f 1639/1/1659 1647/1/1659 1640/1/1659
f 1649/1/1660 1644/1/1660 1647/1/1660
f 1648/1/1661 1647/1/1661 1639/1/1661
f 1645/1/1662 1644/1/1662 1649/1/1662
f 1648/1/1663 1645/1/1663 1649/1/1663
f 1639/1/1664 1645/1/1664 1648/1/1664
f 1646/1/1665 1645/1/1665 1639/1/1665
f 1653/1/1666 1655/1/1666 1654/1/1666
f 1661/1/1285 1660/1/1285 1659/1/1285
f 1665/1/1667 1664/1/1667 1667/1/1667
f 1665/1/1668 1671/1/1668 1666/1/1668
f 1663/1/1669 1667/1/1669 1664/1/1669
f 1671/1/1670 1667/1/1670 1666/1/1670
f 1666/1/1671 1667/1/1671 1662/1/1671
f 1667/1/1672 1663/1/1672 1662/1/1672
f 1673/1/1333 1672/1/1333 1674/1/1333
f 1685/1/891 1684/1/891 1686/1/891
f 1688/1/1335 1687/1/1335 1689/1/1335
f 1388/1/1673 1382/1/1673 1384/1/1673
f 1386/1/1674 1388/1/1674 1384/1/1674
f 1385/1/1675 1386/1/1675 1384/1/1675
f 1385/1/984 1382/1/984 1388/1/984
f 1380/1/1676 1385/1/1676 1384/1/1676
f 1382/1/986 1385/1/986 1380/1/986
f 1396/1/676 1397/1/677 1398/1/676
f 1394/1/955 1395/1/955 1398/1/955
f 1443/1/1677 1441/1/1677 1442/1/1677
f 1445/1/1678 1447/1/1679 1443/1/1680
f 1446/1/1681 1447/1/1681 1445/1/1681
f 1446/1/1682 1441/1/1682 1443/1/1682
f 1441/1/1683 1446/1/1683 1445/1/1683
f 1448/1/1684 1441/1/1684 1445/1/1684
f 1477/1/1685 1475/1/1685 1474/1/1685
f 1476/1/1686 1364/1/1686 1473/1/1686
f 1472/1/1687 1473/1/1687 1364/1/1687
f 1485/1/1688 1486/1/1688 1490/1/1688
f 1489/1/1689 1490/1/1689 1486/1/1689
f 1491/1/1690 1485/1/1690 1490/1/1690
f 1492/1/1691 1490/1/1691 1489/1/1691
f 1491/1/1692 1492/1/1692 1489/1/1692
f 1489/1/1693 1485/1/1693 1491/1/1693
f 1524/1/1694 1526/1/1694 1523/1/1694
f 1523/1/1695 1526/1/1695 1528/1/1695
f 1523/1/1696 1528/1/1696 1522/1/1696
f 1528/1/1697 1526/1/1697 1530/1/1697
f 1529/1/1698 1522/1/1698 1528/1/1698
f 1530/1/1699 1526/1/1699 1529/1/1699
f 1526/1/1700 1521/1/1700 1529/1/1700
f 1522/1/1701 1529/1/1701 1521/1/1701
f 1559/1/987 1570/1/988 1564/1/989
f 1569/1/1702 1570/1/1702 1559/1/1702
f 1559/1/1703 1561/1/1704 1569/1/1705
f 1560/1/1706 1561/1/1706 1559/1/1706
f 1569/1/1707 1561/1/1707 1568/1/1707
f 1568/1/1708 1561/1/1708 1570/1/1708
f 1561/1/997 1557/1/997 1570/1/997
f 1570/1/988 1557/1/998 1564/1/989
f 1557/1/999 1567/1/999 1564/1/999
f 1567/1/1709 1557/1/1709 1565/1/1709
f 1564/1/1003 1565/1/1003 1558/1/1003
f 1565/1/1004 1557/1/1004 1558/1/1004
f 1578/1/1710 1580/1/1710 1577/1/1710
f 1577/1/964 1580/1/964 1587/1/964
f 1587/1/965 1580/1/965 1586/1/965
f 1587/1/1711 1585/1/1711 1577/1/1711
f 1580/1/1712 1581/1/1713 1586/1/1714
f 1577/1/1715 1585/1/1715 1584/1/1715
f 1585/1/973 1586/1/974 1584/1/1716
f 1586/1/974 1581/1/976 1584/1/1716
f 1597/1/1717 1592/1/1718 1594/1/1719
f 1599/1/1720 1597/1/1720 1594/1/1720
f 1598/1/1721 1592/1/1721 1597/1/1721
f 1595/1/1722 1592/1/1722 1598/1/1722
f 1594/1/1723 1595/1/1723 1598/1/1723
f 1606/1/1724 1610/1/1724 1607/1/1724
f 1611/1/1725 1609/1/1725 1608/1/1725
f 1617/1/1726 1615/1/1726 1614/1/1726
f 1373/1/1727 1616/1/1344 1613/1/1728
f 1612/1/1729 1613/1/1729 1616/1/1729
f 1628/1/1730 1626/1/1731 1622/1/1732
f 1627/1/1404 1628/1/1404 1622/1/1404
f 1624/1/1733 1627/1/1734 1622/1/1735
f 1629/1/1736 1626/1/1736 1628/1/1736
f 1629/1/1737 1627/1/1737 1624/1/1737
f 1624/1/1738 1626/1/1738 1629/1/1739
f 1647/1/1740 1641/1/1740 1642/1/1740
f 1643/1/1741 1647/1/1741 1642/1/1741
f 1648/1/1742 1641/1/1742 1647/1/1742
f 1649/1/1743 1647/1/1743 1643/1/1743
f 1646/1/1744 1641/1/1744 1648/1/1744
f 1649/1/1745 1646/1/1745 1648/1/1745
f 1646/1/1746 1649/1/1746 1643/1/1746
f 1645/1/1747 1646/1/1747 1643/1/1747
f 1665/1/1748 1666/1/1748 1664/1/1748
f 1664/1/1749 1666/1/1749 1668/1/1749
f 1664/1/1750 1668/1/1750 1669/1/1750
f 1668/1/1751 1666/1/1751 1670/1/1751
f 1666/1/1752 1662/1/1752 1670/1/1752
f 1663/1/1413 1669/1/1413 1670/1/1413
f 1663/1/1753 1670/1/1753 1662/1/1753
f 1683/1/1754 1681/1/1754 1680/1/1754
f 1678/1/1755 1679/1/1755 1682/1/1755
f 1516/1/1756 1513/1/1756 1517/1/1756
f 1517/1/1757 1513/1/1757 1515/1/1757
f 1516/1/1758 1508/1/1758 1513/1/1758
f 1511/1/1759 1515/1/1759 1513/1/1759
f 1508/1/1760 1516/1/1760 1509/1/1760
f 1515/1/1761 1509/1/1761 1516/1/1761
f 1509/1/1762 1515/1/1762 1511/1/1762
f 1409/1/1763 1406/1/1763 1410/1/1763
f 1410/1/1764 1406/1/1764 1407/1/1764
f 1409/1/1765 1402/1/1765 1406/1/1765
f 1404/1/1452 1407/1/1452 1406/1/1452
f 1404/1/1766 1409/1/1766 1407/1/1766
f 1402/1/1767 1409/1/1767 1404/1/1767
f 1514/1/1768 1510/1/1768 1515/1/1768
f 1515/1/1769 1510/1/1769 1517/1/1769
f 1514/1/1770 1509/1/1770 1510/1/1770
f 1512/1/1771 1517/1/1771 1510/1/1771
f 1509/1/1772 1514/1/1772 1508/1/1772
f 1517/1/1773 1508/1/1773 1514/1/1773
f 1508/1/1774 1517/1/1774 1512/1/1774
f 1408/1/1775 1403/1/1775 1407/1/1775
f 1407/1/1776 1403/1/1776 1410/1/1776
f 1408/1/1777 1402/1/1777 1403/1/1777
f 1405/1/1778 1410/1/1778 1403/1/1778
f 1405/1/1779 1408/1/1779 1410/1/1779
f 1402/1/1780 1408/1/1780 1405/1/1780
f 1695/1/1781 1694/1/1781 1693/1/1781
f 1698/1/1782 1697/1/1782 1696/1/1782
f 1699/1/1783 1700/1/1783 1701/1/1783
f 1713/1/1784 1711/1/1784 1716/1/1784
f 1712/1/1785 1711/1/1785 1713/1/1785
f 1712/1/1786 1713/1/1786 1714/1/1786
f 1715/1/1787 1714/1/1787 1713/1/1787
f 1715/1/1788 1716/1/1788 1714/1/1788
f 1711/1/1789 1714/1/1789 1716/1/1789
f 1718/1/1790 1717/1/1790 1716/1/1790
f 1716/1/1791 1715/1/1791 1718/1/1791
f 1718/1/1792 1715/1/1792 1712/1/1792
f 1717/1/1793 1712/1/1793 1715/1/1793
s 0
f 1725/1/84 1726/1/84 1727/1/84
f 1725/1/84 1727/1/84 1728/1/84
s 1
f 1727/1/1794 1729/1/1794 1726/1/1794
f 1725/1/1794 1729/1/1794 1728/1/1794
f 1730/1/1795 1731/1/1795 1733/1/1795
f 1732/1/1796 1733/1/1796 1731/1/1796
f 1734/1/1797 1733/1/1797 1732/1/1797
f 1732/1/1798 1735/1/1798 1734/1/1798
f 1730/1/1799 1734/1/1799 1735/1/1799
f 1732/1/1800 1731/1/1800 1736/1/1800
f 1737/1/1801 1736/1/1801 1731/1/1801
f 1731/1/1802 1735/1/1802 1737/1/1802
f 1738/1/1803 1737/1/1803 1735/1/1803
f 1735/1/1804 1732/1/1804 1738/1/1804
f 1736/1/1805 1738/1/1805 1732/1/1805
f 1740/1/1806 1743/1/1806 1739/1/1806
f 1740/1/1807 1739/1/1807 1741/1/1807
f 1739/1/1808 1742/1/1808 1741/1/1808
f 1743/1/1809 1741/1/1809 1742/1/1809
f 1746/1/1810 1743/1/1810 1742/1/1810
f 1746/1/1811 1739/1/1811 1743/1/1811
f 1745/1/1812 1744/1/1812 1741/1/1812
f 1741/1/1813 1744/1/1813 1740/1/1813
f 1744/1/1814 1746/1/1814 1740/1/1814
f 1745/1/1815 1740/1/1815 1746/1/1815
f 1690/1/1816 1692/1/1816 1691/1/1816
f 1704/1/1817 1703/1/1817 1702/1/1817
f 1707/1/1818 1706/1/1818 1705/1/1818
f 1708/1/1819 1710/1/1819 1709/1/1819
f 1715/1/1820 1713/1/1820 1717/1/1820
f 1717/1/1821 1713/1/1821 1716/1/1821
f 1721/1/1822 1720/1/1822 1719/1/1822
f 1724/1/1823 1723/1/1823 1722/1/1823
f 1735/1/1824 1731/1/1824 1730/1/1824
f 1742/1/48 1739/1/48 1744/1/48
f 1745/1/1825 1742/1/1825 1744/1/1825
f 1746/1/48 1744/1/48 1739/1/48
f 1746/1/1826 1742/1/1826 1745/1/1826
f 1718/1/1827 1711/1/1827 1717/1/1827
f 1712/1/1828 1717/1/1829 1711/1/1829
f 1714/1/56 1711/1/56 1718/1/56
f 1712/1/56 1714/1/56 1718/1/56
f 1729/1/1830 1728/1/1830 1727/1/1830
f 1725/1/1830 1726/1/1830 1729/1/1830
f 1737/1/1831 1730/1/1831 1736/1/1831
f 1738/1/1832 1730/1/1832 1737/1/1832
f 1734/1/1833 1730/1/1833 1738/1/1833
f 1738/1/56 1736/1/56 1734/1/56
f 1734/1/56 1736/1/56 1733/1/56
f 1736/1/1834 1730/1/1834 1733/1/1834
f 1745/1/1835 1743/1/1835 1740/1/1835
f 1745/1/1836 1741/1/1836 1743/1/1836
f 1753/1/1837 1751/1/1837 1752/1/1837
f 1756/1/1838 1758/1/1838 1754/1/1838
f 1755/1/1839 1759/1/1839 1754/1/1839
f 1754/1/1840 1762/1/1840 1755/1/1840
f 1756/1/1841 1755/1/1842 1762/1/1843
f 1755/1/1844 1756/1/1845 1757/1/1846
f 1754/1/1847 1757/1/1847 1756/1/1847
f 1762/1/1848 1758/1/1848 1759/1/1848
f 1757/1/1849 1759/1/1849 1758/1/1849
f 1758/1/1850 1760/1/1850 1757/1/1850
f 1757/1/1851 1760/1/1851 1761/1/1851
f 1762/1/1852 1761/1/1852 1760/1/1852
f 1759/1/1853 1761/1/1853 1762/1/1853
f 1763/1/1854 1764/1/1854 1765/1/1854
s 0
f 1766/1/56 1767/1/56 1768/1/56
f 1766/1/129 1768/1/129 1769/1/129
s 1
f 1768/1/1855 1770/1/1855 1767/1/1855
f 1766/1/1855 1770/1/1855 1769/1/1855
f 1773/1/1856 1771/1/1856 1772/1/1856
f 1774/1/1857 1775/1/1857 1776/1/1857
f 1777/1/1858 1776/1/1858 1775/1/1858
f 1777/1/1859 1778/1/1859 1776/1/1859
f 1782/1/1860 1776/1/1860 1778/1/1860
f 1779/1/1861 1775/1/1861 1778/1/1861
f 1774/1/1862 1778/1/1862 1775/1/1862
f 1779/1/1863 1780/1/1863 1782/1/1863
f 1776/1/1864 1782/1/1864 1780/1/1864
f 1775/1/1865 1781/1/1865 1780/1/1865
f 1776/1/1866 1780/1/1866 1781/1/1866
f 1775/1/1867 1779/1/1868 1781/1/1869
f 1782/1/1870 1781/1/1870 1779/1/1870
f 1787/1/1871 1788/1/1871 1786/1/1871
f 1789/1/1872 1791/1/1872 1790/1/1872
f 1793/1/1873 1792/1/1873 1794/1/1873
f 1796/1/1874 1797/1/1874 1795/1/1874
f 1802/1/1875 1803/1/1875 1808/1/1875
f 1804/1/1876 1808/1/1876 1803/1/1876
f 1804/1/1877 1805/1/1877 1808/1/1877
f 1801/1/1878 1808/1/1878 1805/1/1878
f 1806/1/1879 1803/1/1879 1805/1/1879
f 1802/1/1880 1805/1/1880 1803/1/1880
f 1806/1/1881 1807/1/1881 1801/1/1881
f 1808/1/1882 1801/1/1882 1807/1/1882
f 1803/1/1883 1809/1/1883 1807/1/1883
f 1808/1/1884 1807/1/1884 1809/1/1884
f 1803/1/1885 1806/1/1885 1809/1/1885
f 1801/1/1886 1809/1/1886 1806/1/1886
f 1813/1/1887 1814/1/1888 1815/1/1889
f 1747/1/1890 1817/1/1890 1816/1/1890
f 1823/1/1891 1821/1/1891 1822/1/1891
f 1824/1/1857 1825/1/1857 1826/1/1857
f 1827/1/1892 1826/1/1892 1825/1/1892
f 1827/1/1893 1830/1/1893 1826/1/1893
f 1828/1/1894 1826/1/1894 1830/1/1894
f 1829/1/1895 1834/1/1895 1830/1/1895
f 1828/1/1896 1830/1/1896 1834/1/1896
f 1829/1/1897 1825/1/1897 1834/1/1897
f 1824/1/1898 1834/1/1898 1825/1/1898
f 1830/1/1899 1831/1/1899 1833/1/1899
f 1826/1/1900 1833/1/1900 1831/1/1900
f 1825/1/1901 1832/1/1901 1831/1/1901
f 1826/1/1902 1831/1/1902 1832/1/1902
f 1825/1/1903 1833/1/1903 1832/1/1903
f 1834/1/1904 1832/1/1904 1833/1/1904
f 1839/1/1871 1840/1/1871 1838/1/1871
f 1843/1/1905 1841/1/1905 1842/1/1905
f 1845/1/1906 1844/1/1906 1846/1/1906
f 1847/1/1907 1849/1/1907 1848/1/1907
f 1850/1/1908 1863/1/1908 1854/1/1908
f 1851/1/1909 1850/1/1909 1854/1/1909
f 1850/1/1910 1851/1/1910 1852/1/1910
f 1851/1/1911 1861/1/1911 1852/1/1911
f 1853/1/1912 1852/1/1912 1861/1/1912
f 1854/1/1913 1855/1/1913 1853/1/1913
f 1862/1/1914 1853/1/1914 1855/1/1914
f 1854/1/1915 1856/1/1915 1851/1/1915
f 1856/1/1916 1854/1/1916 1857/1/1916
f 1858/1/1917 1857/1/1917 1854/1/1917
f 1861/1/1918 1858/1/1919 1854/1/1920
f 1858/1/1921 1861/1/1921 1856/1/1921
f 1861/1/1922 1851/1/1922 1856/1/1922
f 1859/1/1923 1860/1/1923 1863/1/1923
f 1855/1/1924 1863/1/1924 1860/1/1924
f 1855/1/1925 1860/1/1925 1862/1/1925
f 1860/1/1926 1861/1/1926 1862/1/1926
f 1859/1/1927 1863/1/1927 1861/1/1927
f 1862/1/1928 1861/1/1928 1863/1/1928
f 1865/1/1929 1864/1/1929 1866/1/1929
f 1870/1/1930 1872/1/1930 1871/1/1930
f 1874/1/1931 1880/1/1931 1873/1/1931
f 1874/1/1932 1877/1/1932 1880/1/1932
f 1875/1/1933 1880/1/1933 1877/1/1933
f 1876/1/1934 1882/1/1934 1877/1/1934
f 1875/1/1935 1877/1/1936 1882/1/1937
f 1876/1/1938 1873/1/1938 1882/1/1938
f 1880/1/1939 1882/1/1939 1873/1/1939
f 1877/1/1940 1878/1/1940 1879/1/1940
f 1880/1/1941 1879/1/1941 1878/1/1941
f 1878/1/1942 1881/1/1942 1880/1/1942
f 1882/1/1943 1880/1/1944 1881/1/1945
f 1882/1/1946 1881/1/1946 1879/1/1946
f 1877/1/1947 1879/1/1947 1881/1/1947
f 1885/1/1948 1884/1/1948 1883/1/1948
f 1750/1/1949 1749/1/1949 1748/1/1949
f 1756/1/48 1762/1/48 1760/1/48
f 1760/1/48 1758/1/48 1756/1/48
f 1762/1/1950 1754/1/1950 1758/1/1950
f 1785/1/1951 1784/1/1951 1783/1/1951
f 1800/1/1952 1799/1/1952 1798/1/1952
f 1806/1/1953 1805/1/1953 1807/1/1953
f 1805/1/1954 1804/1/1954 1807/1/1954
f 1803/1/48 1807/1/48 1804/1/48
f 1812/1/1955 1811/1/1955 1810/1/1955
f 1818/1/1956 1820/1/1956 1819/1/1956
f 1837/1/1951 1836/1/1951 1835/1/1951
f 1860/1/1957 1853/1/1957 1861/1/1957
f 1854/1/1958 1853/1/1959 1860/1/1960
f 1860/1/1961 1859/1/1961 1854/1/1961
f 1859/1/1962 1861/1/1962 1854/1/1962
f 1869/1/1963 1867/1/1963 1868/1/1963
f 1757/1/1964 1754/1/1964 1759/1/1964
f 1761/1/56 1759/1/56 1755/1/56
f 1757/1/56 1761/1/56 1755/1/56
f 1768/1/1855 1769/1/1855 1770/1/1855
f 1766/1/1965 1767/1/1965 1770/1/1965
f 1801/1/1966 1805/1/1966 1809/1/1966
f 1805/1/1967 1802/1/1967 1809/1/1967
f 1808/1/56 1809/1/56 1802/1/56
f 1863/1/1968 1853/1/1969 1862/1/1970
f 1855/1/1971 1854/1/1971 1863/1/1971
f 1863/1/1972 1858/1/1972 1853/1/1972
f 1858/1/1973 1856/1/1973 1853/1/1973
f 1853/1/1974 1856/1/1974 1852/1/1974
f 1858/1/56 1863/1/56 1857/1/56
f 1863/1/56 1850/1/56 1857/1/56
f 1857/1/56 1850/1/56 1856/1/56
f 1856/1/56 1850/1/56 1852/1/56
f 1875/1/48 1879/1/48 1882/1/48
f 1875/1/48 1880/1/48 1879/1/48
f 1832/1/48 1824/1/48 1834/1/48
f 1828/1/1975 1833/1/1975 1834/1/1975
f 1824/1/48 1832/1/48 1826/1/48
f 1828/1/1976 1826/1/1976 1833/1/1976
f 1781/1/1977 1778/1/1977 1782/1/1977
f 1781/1/1978 1774/1/1978 1778/1/1978
f 1774/1/48 1781/1/48 1776/1/48
f 1878/1/56 1874/1/56 1877/1/56
f 1876/1/56 1881/1/56 1877/1/56
f 1874/1/56 1878/1/56 1873/1/56
f 1876/1/56 1878/1/56 1881/1/56
f 1873/1/56 1878/1/56 1876/1/56
f 1831/1/56 1827/1/56 1830/1/56
f 1829/1/1979 1833/1/1979 1830/1/1979
f 1827/1/56 1831/1/56 1825/1/56
f 1829/1/1980 1825/1/1980 1833/1/1980
f 1780/1/1981 1778/1/1981 1779/1/1981
f 1780/1/1982 1777/1/1982 1778/1/1982
f 1777/1/56 1780/1/56 1775/1/56
f 1888/1/1983 1887/1/1983 1889/1/1983
f 1890/1/1984 1892/1/1984 1891/1/1984
f 1893/1/1985 1894/1/1985 1895/1/1985
f 1896/1/1986 1895/1/1986 1894/1/1986
f 1896/1/1987 1899/1/1987 1895/1/1987
f 1897/1/1988 1895/1/1988 1899/1/1988
f 1898/1/1989 1903/1/1989 1899/1/1989
f 1897/1/1990 1899/1/1990 1903/1/1990
f 1898/1/1991 1894/1/1991 1903/1/1991
f 1893/1/1992 1903/1/1992 1894/1/1992
f 1894/1/1993 1901/1/1993 1900/1/1993
f 1895/1/1994 1900/1/1994 1901/1/1994
f 1894/1/1995 1902/1/1995 1901/1/1995
f 1903/1/1996 1901/1/1996 1902/1/1996
f 1903/1/1997 1902/1/1997 1900/1/1997
f 1899/1/1998 1900/1/1999 1902/1/2000
f 1909/1/1891 1907/1/1891 1908/1/1891
f 1910/1/1857 1911/1/1857 1912/1/1857
f 1913/1/2001 1912/1/2001 1911/1/2001
f 1913/1/1893 1916/1/1893 1912/1/1893
f 1914/1/1894 1912/1/1894 1916/1/1894
f 1915/1/1895 1920/1/1895 1916/1/1895
f 1914/1/2002 1916/1/2002 1920/1/2002
f 1915/1/1897 1911/1/1897 1920/1/1897
f 1910/1/1898 1920/1/1898 1911/1/1898
f 1916/1/1899 1917/1/1899 1918/1/1899
f 1912/1/2003 1918/1/2003 1917/1/2003
f 1911/1/1865 1919/1/1865 1917/1/1865
f 1912/1/1866 1917/1/1866 1919/1/1866
f 1911/1/2004 1918/1/2004 1919/1/2004
f 1920/1/2005 1919/1/2005 1918/1/2005
f 1926/1/2006 1924/1/2006 1925/1/2006
f 1927/1/2007 1928/1/2007 1929/1/2007
f 1931/1/1906 1930/1/1906 1932/1/1906
f 1933/1/1874 1935/1/1874 1934/1/1874
s 0
f 1939/1/84 1940/1/84 1941/1/84
f 1939/1/56 1941/1/56 1942/1/56
s 1
f 1941/1/2008 1943/1/2008 1940/1/2008
f 1939/1/2008 1943/1/2008 1942/1/2008
f 1946/1/2009 1944/1/2010 1945/1/2011
f 1947/1/2012 1952/1/2012 1948/1/2012
f 1952/1/2013 1951/1/2013 1948/1/2013
f 1949/1/2014 1948/1/2014 1951/1/2014
f 1950/1/2015 1956/1/2016 1951/1/2017
f 1949/1/2018 1951/1/2018 1956/1/2018
f 1950/1/2019 1952/1/2019 1956/1/2019
f 1947/1/2020 1956/1/2020 1952/1/2020
f 1951/1/2021 1952/1/2021 1953/1/2021
f 1954/1/2022 1953/1/2022 1952/1/2022
f 1952/1/2023 1955/1/2023 1954/1/2023
f 1956/1/2024 1954/1/2024 1955/1/2024
f 1956/1/2025 1955/1/2025 1953/1/2025
f 1951/1/2026 1953/1/2026 1955/1/2026
f 1959/1/2027 1958/1/2027 1957/1/2027
f 1962/1/2028 1960/1/2028 1961/1/2028
f 1970/1/2029 1964/1/2029 1963/1/2029
f 1965/1/2030 1970/1/2030 1963/1/2030
f 1970/1/2031 1965/1/2031 1966/1/2031
f 1965/1/2032 1967/1/2032 1966/1/2032
f 1964/1/2033 1966/1/2033 1967/1/2033
f 1968/1/2034 1964/1/2034 1967/1/2034
f 1968/1/2035 1963/1/2035 1964/1/2035
f 1968/1/2036 1969/1/2036 1966/1/2036
f 1966/1/2037 1969/1/2037 1970/1/2037
f 1971/1/2038 1970/1/2038 1969/1/2038
f 1971/1/2039 1968/1/2039 1966/1/2039
f 1972/1/2040 1973/1/2040 1974/1/2040
f 1976/1/2041 1977/1/2041 1975/1/2041
f 1978/1/2042 1980/1/2042 1979/1/2042
s 0
f 1981/1/129 1982/1/129 1983/1/129
f 1981/1/84 1983/1/84 1984/1/84
s 1
f 1983/1/2043 1886/1/2043 1982/1/2043
f 1981/1/2043 1886/1/2043 1984/1/2043
f 1986/1/2044 1987/1/2044 1985/1/2044
f 1989/1/1983 1988/1/1983 1990/1/1983
f 1993/1/2045 1992/1/2045 1991/1/2045
f 2001/1/2046 1994/1/2046 1995/1/2046
f 1999/1/2047 1995/1/2047 1994/1/2047
f 1999/1/2048 1998/1/2048 1995/1/2048
f 1996/1/1871 1995/1/1871 1998/1/1871
f 1997/1/1989 2003/1/1989 1998/1/1989
f 1996/1/1990 1998/1/1990 2003/1/1990
f 1997/1/1938 1994/1/1938 2003/1/1938
f 2001/1/2049 2003/1/2049 1994/1/2049
f 1998/1/2050 1999/1/2050 2000/1/2050
f 2002/1/2051 2001/1/2051 1999/1/2051
f 2000/1/2052 1999/1/2052 2001/1/2052
f 2003/1/2053 2001/1/2053 2002/1/2053
f 2003/1/2054 2002/1/2054 2000/1/2054
f 1998/1/2055 2000/1/2055 2002/1/2055
s 0
f 2004/1/129 2005/1/129 2006/1/129
f 2004/1/84 2006/1/84 2007/1/84
s 1
f 2006/1/2056 2008/1/2056 2005/1/2056
f 2004/1/2056 2008/1/2056 2007/1/2056
f 2011/1/2057 2010/1/2057 2009/1/2057
f 2018/1/2058 2012/1/2058 2019/1/2058
f 2012/1/2059 2014/1/2059 2019/1/2059
f 2013/1/2060 2019/1/2060 2014/1/2060
f 2015/1/2061 2013/1/2061 2014/1/2061
f 2015/1/2062 2016/1/2062 2013/1/2062
f 2017/1/2063 2013/1/2063 2016/1/2063
f 2018/1/2064 2017/1/2064 2016/1/2064
f 2022/1/2065 2020/1/2065 2013/1/2065
f 2021/1/2066 2013/1/2067 2020/1/2068
f 2019/1/2069 2013/1/2069 2021/1/2069
f 2019/1/2070 2021/1/2070 2017/1/2070
f 2022/1/2071 2017/1/2071 2021/1/2071
f 2013/1/2072 2017/1/2072 2022/1/2072
f 2031/1/2073 2023/1/2073 2024/1/2073
f 2030/1/2074 2025/1/2074 2024/1/2074
f 2026/1/2075 2024/1/2075 2025/1/2075
f 2027/1/2076 2028/1/2077 2025/1/2078
f 2026/1/2079 2025/1/2078 2028/1/2077
f 2027/1/2080 2023/1/2080 2028/1/2080
f 2031/1/2081 2028/1/2081 2023/1/2081
f 2029/1/2082 2030/1/2082 2026/1/2082
f 2031/1/2083 2026/1/2083 2030/1/2083
f 2030/1/2084 2032/1/2084 2031/1/2084
f 2028/1/2085 2031/1/2085 2032/1/2085
f 2028/1/2086 2032/1/2086 2026/1/2086
f 2029/1/2087 2026/1/2087 2032/1/2087
f 2038/1/2088 2036/1/2088 2037/1/2088
f 2048/1/2089 2041/1/2089 2039/1/2089
f 2040/1/2090 2039/1/2090 2041/1/2090
f 2040/1/2091 2041/1/2091 2043/1/2091
f 2041/1/2092 2042/1/2092 2043/1/2092
f 2044/1/2093 2043/1/2093 2042/1/2093
f 2045/1/2094 2044/1/2095 2042/1/2096
f 2048/1/2097 2045/1/2097 2042/1/2097
f 2045/1/2098 2048/1/2098 2039/1/2098
f 2042/1/2099 2041/1/2100 2046/1/2101
f 2046/1/2102 2041/1/2102 2047/1/2102
f 2041/1/2103 2048/1/2103 2047/1/2103
f 2049/1/2104 2047/1/2104 2048/1/2104
f 2042/1/2105 2049/1/2106 2048/1/2107
f 2046/1/2108 2049/1/2108 2042/1/2108
f 2052/1/2109 2050/1/2109 2051/1/2109
f 1905/1/2110 1906/1/2110 1904/1/2110
f 1921/1/1951 1923/1/1951 1922/1/1951
f 1938/1/1952 1937/1/1952 1936/1/1952
f 1969/1/48 1965/1/48 1963/1/48
f 1967/1/48 1965/1/48 1969/1/48
f 1968/1/48 1967/1/48 1969/1/48
f 1971/1/2111 1969/1/2111 1963/1/2111
f 1968/1/2112 1971/1/2112 1963/1/2112
f 2020/1/48 2015/1/48 2014/1/48
f 2021/1/48 2020/1/48 2014/1/48
f 2016/1/48 2015/1/48 2020/1/48
f 2022/1/2113 2016/1/48 2020/1/48
f 2012/1/48 2021/1/48 2014/1/48
f 2021/1/2114 2016/1/48 2022/1/2113
f 2018/1/2115 2021/1/2115 2012/1/2115
f 2016/1/2116 2021/1/2116 2018/1/2116
f 2032/1/48 2025/1/48 2029/1/48
f 2029/1/48 2025/1/48 2030/1/48
f 2025/1/48 2032/1/48 2027/1/48
f 2032/1/48 2030/1/48 2027/1/48
f 2027/1/48 2030/1/48 2023/1/48
f 2024/1/2117 2023/1/2117 2030/1/2117
f 2035/1/2118 2033/1/2118 2034/1/2118
f 1943/1/2119 1942/1/2119 1941/1/2119
f 1939/1/2120 1940/1/2120 1943/1/2120
f 1971/1/2121 1964/1/2121 1970/1/2121
f 1966/1/2122 1964/1/2122 1971/1/2122
f 1886/1/2123 1984/1/2123 1983/1/2123
f 1981/1/2124 1982/1/2125 1886/1/2126
f 2008/1/2127 2007/1/2127 2006/1/2127
f 2004/1/2128 2005/1/2128 2008/1/2128
f 2018/1/2129 2019/1/2129 2017/1/2129
f 2031/1/2130 2024/1/2130 2026/1/2130
f 2047/1/2131 2040/1/56 2043/1/56
f 2039/1/56 2040/1/56 2047/1/2131
f 2046/1/56 2047/1/2131 2043/1/56
f 2044/1/56 2046/1/56 2043/1/56
f 2049/1/56 2039/1/56 2047/1/2131
f 2049/1/56 2046/1/56 2044/1/56
f 2045/1/56 2049/1/56 2044/1/56
f 2045/1/56 2039/1/56 2049/1/56
f 1996/1/48 2000/1/48 2003/1/48
f 2000/1/48 1995/1/48 2001/1/48
f 1995/1/48 2000/1/48 1996/1/48
f 1954/1/48 1947/1/48 1956/1/48
f 1949/1/48 1953/1/48 1956/1/48
f 1947/1/48 1954/1/48 1948/1/48
f 1949/1/48 1954/1/48 1953/1/48
f 1948/1/48 1954/1/48 1949/1/48
f 1919/1/48 1910/1/48 1920/1/48
f 1914/1/2132 1918/1/2132 1920/1/2132
f 1910/1/48 1919/1/48 1912/1/48
f 1914/1/1976 1912/1/1976 1918/1/1976
f 1901/1/48 1893/1/48 1903/1/48
f 1897/1/2133 1900/1/2133 1903/1/2133
f 1893/1/48 1901/1/48 1895/1/48
f 1897/1/2134 1895/1/2134 1900/1/2134
f 1997/1/56 2002/1/56 1998/1/56
f 2002/1/56 1994/1/56 1999/1/56
f 1994/1/56 2002/1/56 1997/1/56
f 1950/1/56 1955/1/56 1951/1/56
f 1950/1/56 1952/1/56 1955/1/56
f 1917/1/56 1913/1/56 1916/1/56
f 1915/1/2135 1918/1/2135 1916/1/2135
f 1913/1/56 1917/1/56 1911/1/56
f 1915/1/2136 1911/1/2136 1918/1/2136
f 1900/1/2137 1896/1/2137 1899/1/2137
f 1898/1/56 1902/1/56 1899/1/56
f 1896/1/2138 1900/1/2138 1894/1/2138
f 1898/1/56 1894/1/56 1902/1/56
s 0
f 2053/1/84 2054/1/84 2055/1/84
f 2053/1/84 2055/1/84 2056/1/84
s 1
f 2055/1/2139 2057/1/2140 2054/1/2140
f 2053/1/2140 2057/1/2140 2056/1/2140
f 2060/1/2141 2058/1/2141 2059/1/2141
f 2063/1/2040 2062/1/2040 2061/1/2040
f 2065/1/2142 2066/1/2142 2064/1/2142
f 2067/1/2143 2069/1/2143 2068/1/2143
s 0
f 2070/1/56 2071/1/56 2072/1/56
f 2070/1/84 2072/1/84 2073/1/84
s 1
f 2072/1/1855 2074/1/1855 2071/1/1855
f 2070/1/1855 2074/1/1855 2073/1/1855
f 2077/1/2144 2076/1/2144 2075/1/2144
f 2078/1/2145 2079/1/2145 2080/1/2145
f 2081/1/2146 2080/1/2146 2079/1/2146
f 2081/1/2147 2082/1/2147 2080/1/2147
f 2086/1/2148 2080/1/2149 2082/1/2150
f 2083/1/2151 2079/1/2151 2082/1/2151
f 2078/1/2152 2082/1/2152 2079/1/2152
f 2083/1/1863 2084/1/1863 2086/1/1863
f 2080/1/1864 2086/1/1864 2084/1/1864
f 2079/1/1901 2085/1/1901 2084/1/1901
f 2080/1/2153 2084/1/2154 2085/1/2155
f 2079/1/2156 2083/1/2156 2085/1/2156
f 2086/1/2157 2085/1/2157 2083/1/2157
f 2092/1/2158 2090/1/2158 2091/1/2158
f 2094/1/2159 2093/1/2159 2095/1/2159
f 2097/1/2160 2096/1/2160 2098/1/2160
f 2101/1/1907 2100/1/1907 2099/1/1907
s 0
f 2105/1/84 2106/1/84 2107/1/84
f 2105/1/84 2107/1/84 2108/1/84
s 1
f 2107/1/2161 2109/1/2161 2106/1/2161
f 2105/1/2161 2109/1/2161 2108/1/2161
f 2111/1/2162 2112/1/2162 2110/1/2162
f 2113/1/2163 2114/1/2163 2115/1/2163
f 2116/1/2164 2115/1/2164 2114/1/2164
f 2116/1/2165 2119/1/2165 2115/1/2165
f 2117/1/2166 2115/1/2166 2119/1/2166
f 2118/1/2167 2123/1/2167 2119/1/2167
f 2117/1/2018 2119/1/2018 2123/1/2018
f 2118/1/2168 2114/1/2168 2123/1/2168
f 2113/1/2169 2123/1/2169 2114/1/2169
f 2119/1/2170 2120/1/2170 2121/1/2170
f 2115/1/2171 2121/1/2171 2120/1/2171
f 2114/1/2172 2122/1/2172 2120/1/2172
f 2115/1/2173 2120/1/2173 2122/1/2173
f 2114/1/2174 2121/1/2174 2122/1/2174
f 2123/1/2175 2122/1/2175 2121/1/2175
f 2126/1/2176 2125/1/2176 2124/1/2176
f 2129/1/2177 2127/1/2177 2128/1/2177
f 2131/1/2178 2135/1/2178 2134/1/2178
f 2130/1/2179 2131/1/2179 2134/1/2179
f 2131/1/2180 2130/1/2180 2132/1/2180
f 2130/1/2181 2133/1/2181 2132/1/2181
f 2135/1/2182 2132/1/2182 2133/1/2182
f 2138/1/2183 2135/1/2183 2133/1/2183
f 2138/1/2184 2134/1/2184 2135/1/2184
f 2138/1/2185 2136/1/2185 2132/1/2185
f 2132/1/2186 2136/1/2186 2131/1/2186
f 2137/1/2187 2131/1/2187 2136/1/2187
f 2137/1/2188 2138/1/2188 2132/1/2188
f 2148/1/2189 2145/1/2189 2146/1/2189
f 2147/1/2190 2148/1/2190 2146/1/2190
f 2149/1/2191 2148/1/2192 2147/1/2193
f 2147/1/2194 2150/1/2194 2149/1/2194
f 2149/1/2195 2150/1/2195 2151/1/2195
f 2145/1/2196 2151/1/2196 2150/1/2196
f 2146/1/2197 2152/1/2197 2147/1/2197
f 2151/1/2198 2152/1/2198 2146/1/2198
f 2146/1/2199 2153/1/2199 2151/1/2199
f 2151/1/2200 2153/1/2201 2154/1/2202
f 2147/1/2203 2154/1/2203 2153/1/2203
f 2152/1/2204 2154/1/2204 2147/1/2204
f 2160/1/2205 2159/1/2205 2158/1/2205
f 2164/1/2206 2162/1/2206 2161/1/2206
f 2163/1/2207 2164/1/2208 2161/1/2209
f 2163/1/2210 2166/1/2210 2164/1/2210
f 2165/1/2211 2164/1/2211 2166/1/2211
f 2167/1/2212 2165/1/2212 2166/1/2212
f 2165/1/2213 2167/1/2213 2162/1/2213
f 2167/1/2214 2161/1/2214 2162/1/2214
f 2168/1/2215 2163/1/2215 2162/1/2215
f 2165/1/2216 2162/1/2216 2163/1/2216
f 2163/1/2217 2161/1/2217 2165/1/2217
f 2168/1/2218 2165/1/2218 2161/1/2218
f 2165/1/2219 2168/1/2219 2164/1/2219
f 2162/1/2220 2164/1/2220 2168/1/2220
f 2173/1/2221 2174/1/2221 2172/1/2221
f 2177/1/2177 2175/1/2177 2176/1/2177
f 2179/1/2222 2178/1/2222 2182/1/2222
f 2180/1/2223 2179/1/2223 2182/1/2223
f 2179/1/2180 2180/1/2180 2184/1/2180
f 2180/1/2032 2181/1/2032 2184/1/2032
f 2178/1/2224 2184/1/2224 2181/1/2224
f 2183/1/2225 2178/1/2225 2181/1/2225
f 2183/1/2226 2182/1/2226 2178/1/2226
f 2183/1/2227 2185/1/2227 2184/1/2227
f 2184/1/2228 2185/1/2228 2179/1/2228
f 2186/1/2229 2179/1/2229 2185/1/2229
f 2186/1/2230 2183/1/2230 2184/1/2230
f 2188/1/2231 2197/1/2231 2187/1/2231
f 2187/1/2232 2198/1/2232 2188/1/2232
f 2196/1/2233 2188/1/2233 2198/1/2233
f 2188/1/2234 2196/1/2235 2189/1/2235
f 2196/1/2236 2190/1/2236 2189/1/2236
f 2191/1/2237 2189/1/2237 2190/1/2237
f 2190/1/2238 2193/1/2238 2191/1/2238
f 2192/1/2239 2191/1/2240 2193/1/2241
f 2192/1/2242 2193/1/2242 2194/1/2242
f 2197/1/2243 2194/1/2243 2187/1/2243
f 2195/1/2244 2191/1/2244 2196/1/2244
f 2198/1/2245 2195/1/2246 2196/1/2247
f 2195/1/2248 2198/1/2248 2197/1/2248
f 2198/1/2249 2199/1/2249 2197/1/2249
f 2197/1/2250 2199/1/2250 2191/1/2250
f 2199/1/2251 2196/1/2251 2191/1/2251
f 2200/1/2252 2202/1/2252 2187/1/2252
f 2193/1/2253 2200/1/2253 2187/1/2253
f 2193/1/2254 2190/1/2254 2200/1/2254
f 2201/1/2255 2200/1/2255 2190/1/2255
f 2187/1/2256 2202/1/2256 2190/1/2256
f 2201/1/2257 2190/1/2257 2202/1/2257
f 2203/1/2258 2205/1/2258 2204/1/2258
f 2208/1/2259 2207/1/2259 2206/1/2259
f 2210/1/2260 2209/1/2260 2211/1/2260
f 2212/1/2261 2213/1/2261 2214/1/2261
f 2216/1/2262 2215/1/2262 2221/1/2262
f 2215/1/2263 2216/1/2263 2217/1/2263
f 2216/1/2264 2218/1/2265 2217/1/2266
f 2220/1/2267 2217/1/2267 2218/1/2267
f 2219/1/2268 2220/1/2268 2218/1/2268
f 2219/1/2269 2221/1/2269 2220/1/2269
f 2215/1/2270 2220/1/2270 2221/1/2270
f 2217/1/2271 2220/1/2271 2224/1/2271
f 2222/1/2272 2217/1/2272 2224/1/2272
f 2217/1/2273 2222/1/2273 2215/1/2273
f 2222/1/2274 2223/1/2274 2215/1/2274
f 2220/1/2275 2215/1/2275 2223/1/2275
f 2224/1/2276 2220/1/2276 2223/1/2276
f 2227/1/2277 2226/1/2278 2225/1/2278
f 2228/1/2279 2230/1/2279 2229/1/2279
f 2233/1/2280 2232/1/2280 2231/1/2280
f 2087/1/1951 2089/1/1951 2088/1/1951
f 2104/1/1952 2103/1/1952 2102/1/1952
f 2136/1/48 2130/1/48 2134/1/48
f 2133/1/48 2130/1/48 2136/1/48
f 2138/1/48 2133/1/48 2136/1/48
f 2137/1/2281 2136/1/2281 2134/1/2281
f 2138/1/2282 2137/1/2282 2134/1/2282
f 2141/1/2283 2139/1/2283 2140/1/2283
f 2142/1/2284 2144/1/2284 2143/1/2284
f 2153/1/48 2150/1/48 2147/1/48
f 2150/1/2285 2153/1/2286 2145/1/2287
f 2146/1/2288 2145/1/2288 2153/1/2288
f 2166/1/48 2163/1/48 2168/1/48
f 2168/1/48 2161/1/48 2167/1/48
f 2166/1/48 2168/1/48 2167/1/48
f 2170/1/2289 2171/1/2289 2169/1/2289
f 2185/1/48 2180/1/48 2182/1/48
f 2181/1/48 2180/1/48 2185/1/48
f 2183/1/48 2181/1/48 2185/1/48
f 2186/1/2281 2185/1/2281 2182/1/2281
f 2183/1/2290 2186/1/2290 2182/1/2290
f 2194/1/2291 2193/1/2291 2187/1/2291
f 2187/1/48 2190/1/48 2199/1/48
f 2199/1/48 2198/1/48 2187/1/48
f 2199/1/48 2190/1/48 2196/1/48
f 2222/1/48 2216/1/48 2221/1/48
f 2218/1/48 2216/1/48 2222/1/48
f 2224/1/48 2218/1/48 2222/1/48
f 2223/1/2292 2222/1/48 2221/1/48
f 2219/1/48 2223/1/2292 2221/1/48
f 2224/1/48 2223/1/2292 2219/1/48
f 2219/1/48 2218/1/48 2224/1/48
f 2055/1/2139 2056/1/2140 2057/1/2140
f 2053/1/2293 2054/1/2294 2057/1/2295
f 2072/1/1855 2073/1/1855 2074/1/1855
f 2070/1/1965 2071/1/1965 2074/1/1965
f 2109/1/2119 2108/1/2119 2107/1/2119
f 2105/1/2119 2106/1/2119 2109/1/2119
f 2137/1/2296 2135/1/2296 2131/1/2296
f 2132/1/2122 2135/1/2122 2137/1/2122
f 2149/1/56 2151/1/2297 2154/1/56
f 2154/1/56 2152/1/56 2149/1/56
f 2149/1/56 2152/1/56 2148/1/56
f 2145/1/2298 2148/1/2298 2152/1/2298
f 2151/1/2299 2145/1/2299 2152/1/2299
f 2157/1/2300 2156/1/2300 2155/1/2300
f 2186/1/2301 2178/1/2301 2179/1/2301
f 2184/1/2122 2178/1/2122 2186/1/2122
f 2202/1/56 2191/1/56 2201/1/56
f 2192/1/56 2201/1/56 2191/1/56
f 2200/1/56 2201/1/56 2192/1/56
f 2192/1/2302 2194/1/2303 2200/1/2304
f 2200/1/2305 2194/1/2306 2202/1/2307
f 2194/1/2306 2197/1/2308 2202/1/2307
f 2202/1/56 2197/1/56 2191/1/56
f 2191/1/56 2195/1/2309 2189/1/56
f 2197/1/56 2188/1/56 2195/1/2309
f 2195/1/2309 2188/1/56 2189/1/56
f 2122/1/48 2113/1/48 2123/1/48
f 2117/1/2310 2121/1/2310 2123/1/2310
f 2113/1/48 2122/1/48 2115/1/48
f 2117/1/2311 2115/1/2311 2121/1/2311
f 2085/1/2312 2082/1/2313 2086/1/2314
f 2085/1/2315 2078/1/2315 2082/1/2315
f 2078/1/48 2085/1/48 2080/1/48
f 2120/1/56 2116/1/56 2119/1/56
f 2118/1/2316 2121/1/2316 2119/1/2316
f 2116/1/56 2120/1/56 2114/1/56
f 2118/1/2317 2114/1/2317 2121/1/2317
f 2084/1/2318 2082/1/2318 2083/1/2318
f 2084/1/2319 2081/1/2319 2082/1/2319
f 2081/1/56 2084/1/56 2079/1/56
s 0
f 2236/1/84 2237/1/84 2238/1/84
f 2236/1/84 2238/1/84 2239/1/84
s 1
f 2238/1/2320 2240/1/2320 2237/1/2320
f 2236/1/2320 2240/1/2320 2239/1/2320
f 2242/1/2321 2243/1/2321 2241/1/2321
f 2252/1/2322 2255/1/2322 2247/1/2322
f 2248/1/2323 2247/1/2323 2255/1/2323
f 2247/1/2324 2248/1/2324 2254/1/2324
f 2249/1/2325 2254/1/2325 2248/1/2325
f 2248/1/2326 2250/1/2326 2249/1/2326
f 2252/1/2327 2249/1/2327 2250/1/2327
f 2249/1/2328 2252/1/2328 2251/1/2328
f 2247/1/2329 2251/1/2329 2252/1/2329
f 2250/1/2330 2253/1/2330 2254/1/2330
f 2255/1/2331 2254/1/2331 2253/1/2331
f 2251/1/2332 2254/1/2332 2255/1/2332
f 2255/1/2333 2250/1/2333 2251/1/2333
f 2251/1/2334 2250/1/2334 2256/1/2334
f 2254/1/2335 2256/1/2335 2250/1/2335
f 2259/1/2336 2258/1/2336 2257/1/2336
f 2261/1/2337 2260/1/2337 2262/1/2337
s 0
f 2263/1/84 2264/1/84 2265/1/84
f 2263/1/129 2265/1/129 2266/1/129
s 1
f 2265/1/1855 2267/1/1855 2264/1/1855
f 2263/1/1855 2267/1/1855 2266/1/1855
f 2270/1/2338 2268/1/2338 2269/1/2338
f 2279/1/2339 2271/1/2339 2272/1/2339
f 2276/1/2340 2272/1/2340 2271/1/2340
f 2276/1/2341 2275/1/2341 2272/1/2341
f 2273/1/2342 2272/1/2342 2275/1/2342
f 2280/1/2343 2274/1/2343 2275/1/2343
f 2273/1/2344 2275/1/2345 2274/1/2345
f 2280/1/2346 2271/1/2347 2274/1/2348
f 2279/1/2349 2274/1/2350 2271/1/2351
f 2275/1/2352 2276/1/2352 2277/1/2352
f 2278/1/2353 2277/1/2354 2276/1/2355
f 2278/1/2356 2276/1/2356 2279/1/2356
f 2276/1/2357 2280/1/2357 2279/1/2357
f 2277/1/2358 2279/1/2358 2280/1/2358
f 2275/1/2359 2277/1/2359 2280/1/2359
f 2285/1/1871 2286/1/1871 2284/1/1871
f 2289/1/1905 2287/1/1905 2288/1/1905
f 2291/1/1873 2290/1/1873 2292/1/1873
f 2293/1/1874 2295/1/1874 2294/1/1874
f 2304/1/2360 2302/1/2361 2303/1/2362
f 2306/1/2363 2312/1/2363 2305/1/2363
f 2306/1/1932 2309/1/1932 2312/1/1932
f 2307/1/1933 2312/1/1933 2309/1/1933
f 2308/1/1934 2314/1/1934 2309/1/1934
f 2307/1/2364 2309/1/2364 2314/1/2364
f 2308/1/2365 2305/1/2365 2314/1/2365
f 2312/1/2366 2314/1/2366 2305/1/2366
f 2309/1/1940 2310/1/1940 2311/1/1940
f 2312/1/1941 2311/1/1941 2310/1/1941
f 2310/1/1942 2313/1/1942 2312/1/1942
f 2314/1/2367 2312/1/2367 2313/1/2367
f 2314/1/1946 2313/1/1946 2311/1/1946
f 2309/1/1947 2311/1/1947 2313/1/1947
f 2317/1/2027 2316/1/2027 2315/1/2027
f 2320/1/2368 2318/1/2368 2319/1/2368
f 2328/1/2178 2322/1/2178 2321/1/2178
f 2323/1/2369 2328/1/2369 2321/1/2369
f 2328/1/2370 2323/1/2370 2324/1/2370
f 2323/1/2371 2325/1/2371 2324/1/2371
f 2322/1/2372 2324/1/2373 2325/1/2374
f 2326/1/2375 2322/1/2375 2325/1/2375
f 2326/1/2376 2321/1/2376 2322/1/2376
f 2326/1/2377 2327/1/2377 2324/1/2377
f 2324/1/2186 2327/1/2186 2328/1/2186
f 2329/1/2038 2328/1/2038 2327/1/2038
f 2329/1/2378 2326/1/2378 2324/1/2378
f 2332/1/2379 2331/1/2379 2330/1/2379
f 2334/1/2142 2335/1/2142 2333/1/2142
f 2336/1/2143 2338/1/2143 2337/1/2143
f 2346/1/2380 2348/1/2381 2347/1/2382
f 2352/1/2383 2358/1/2383 2353/1/2383
f 2354/1/2384 2353/1/2384 2358/1/2384
f 2353/1/2385 2354/1/2385 2357/1/2385
f 2355/1/2325 2357/1/2325 2354/1/2325
f 2354/1/2326 2360/1/2326 2355/1/2326
f 2352/1/2327 2355/1/2327 2360/1/2327
f 2355/1/2386 2352/1/2386 2359/1/2386
f 2353/1/2387 2359/1/2387 2352/1/2387
f 2360/1/2330 2356/1/2330 2357/1/2330
f 2358/1/2388 2357/1/2389 2356/1/2390
f 2359/1/2332 2357/1/2332 2358/1/2332
f 2358/1/2333 2360/1/2333 2359/1/2333
f 2359/1/2391 2360/1/2391 2361/1/2391
f 2357/1/2335 2361/1/2335 2360/1/2335
f 2364/1/2392 2363/1/2392 2362/1/2392
f 2365/1/2393 2367/1/2393 2366/1/2393
f 2371/1/2057 2373/1/2057 2372/1/2057
f 2378/1/2394 2374/1/2394 2381/1/2394
f 2374/1/2395 2375/1/2395 2381/1/2395
f 2377/1/2396 2381/1/2396 2375/1/2396
f 2376/1/2397 2377/1/2397 2375/1/2397
f 2378/1/2398 2377/1/2398 2376/1/2398
f 2380/1/2399 2377/1/2399 2379/1/2399
f 2381/1/2400 2377/1/2400 2380/1/2400
f 2376/1/2401 2381/1/2401 2380/1/2401
f 2379/1/2402 2381/1/2402 2376/1/2402
f 2390/1/2403 2382/1/2403 2383/1/2403
f 2389/1/2404 2384/1/2404 2383/1/2404
f 2385/1/2405 2383/1/2405 2384/1/2405
f 2386/1/2406 2387/1/2407 2384/1/2408
f 2385/1/2409 2384/1/2408 2387/1/2407
f 2386/1/1874 2382/1/1874 2387/1/1874
f 2390/1/2410 2387/1/2410 2382/1/2410
f 2388/1/2411 2389/1/2411 2385/1/2411
f 2390/1/2412 2385/1/2412 2389/1/2412
f 2391/1/2413 2390/1/2413 2389/1/2413
f 2391/1/2414 2388/1/2414 2390/1/2414
f 2387/1/2415 2390/1/2415 2388/1/2415
f 2387/1/2416 2388/1/2416 2385/1/2416
s 0
f 2392/1/84 2393/1/84 2394/1/84
f 2392/1/129 2394/1/129 2395/1/129
s 1
f 2394/1/2161 2396/1/2161 2393/1/2161
f 2392/1/2161 2396/1/2161 2395/1/2161
f 2399/1/2088 2397/1/2088 2398/1/2088
f 2409/1/2417 2408/1/2417 2400/1/2417
f 2401/1/2418 2400/1/2418 2408/1/2418
f 2401/1/2419 2408/1/2419 2402/1/2419
f 2408/1/2420 2404/1/2420 2402/1/2420
f 2403/1/2421 2402/1/2421 2404/1/2421
f 2405/1/2422 2403/1/2422 2404/1/2422
f 2409/1/2097 2405/1/2097 2404/1/2097
f 2405/1/2423 2409/1/2423 2400/1/2423
f 2404/1/2424 2408/1/2424 2406/1/2424
f 2406/1/2102 2408/1/2102 2407/1/2102
f 2408/1/2103 2409/1/2103 2407/1/2103
f 2410/1/2104 2407/1/2104 2409/1/2104
f 2404/1/2425 2410/1/2425 2409/1/2425
f 2406/1/2426 2410/1/2426 2404/1/2426
f 2412/1/2427 2413/1/2427 2411/1/2427
f 2244/1/2428 2246/1/2428 2245/1/2428
f 2253/1/48 2248/1/48 2255/1/48
f 2250/1/48 2248/1/48 2253/1/48
f 2250/1/48 2255/1/48 2252/1/48
f 2281/1/1951 2283/1/1951 2282/1/1951
f 2298/1/1952 2297/1/1952 2296/1/1952
f 2301/1/2429 2299/1/2429 2300/1/2429
f 2327/1/48 2323/1/48 2321/1/48
f 2325/1/48 2323/1/48 2327/1/48
f 2326/1/48 2325/1/48 2327/1/48
f 2329/1/2430 2327/1/2430 2321/1/2430
f 2326/1/2431 2329/1/2431 2321/1/2431
f 2341/1/2432 2340/1/2432 2339/1/2432
f 2234/1/2433 2235/1/2433 2342/1/2433
f 2343/1/2434 2344/1/2434 2345/1/2434
f 2351/1/2435 2350/1/2435 2349/1/2435
f 2356/1/48 2354/1/48 2358/1/48
f 2360/1/48 2354/1/48 2356/1/48
f 2360/1/48 2358/1/48 2352/1/48
f 2370/1/2436 2368/1/2436 2369/1/2436
f 2379/1/2437 2376/1/2437 2375/1/2437
f 2380/1/2438 2379/1/2438 2375/1/2438
f 2374/1/48 2380/1/48 2375/1/48
f 2378/1/2439 2380/1/2440 2374/1/2441
f 2376/1/2442 2380/1/2440 2378/1/2439
f 2388/1/48 2384/1/48 2389/1/48
f 2384/1/48 2388/1/48 2386/1/48
f 2388/1/48 2391/1/48 2386/1/48
f 2386/1/48 2391/1/48 2382/1/48
f 2391/1/48 2389/1/48 2382/1/48
f 2383/1/2443 2382/1/2443 2389/1/2443
f 2240/1/2444 2239/1/2444 2238/1/2444
f 2236/1/2444 2237/1/2444 2240/1/2444
f 2251/1/56 2247/1/56 2254/1/56
f 2256/1/56 2254/1/56 2249/1/56
f 2251/1/56 2256/1/56 2249/1/56
f 2265/1/1855 2266/1/1855 2267/1/1855
f 2263/1/1965 2264/1/1965 2267/1/1965
f 2329/1/2121 2322/1/2121 2328/1/2121
f 2324/1/2122 2322/1/2122 2329/1/2122
f 2359/1/56 2353/1/56 2357/1/56
f 2361/1/56 2357/1/56 2355/1/56
f 2359/1/56 2361/1/56 2355/1/56
f 2381/1/2445 2379/1/2445 2378/1/2445
f 2378/1/2446 2379/1/2446 2377/1/2446
f 2390/1/2447 2383/1/2447 2385/1/2447
f 2396/1/2448 2395/1/2449 2394/1/2450
f 2392/1/2119 2393/1/2119 2396/1/2119
f 2407/1/2309 2401/1/56 2402/1/56
f 2400/1/56 2401/1/56 2407/1/2309
f 2406/1/56 2407/1/2309 2402/1/56
f 2403/1/56 2406/1/56 2402/1/56
f 2410/1/56 2400/1/56 2407/1/2309
f 2410/1/56 2406/1/56 2403/1/56
f 2405/1/56 2410/1/56 2403/1/56
f 2405/1/56 2400/1/56 2410/1/56
f 2307/1/48 2311/1/48 2314/1/48
f 2307/1/48 2312/1/48 2311/1/48
f 2279/1/48 2274/1/48 2277/1/48
f 2273/1/48 2277/1/48 2274/1/48
f 2273/1/48 2278/1/48 2277/1/48
f 2278/1/48 2272/1/48 2279/1/48
f 2272/1/48 2278/1/48 2273/1/48
f 2310/1/56 2306/1/56 2309/1/56
f 2308/1/56 2313/1/56 2309/1/56
f 2306/1/56 2310/1/56 2305/1/56
f 2308/1/56 2310/1/56 2313/1/56
f 2305/1/56 2310/1/56 2308/1/56
f 2271/1/56 2276/1/56 2280/1/56
f 2416/1/2451 2418/1/2451 2415/1/2451
f 2417/1/2452 2415/1/2452 2418/1/2452
f 2423/1/2453 2419/1/2453 2418/1/2453
f 2417/1/2454 2418/1/2454 2419/1/2454
f 2423/1/2455 2414/1/2455 2419/1/2455
f 2418/1/2456 2420/1/2456 2421/1/2456
f 2415/1/2457 2421/1/2457 2420/1/2457
f 2415/1/84 2420/1/84 2422/1/84
f 2420/1/2458 2423/1/2458 2422/1/2458
f 2421/1/2459 2422/1/2459 2423/1/2459
f 2418/1/2460 2421/1/2460 2423/1/2460
f 2430/1/2461 2428/1/2461 2427/1/2461
f 2429/1/2462 2432/1/2462 2427/1/2462
f 2427/1/2463 2434/1/2463 2429/1/2463
f 2430/1/2464 2429/1/2464 2434/1/2464
f 2429/1/2465 2430/1/2465 2431/1/2465
f 2427/1/2466 2431/1/2466 2430/1/2466
f 2434/1/2467 2428/1/2467 2432/1/2467
f 2431/1/2468 2432/1/2468 2428/1/2468
f 2428/1/2469 2433/1/2469 2431/1/2469
f 2431/1/2470 2433/1/2470 2435/1/2470
f 2434/1/2471 2435/1/2471 2433/1/2471
f 2432/1/2472 2435/1/2472 2434/1/2472
f 2437/1/2473 2438/1/2473 2436/1/2473
f 2443/1/2474 2442/1/2474 2444/1/2474
f 2445/1/2475 2449/1/2475 2453/1/2475
f 2446/1/2476 2445/1/2476 2453/1/2476
f 2445/1/2477 2446/1/2477 2447/1/2477
f 2446/1/2478 2448/1/2478 2447/1/2478
f 2452/1/2479 2447/1/2479 2448/1/2479
f 2452/1/2480 2448/1/2480 2449/1/2480
f 2448/1/2481 2453/1/2481 2449/1/2481
f 2450/1/2482 2446/1/2482 2451/1/2482
f 2453/1/2483 2451/1/2483 2446/1/2483
f 2452/1/2484 2451/1/2484 2453/1/2484
f 2450/1/2485 2452/1/2485 2453/1/2485
s 0
f 2454/1/56 2455/1/56 2456/1/56
f 2454/1/56 2456/1/56 2457/1/56
s 1
f 2456/1/1855 2458/1/1855 2455/1/1855
f 2454/1/1855 2458/1/1855 2457/1/1855
f 2461/1/2338 2459/1/2338 2460/1/2338
f 2469/1/2486 2462/1/2486 2463/1/2486
f 2464/1/2487 2463/1/2487 2462/1/2487
f 2464/1/1893 2467/1/1893 2463/1/1893
f 2465/1/1894 2463/1/1894 2467/1/1894
f 2470/1/2488 2466/1/2488 2467/1/2488
f 2465/1/2489 2467/1/2489 2466/1/2489
f 2470/1/2490 2462/1/2490 2466/1/2490
f 2469/1/2491 2466/1/2491 2462/1/2491
f 2467/1/2492 2468/1/2492 2471/1/2492
f 2463/1/2493 2471/1/2493 2468/1/2493
f 2463/1/2494 2468/1/2494 2469/1/2494
f 2468/1/2495 2470/1/2495 2469/1/2495
f 2471/1/2496 2469/1/2496 2470/1/2496
f 2467/1/2497 2471/1/2497 2470/1/2497
f 2477/1/2006 2475/1/2006 2476/1/2006
f 2478/1/1872 2480/1/1872 2479/1/1872
f 2482/1/1906 2481/1/1906 2483/1/1906
f 2484/1/1907 2486/1/1907 2485/1/1907
s 0
f 2490/1/84 2491/1/84 2492/1/84
f 2490/1/56 2492/1/56 2493/1/56
s 1
f 2492/1/2161 2494/1/2161 2491/1/2161
f 2490/1/2161 2494/1/2161 2493/1/2161
f 2497/1/2162 2495/1/2162 2496/1/2162
f 2505/1/2498 2498/1/2498 2499/1/2498
f 2503/1/2499 2499/1/2500 2498/1/2501
f 2503/1/2502 2500/1/2502 2499/1/2502
f 2504/1/2503 2499/1/2503 2500/1/2503
f 2502/1/2504 2501/1/2504 2500/1/2504
f 2504/1/2505 2500/1/2505 2501/1/2506
f 2502/1/2507 2498/1/2507 2501/1/2507
f 2505/1/2508 2501/1/2508 2498/1/2508
f 2502/1/2509 2503/1/2509 2504/1/2509
f 2505/1/2510 2504/1/2510 2503/1/2510
f 2506/1/2511 2505/1/2511 2503/1/2511
f 2506/1/2512 2502/1/2512 2505/1/2512
f 2507/1/2513 2505/1/2513 2502/1/2513
f 2507/1/2514 2502/1/2514 2504/1/2514
f 2510/1/2027 2509/1/2027 2508/1/2027
f 2512/1/2177 2511/1/2177 2513/1/2177
f 2515/1/2515 2519/1/2515 2514/1/2515
f 2516/1/2179 2515/1/2179 2514/1/2179
f 2515/1/2180 2516/1/2180 2518/1/2180
f 2516/1/2032 2517/1/2032 2518/1/2032
f 2519/1/2516 2518/1/2517 2517/1/2518
f 2520/1/2519 2519/1/2520 2517/1/2521
f 2520/1/2226 2514/1/2226 2519/1/2226
f 2520/1/2185 2521/1/2185 2518/1/2185
f 2518/1/2186 2521/1/2186 2515/1/2186
f 2522/1/2187 2515/1/2187 2521/1/2187
f 2522/1/2188 2520/1/2188 2518/1/2188
f 2524/1/2040 2523/1/2040 2525/1/2040
f 2528/1/2522 2526/1/2522 2527/1/2522
f 2529/1/2143 2531/1/2143 2530/1/2143
f 2534/1/2045 2533/1/2045 2532/1/2045
f 2535/1/2523 2537/1/2523 2536/1/2523
f 2539/1/2451 2541/1/2451 2540/1/2451
f 2542/1/2452 2540/1/2452 2541/1/2452
f 2547/1/2453 2543/1/2453 2541/1/2453
f 2542/1/2454 2541/1/2454 2543/1/2454
f 2547/1/2524 2538/1/2525 2543/1/2526
f 2541/1/2456 2544/1/2456 2545/1/2456
f 2540/1/2457 2545/1/2457 2544/1/2457
f 2540/1/84 2544/1/84 2546/1/84
f 2544/1/2458 2547/1/2458 2546/1/2458
f 2545/1/2459 2546/1/2459 2547/1/2459
f 2541/1/2527 2545/1/2528 2547/1/2529
f 2556/1/2530 2554/1/2530 2555/1/2530
f 2557/1/2531 2559/1/2531 2558/1/2531
s 0
f 2560/1/56 2561/1/56 2562/1/56
f 2560/1/56 2562/1/56 2563/1/56
s 1
f 2562/1/2043 2564/1/2043 2561/1/2043
f 2560/1/2043 2564/1/2043 2563/1/2043
f 2567/1/2532 2566/1/2532 2565/1/2532
f 2569/1/2533 2571/1/2533 2568/1/2533
f 2570/1/2534 2568/1/2534 2571/1/2534
f 2570/1/2535 2571/1/2535 2572/1/2535
f 2571/1/2536 2573/1/2536 2572/1/2536
f 2568/1/2537 2572/1/2537 2573/1/2537
f 2569/1/2538 2568/1/2538 2573/1/2538
f 2573/1/2539 2571/1/2539 2574/1/2539
f 2574/1/2540 2571/1/2540 2575/1/2540
f 2576/1/2541 2575/1/2541 2571/1/2541
f 2571/1/2542 2569/1/2543 2576/1/2544
f 2573/1/2545 2576/1/2545 2569/1/2545
f 2574/1/2546 2576/1/2546 2573/1/2546
f 2579/1/2547 2580/1/2547 2578/1/2547
f 2579/1/2548 2582/1/2548 2580/1/2548
f 2581/1/2549 2580/1/2549 2582/1/2549
f 2583/1/2076 2584/1/2550 2582/1/2078
f 2581/1/2551 2582/1/2078 2584/1/2550
f 2583/1/2552 2577/1/2552 2584/1/2552
f 2585/1/2553 2586/1/2553 2581/1/2553
f 2580/1/2554 2581/1/2554 2586/1/2554
f 2587/1/2547 2580/1/2547 2586/1/2547
f 2587/1/2555 2585/1/2555 2580/1/2555
f 2584/1/2556 2580/1/2556 2585/1/2556
f 2584/1/2416 2585/1/2416 2581/1/2416
f 2593/1/2088 2591/1/2088 2592/1/2088
f 2604/1/2557 2595/1/2557 2594/1/2557
f 2596/1/2558 2594/1/2558 2595/1/2558
f 2597/1/2559 2596/1/2559 2595/1/2559
f 2596/1/2560 2597/1/2560 2601/1/2560
f 2597/1/2561 2598/1/2561 2601/1/2561
f 2599/1/2562 2601/1/2562 2598/1/2562
f 2600/1/2563 2599/1/2564 2598/1/2565
f 2604/1/2566 2600/1/2566 2598/1/2566
f 2600/1/2567 2604/1/2568 2594/1/2569
f 2601/1/2570 2603/1/2570 2602/1/2570
f 2595/1/2571 2602/1/2571 2603/1/2571
f 2595/1/2572 2604/1/2572 2602/1/2572
f 2599/1/2573 2602/1/2573 2604/1/2573
f 2604/1/2574 2603/1/2574 2599/1/2574
f 2601/1/2575 2599/1/2575 2603/1/2575
f 2606/1/2427 2607/1/2427 2605/1/2427
f 2416/1/2576 2420/1/2576 2418/1/2576
f 2423/1/2577 2420/1/2577 2414/1/2577
f 2420/1/2578 2416/1/2578 2414/1/2578
f 2424/1/2579 2426/1/2579 2425/1/2579
f 2430/1/48 2434/1/48 2433/1/48
f 2433/1/48 2428/1/48 2430/1/48
f 2434/1/2580 2427/1/2580 2428/1/2580
f 2441/1/2581 2440/1/2581 2439/1/2581
f 2450/1/2582 2448/1/2582 2446/1/2582
f 2453/1/2583 2448/1/2583 2450/1/2583
f 2472/1/1951 2474/1/1951 2473/1/1951
f 2489/1/2584 2488/1/2585 2487/1/2586
f 2521/1/48 2516/1/48 2514/1/48
f 2517/1/48 2516/1/48 2521/1/48
f 2520/1/48 2517/1/48 2521/1/48
f 2522/1/2281 2521/1/2281 2514/1/2281
f 2520/1/2282 2522/1/2282 2514/1/2282
f 2539/1/2576 2544/1/2576 2541/1/2576
f 2547/1/2587 2544/1/2587 2538/1/2587
f 2544/1/2588 2539/1/2588 2538/1/2588
f 2549/1/2589 2548/1/2589 2550/1/2589
f 2553/1/2590 2551/1/2590 2552/1/2590
f 2585/1/48 2582/1/48 2586/1/48
f 2582/1/48 2585/1/48 2583/1/48
f 2579/1/48 2586/1/48 2582/1/48
f 2585/1/48 2587/1/48 2583/1/48
s 0
f 2586/1/56 2579/1/56 2587/1/56
s 1
f 2583/1/2591 2587/1/2591 2577/1/2591
s 0
f 2579/1/56 2578/1/56 2587/1/56
s 1
f 2587/1/2592 2578/1/2592 2577/1/2592
f 2580/1/2593 2577/1/2593 2578/1/2593
f 2590/1/2594 2589/1/2594 2588/1/2594
f 2603/1/2292 2597/1/48 2595/1/48
f 2598/1/48 2597/1/48 2603/1/2292
f 2604/1/48 2598/1/48 2603/1/2292
f 2417/1/56 2419/1/56 2421/1/56
f 2417/1/56 2421/1/56 2415/1/56
f 2421/1/56 2419/1/56 2422/1/56
f 2419/1/2595 2414/1/2596 2422/1/2597
f 2416/1/2598 2415/1/2598 2422/1/2598
f 2416/1/2599 2422/1/2599 2414/1/2599
f 2431/1/2600 2427/1/2600 2432/1/2600
f 2435/1/56 2432/1/56 2429/1/56
f 2431/1/56 2435/1/56 2429/1/56
f 2451/1/56 2445/1/56 2447/1/56
f 2449/1/56 2445/1/56 2451/1/56
f 2452/1/56 2449/1/56 2451/1/56
f 2450/1/2601 2451/1/2601 2447/1/2601
f 2452/1/2602 2450/1/2602 2447/1/2602
f 2456/1/1855 2457/1/1855 2458/1/1855
f 2454/1/1965 2455/1/1965 2458/1/1965
f 2494/1/2119 2493/1/2119 2492/1/2119
f 2490/1/2119 2491/1/2119 2494/1/2119
f 2522/1/2121 2519/1/2121 2515/1/2121
f 2518/1/2122 2519/1/2122 2522/1/2122
f 2542/1/56 2543/1/56 2545/1/56
f 2542/1/56 2545/1/56 2540/1/56
f 2545/1/56 2543/1/56 2546/1/56
f 2543/1/2603 2538/1/2604 2546/1/2604
f 2539/1/2598 2540/1/2598 2546/1/2598
f 2539/1/2605 2546/1/2605 2538/1/2605
f 2564/1/2123 2563/1/2123 2562/1/2123
f 2560/1/2606 2561/1/2125 2564/1/2607
f 2576/1/2608 2574/1/2608 2568/1/2608
f 2576/1/2609 2568/1/2610 2575/1/2611
f 2568/1/2612 2570/1/2612 2575/1/2612
f 2568/1/2613 2574/1/2614 2572/1/2615
f 2574/1/56 2575/1/56 2572/1/56
f 2575/1/56 2570/1/56 2572/1/56
f 2584/1/2616 2577/1/2616 2580/1/2616
f 2602/1/2131 2596/1/56 2601/1/56
f 2594/1/56 2596/1/56 2602/1/2131
f 2599/1/56 2594/1/56 2602/1/2131
f 2600/1/56 2594/1/56 2599/1/56
f 2505/1/48 2501/1/48 2507/1/48
f 2507/1/48 2501/1/48 2504/1/48
f 2499/1/48 2505/1/48 2504/1/48
f 2469/1/48 2466/1/48 2471/1/48
f 2465/1/48 2471/1/48 2466/1/48
f 2465/1/48 2463/1/48 2471/1/48
f 2503/1/56 2500/1/56 2502/1/56
f 2506/1/56 2498/1/56 2503/1/56
f 2498/1/56 2506/1/56 2502/1/56
f 2468/1/56 2464/1/56 2467/1/56
f 2464/1/56 2468/1/56 2462/1/56
f 2462/1/56 2468/1/56 2470/1/56
f 2617/1/2617 2618/1/2617 2619/1/2617
f 2608/1/2618 2618/1/2618 2619/1/2618
f 2620/1/2619 2608/1/2619 2619/1/2619
f 2608/1/2620 2620/1/2620 2618/1/2620
f 2617/1/2621 2620/1/2621 2621/1/2621
f 2621/1/2622 2620/1/2622 2619/1/2622
f 2623/1/2623 2622/1/2623 2628/1/2623
f 2624/1/2624 2622/1/2624 2623/1/2624
f 2623/1/2625 2625/1/2625 2624/1/2625
f 2628/1/2626 2626/1/2626 2627/1/2626
f 2630/1/2627 2631/1/2628 2629/1/2629
f 2638/1/2630 2637/1/2630 2636/1/2630
f 2639/1/2631 2637/1/2631 2638/1/2631
f 2638/1/2632 2640/1/2632 2639/1/2632
f 2642/1/2633 2645/1/2633 2641/1/2633
f 2642/1/2634 2648/1/2634 2645/1/2634
f 2643/1/2635 2645/1/2636 2648/1/2637
f 2643/1/2638 2648/1/2638 2636/1/2638
f 2644/1/2639 2647/1/2639 2648/1/2639
f 2646/1/2640 2645/1/2640 2644/1/2640
f 2647/1/2641 2645/1/2641 2646/1/2641
f 2646/1/2642 2648/1/2642 2647/1/2642
f 2652/1/2643 2653/1/2643 2654/1/2644
f 2609/1/2618 2653/1/2618 2654/1/2618
f 2655/1/2645 2609/1/2645 2654/1/2645
f 2609/1/2620 2655/1/2620 2653/1/2620
f 2652/1/2621 2655/1/2621 2656/1/2621
f 2656/1/2622 2655/1/2622 2654/1/2622
f 2658/1/2623 2657/1/2623 2663/1/2623
f 2659/1/2624 2657/1/2624 2658/1/2624
f 2658/1/2646 2660/1/2646 2659/1/2646
f 2663/1/2647 2661/1/2647 2662/1/2647
f 2667/1/2648 2665/1/2628 2664/1/2629
f 2668/1/2643 2669/1/2643 2670/1/2644
f 2610/1/2618 2669/1/2618 2670/1/2618
f 2672/1/2649 2610/1/2649 2670/1/2649
f 2610/1/2620 2672/1/2620 2669/1/2620
f 2668/1/2621 2672/1/2621 2671/1/2621
f 2671/1/2622 2672/1/2622 2670/1/2622
f 2676/1/48 2677/1/48 2678/1/48
f 2611/1/2650 2677/1/2650 2678/1/2650
f 2680/1/2651 2611/1/2651 2678/1/2651
f 2611/1/2652 2680/1/2652 2677/1/2652
f 2676/1/2653 2680/1/2653 2679/1/2653
f 2679/1/2654 2680/1/2654 2678/1/2654
f 2682/1/2623 2681/1/2623 2687/1/2623
f 2683/1/2655 2681/1/2655 2682/1/2655
f 2682/1/2646 2684/1/2646 2683/1/2646
f 2687/1/2656 2685/1/2656 2686/1/2656
f 2691/1/2657 2688/1/2628 2689/1/2658
f 2692/1/48 2693/1/48 2694/1/48
f 2612/1/2650 2693/1/2650 2694/1/2650
f 2695/1/2659 2612/1/2659 2694/1/2659
f 2612/1/2660 2695/1/2660 2693/1/2660
f 2692/1/2661 2695/1/2661 2696/1/2661
f 2696/1/2662 2695/1/2662 2694/1/2662
f 2700/1/48 2701/1/48 2702/1/48
f 2613/1/2650 2701/1/2650 2702/1/2650
f 2703/1/2649 2613/1/2649 2702/1/2649
f 2613/1/2663 2703/1/2663 2701/1/2663
f 2700/1/2661 2703/1/2661 2704/1/2661
f 2704/1/2662 2703/1/2662 2702/1/2662
f 2706/1/2664 2705/1/2664 2711/1/2664
f 2707/1/2624 2705/1/2624 2706/1/2624
f 2706/1/2625 2708/1/2625 2707/1/2625
f 2711/1/2626 2709/1/2626 2710/1/2626
f 2713/1/2665 2714/1/2666 2712/1/2658
f 2716/1/48 2717/1/48 2718/1/48
f 2614/1/2650 2717/1/2650 2718/1/2650
f 2719/1/2619 2614/1/2619 2718/1/2619
f 2614/1/2663 2719/1/2663 2717/1/2663
f 2716/1/2661 2719/1/2661 2720/1/2661
f 2720/1/2662 2719/1/2662 2718/1/2662
f 2724/1/2667 2725/1/2667 2726/1/2668
f 2615/1/2650 2725/1/2650 2726/1/2650
f 2728/1/2669 2615/1/2669 2726/1/2669
f 2615/1/2663 2728/1/2663 2725/1/2663
f 2724/1/2670 2728/1/2670 2727/1/2670
f 2727/1/2654 2728/1/2654 2726/1/2654
f 2730/1/2623 2729/1/2623 2735/1/2623
f 2731/1/2655 2729/1/2655 2730/1/2655
f 2730/1/2646 2732/1/2646 2731/1/2646
f 2735/1/2671 2733/1/2671 2734/1/2671
f 2739/1/2657 2736/1/2628 2737/1/2658
f 2740/1/2667 2741/1/2667 2742/1/2668
f 2616/1/2650 2741/1/2650 2742/1/2650
f 2743/1/2672 2616/1/2672 2742/1/2672
f 2616/1/2673 2743/1/2673 2741/1/2673
f 2740/1/2670 2743/1/2670 2744/1/2670
f 2744/1/2662 2743/1/2662 2742/1/2662
f 2747/1/2674 2745/1/2674 2746/1/2674
f 2745/1/2675 2748/1/2675 2749/1/2675
f 2749/1/2676 2750/1/2676 2745/1/2676
f 2746/1/2677 2753/1/2677 2751/1/2677
f 2753/1/2678 2746/1/2678 2752/1/2678
f 2631/1/2679 2623/1/2679 2628/1/2679
f 2630/1/2627 2623/1/2680 2631/1/2628
f 2627/1/2681 2631/1/2681 2628/1/2681
f 2629/1/2682 2631/1/2682 2627/1/2682
f 2632/1/2683 2623/1/2683 2630/1/2683
f 2625/1/2684 2623/1/2684 2632/1/2684
f 2632/1/2685 2629/1/2685 2627/1/2685
f 2625/1/2686 2632/1/2686 2627/1/2686
f 2626/1/2687 2625/1/2687 2627/1/2687
f 2633/1/2688 2635/1/2688 2634/1/2688
f 2650/1/2689 2638/1/2689 2636/1/2689
f 2651/1/2690 2638/1/2690 2650/1/2690
f 2640/1/2691 2638/1/2691 2651/1/2691
f 2649/1/2692 2640/1/2692 2651/1/2692
f 2648/1/2693 2650/1/2693 2636/1/2693
f 2649/1/2694 2650/1/2694 2648/1/2694
f 2646/1/2695 2649/1/2695 2648/1/2695
f 2642/1/2696 2644/1/2696 2648/1/2696
f 2642/1/2697 2641/1/2697 2644/1/2697
f 2644/1/2698 2641/1/2698 2646/1/2698
f 2641/1/2699 2649/1/2699 2646/1/2699
f 2641/1/2700 2640/1/2700 2649/1/2700
f 2665/1/2679 2658/1/2679 2663/1/2679
f 2667/1/2648 2658/1/2680 2665/1/2628
f 2662/1/2701 2665/1/2701 2663/1/2701
f 2664/1/2702 2665/1/2702 2662/1/2702
f 2666/1/2703 2658/1/2703 2667/1/2703
f 2660/1/2704 2658/1/2704 2666/1/2704
f 2666/1/2705 2664/1/2705 2662/1/2705
f 2660/1/2686 2666/1/2686 2662/1/2686
f 2661/1/2706 2660/1/2706 2662/1/2706
f 2673/1/2688 2675/1/2688 2674/1/2688
f 2688/1/2679 2682/1/2679 2687/1/2679
f 2691/1/2657 2682/1/2680 2688/1/2628
f 2686/1/2701 2688/1/2701 2687/1/2701
f 2689/1/2707 2688/1/2707 2686/1/2707
f 2690/1/2683 2682/1/2683 2691/1/2683
f 2684/1/2708 2682/1/2708 2690/1/2708
f 2690/1/2685 2689/1/2685 2686/1/2685
f 2684/1/2686 2690/1/2686 2686/1/2686
f 2685/1/2709 2684/1/2709 2686/1/2709
f 2699/1/2710 2698/1/2710 2697/1/2710
f 2714/1/2679 2706/1/2679 2711/1/2679
f 2713/1/2665 2706/1/2680 2714/1/2666
f 2710/1/2701 2714/1/2701 2711/1/2701
f 2712/1/2711 2714/1/2711 2710/1/2711
f 2715/1/2683 2706/1/2683 2713/1/2683
f 2708/1/2684 2706/1/2684 2715/1/2684
f 2715/1/2705 2712/1/2705 2710/1/2705
f 2708/1/2686 2715/1/2686 2710/1/2686
f 2709/1/2687 2708/1/2687 2710/1/2687
f 2722/1/2712 2721/1/2712 2723/1/2712
f 2736/1/2679 2730/1/2679 2735/1/2679
f 2739/1/2657 2730/1/2680 2736/1/2628
f 2734/1/2701 2736/1/2701 2735/1/2701
f 2737/1/2713 2736/1/2713 2734/1/2713
f 2738/1/2683 2730/1/2683 2739/1/2683
f 2732/1/2684 2730/1/2684 2738/1/2684
f 2738/1/2705 2737/1/2705 2734/1/2705
f 2732/1/2714 2738/1/2714 2734/1/2714
f 2733/1/2687 2732/1/2687 2734/1/2687
f 2753/1/2715 2747/1/2715 2750/1/2715
f 2751/1/2716 2753/1/2716 2750/1/2716
f 2749/1/2717 2751/1/2717 2750/1/2717
f 2752/1/2718 2751/1/2718 2749/1/2718
f 2752/1/2719 2747/1/2719 2753/1/2719
f 2747/1/2720 2752/1/2720 2749/1/2720
f 2748/1/2721 2747/1/2721 2749/1/2721
f 2617/1/2722 2618/1/2722 2620/1/2722
f 2621/1/2723 2619/1/2723 2617/1/2723
f 2630/1/2724 2628/1/2724 2622/1/2724
f 2629/1/2725 2628/1/2726 2630/1/2727
f 2624/1/2728 2630/1/2728 2622/1/2728
f 2632/1/2729 2630/1/2729 2624/1/2729
f 2626/1/2730 2628/1/2726 2629/1/2725
f 2629/1/2731 2632/1/2732 2624/1/2733
f 2624/1/2734 2626/1/2734 2629/1/2734
f 2625/1/2735 2626/1/2735 2624/1/2735
f 2647/1/2736 2643/1/2736 2636/1/2736
f 2644/1/2737 2643/1/2737 2647/1/2737
f 2645/1/2738 2643/1/2738 2644/1/2738
f 2641/1/2739 2645/1/2739 2651/1/2739
f 2651/1/2740 2645/1/2740 2649/1/2740
f 2645/1/2741 2647/1/2741 2649/1/2741
f 2647/1/2742 2636/1/2742 2649/1/2742
f 2649/1/2743 2636/1/2743 2637/1/2743
f 2650/1/2744 2649/1/2744 2637/1/2744
f 2639/1/2745 2650/1/2745 2637/1/2745
f 2651/1/2746 2650/1/2746 2639/1/2746
f 2641/1/2747 2651/1/2747 2639/1/2747
f 2640/1/2748 2641/1/2748 2639/1/2748
f 2652/1/2722 2653/1/2722 2655/1/2722
f 2656/1/2723 2654/1/2723 2652/1/2723
f 2667/1/2724 2663/1/2724 2657/1/2724
f 2664/1/2725 2663/1/2749 2667/1/2727
f 2659/1/2750 2667/1/2750 2657/1/2750
f 2666/1/2729 2667/1/2729 2659/1/2729
f 2661/1/2730 2663/1/2749 2664/1/2725
f 2664/1/2751 2666/1/2751 2659/1/2751
f 2659/1/2734 2661/1/2734 2664/1/2734
f 2660/1/2752 2661/1/2752 2659/1/2752
f 2668/1/2753 2669/1/2753 2672/1/2753
f 2671/1/2723 2670/1/2723 2668/1/2723
f 2676/1/2754 2677/1/2754 2680/1/2754
f 2679/1/2723 2678/1/2723 2676/1/2723
f 2691/1/2724 2687/1/2724 2681/1/2724
f 2689/1/2755 2687/1/2726 2691/1/2727
f 2683/1/2750 2691/1/2750 2681/1/2750
f 2690/1/2729 2691/1/2729 2683/1/2729
f 2685/1/2756 2687/1/2726 2689/1/2755
f 2689/1/2757 2690/1/2757 2683/1/2757
f 2683/1/2734 2685/1/2734 2689/1/2734
f 2684/1/2752 2685/1/2752 2683/1/2752
f 2692/1/2758 2693/1/2758 2695/1/2758
f 2696/1/2723 2694/1/2723 2692/1/2723
f 2700/1/2759 2701/1/2759 2703/1/2759
f 2704/1/2723 2702/1/2723 2700/1/2723
f 2713/1/2760 2711/1/2761 2705/1/2762
f 2712/1/2763 2711/1/2726 2713/1/2727
f 2707/1/2750 2713/1/2750 2705/1/2750
f 2715/1/2729 2713/1/2729 2707/1/2729
f 2709/1/2764 2711/1/2726 2712/1/2763
f 2712/1/2765 2715/1/2765 2707/1/2765
f 2707/1/2734 2709/1/2734 2712/1/2734
f 2708/1/2752 2709/1/2752 2707/1/2752
f 2716/1/2754 2717/1/2754 2719/1/2754
f 2720/1/2723 2718/1/2723 2716/1/2723
f 2724/1/2754 2725/1/2754 2728/1/2754
f 2727/1/2723 2726/1/2723 2724/1/2723
f 2739/1/2724 2735/1/2724 2729/1/2724
f 2737/1/2755 2735/1/2726 2739/1/2766
f 2731/1/2750 2739/1/2750 2729/1/2750
f 2738/1/2729 2739/1/2729 2731/1/2729
f 2733/1/2767 2735/1/2726 2737/1/2755
f 2737/1/2768 2738/1/2768 2731/1/2768
f 2731/1/2734 2733/1/2734 2737/1/2734
f 2732/1/2735 2733/1/2735 2731/1/2735
f 2740/1/2759 2741/1/2759 2743/1/2759
f 2744/1/2723 2742/1/2723 2740/1/2723
f 2745/1/2769 2750/1/2769 2747/1/2769
f 2751/1/2770 2745/1/2770 2746/1/2770
f 2748/1/2771 2746/1/2771 2747/1/2771
f 2752/1/2772 2745/1/2772 2751/1/2772
f 2748/1/2773 2745/1/2773 2752/1/2773
f 2752/1/2774 2746/1/2774 2748/1/2774
f 2758/1/2775 2757/1/2775 2756/1/2775
f 2761/1/2776 2759/1/2776 2760/1/2776
f 2764/1/2777 2763/1/2778 2762/1/2779
f 2767/1/2775 2766/1/2775 2765/1/2775
f 2775/1/2780 2772/1/2780 2771/1/2780
f 2775/1/2781 2769/1/2781 2772/1/2781
f 2776/1/2782 2772/1/2782 2769/1/2782
f 2768/1/2783 2776/1/2783 2769/1/2783
f 2770/1/2784 2768/1/2784 2769/1/2784
f 2768/1/2785 2770/1/2785 2773/1/2785
f 2772/1/2786 2773/1/2786 2770/1/2786
f 2770/1/2787 2771/1/2787 2772/1/2787
f 2769/1/2788 2773/1/2788 2771/1/2788
f 2773/1/2789 2769/1/2789 2774/1/2789
f 2769/1/2790 2775/1/2790 2774/1/2790
f 2776/1/2791 2774/1/2791 2775/1/2791
f 2771/1/2792 2776/1/2792 2775/1/2792
f 2776/1/2793 2771/1/2793 2773/1/2793
f 2777/1/2794 2778/1/2794 2779/1/2794
f 2780/1/2795 2781/1/2795 2782/1/2795
f 2784/1/2796 2786/1/2796 2783/1/2796
f 2785/1/2797 2783/1/2797 2786/1/2797
f 2787/1/2798 2788/1/2798 2786/1/2798
f 2788/1/2799 2787/1/2799 2783/1/2799
f 2789/1/2800 2784/1/2800 2790/1/2800
f 2787/1/2801 2790/1/2801 2784/1/2801
f 2791/1/2802 2785/1/2802 2787/1/2802
f 2790/1/2803 2787/1/2803 2785/1/2803
f 2791/1/2804 2784/1/2804 2785/1/2804
f 2789/1/2805 2785/1/2805 2784/1/2805
f 2793/1/2806 2792/1/2806 2754/1/2806
f 2796/1/2807 2794/1/2807 2795/1/2807
f 2799/1/2775 2798/1/2775 2797/1/2775
f 2808/1/2808 2812/1/2808 2805/1/2808
f 2807/1/2809 2805/1/2809 2812/1/2809
f 2805/1/2810 2807/1/2810 2806/1/2810
f 2809/1/2811 2806/1/2811 2807/1/2811
f 2807/1/2812 2808/1/2812 2809/1/2812
f 2809/1/2813 2808/1/2813 2810/1/2813
f 2805/1/2814 2810/1/2815 2808/1/2816
f 2808/1/2817 2807/1/2817 2811/1/2817
f 2812/1/2818 2811/1/2818 2807/1/2818
f 2810/1/2819 2811/1/2819 2812/1/2819
f 2812/1/2820 2813/1/2820 2810/1/2820
f 2811/1/2821 2813/1/2822 2808/1/2821
f 2816/1/2823 2815/1/2823 2814/1/2823
f 2818/1/2824 2817/1/2824 2819/1/2824
f 2820/1/2825 2822/1/2825 2821/1/2825
f 2824/1/2826 2823/1/2826 2825/1/2826
f 2835/1/2827 2829/1/2827 2826/1/2827
f 2827/1/2828 2826/1/2828 2829/1/2828
f 2827/1/2829 2829/1/2829 2828/1/2829
f 2829/1/2830 2831/1/2830 2828/1/2830
f 2830/1/2831 2828/1/2831 2831/1/2831
f 2835/1/2832 2830/1/2832 2831/1/2832
f 2830/1/2833 2835/1/2833 2826/1/2833
f 2831/1/2834 2829/1/2834 2832/1/2834
f 2832/1/2835 2829/1/2835 2833/1/2835
f 2834/1/2836 2833/1/2836 2829/1/2836
f 2829/1/2837 2835/1/2837 2834/1/2837
f 2834/1/2838 2835/1/2838 2836/1/2838
f 2831/1/2839 2836/1/2839 2835/1/2839
f 2832/1/2840 2836/1/2840 2831/1/2840
f 2840/1/2841 2839/1/2841 2838/1/2841
f 2840/1/2842 2841/1/2842 2839/1/2842
f 2842/1/2843 2839/1/2843 2841/1/2843
f 2842/1/2844 2841/1/2844 2843/1/2844
f 2841/1/2845 2837/1/2845 2843/1/2845
f 2841/1/2846 2844/1/2846 2845/1/2846
f 2839/1/2847 2845/1/2847 2844/1/2847
f 2846/1/84 2847/1/84 2844/1/84
f 2839/1/2848 2844/1/2848 2847/1/2848
f 2846/1/2849 2841/1/2849 2847/1/2849
f 2845/1/2850 2847/1/2850 2841/1/2850
s 0
f 2851/1/84 2852/1/84 2853/1/84
f 2851/1/129 2853/1/129 2854/1/129
s 1
f 2853/1/2851 2855/1/2852 2852/1/2853
f 2851/1/2853 2855/1/2853 2854/1/2853
f 2859/1/2854 2863/1/2854 2856/1/2854
f 2857/1/2855 2856/1/2856 2863/1/2855
f 2856/1/2857 2857/1/2857 2858/1/2857
f 2860/1/2858 2858/1/2858 2857/1/2858
f 2857/1/2859 2859/1/2859 2860/1/2859
f 2860/1/2860 2859/1/2860 2861/1/2860
f 2856/1/2861 2861/1/2861 2859/1/2861
f 2859/1/2817 2857/1/2817 2862/1/2817
f 2863/1/2862 2862/1/2862 2857/1/2862
f 2861/1/2863 2862/1/2863 2863/1/2863
f 2863/1/2864 2864/1/2864 2861/1/2864
f 2862/1/2865 2864/1/2866 2859/1/2867
f 2867/1/2823 2866/1/2823 2865/1/2823
f 2868/1/2824 2869/1/2824 2870/1/2824
f 2872/1/2868 2871/1/2868 2873/1/2868
f 2875/1/2869 2876/1/2869 2874/1/2869
f 2878/1/2870 2877/1/2870 2879/1/2870
f 2880/1/2871 2881/1/2871 2882/1/2871
f 2883/1/2872 2882/1/2872 2881/1/2872
f 2883/1/2873 2886/1/2873 2882/1/2873
f 2884/1/2874 2882/1/2874 2886/1/2874
f 2884/1/2875 2886/1/2875 2885/1/2875
f 2886/1/2876 2881/1/2876 2885/1/2876
f 2880/1/2877 2885/1/2877 2881/1/2877
f 2886/1/2878 2887/1/2878 2888/1/2878
f 2882/1/2879 2888/1/2879 2887/1/2879
f 2881/1/2880 2889/1/2881 2887/1/2882
f 2882/1/2883 2887/1/2883 2889/1/2883
f 2881/1/2884 2886/1/2884 2889/1/2884
f 2888/1/2885 2889/1/2886 2886/1/2887
f 2892/1/2888 2891/1/2888 2890/1/2888
f 2896/1/2889 2897/1/2889 2898/1/2889
f 2899/1/2890 2900/1/2890 2901/1/2890
f 2905/1/2891 2906/1/2891 2907/1/2891
f 2908/1/2892 2909/1/2892 2910/1/2892
f 2911/1/2869 2912/1/2869 2913/1/2869
f 2769/1/48 2771/1/48 2770/1/48
f 2791/1/2893 2787/1/2893 2786/1/2893
f 2786/1/2894 2784/1/2894 2791/1/2894
f 2783/1/2895 2787/1/2896 2784/1/2897
f 2802/1/2898 2801/1/2898 2800/1/2898
f 2755/1/2899 2804/1/2900 2803/1/2901
f 2813/1/2902 2812/1/2903 2808/1/2904
f 2840/1/48 2844/1/48 2841/1/48
s 0
f 2844/1/129 2840/1/129 2846/1/129
s 1
f 2841/1/2905 2846/1/2905 2837/1/2905
s 0
f 2840/1/56 2838/1/56 2846/1/56
s 1
f 2846/1/2906 2838/1/2906 2837/1/2906
f 2839/1/2907 2837/1/2907 2838/1/2907
f 2850/1/2898 2849/1/2898 2848/1/2898
f 2864/1/2908 2863/1/2909 2859/1/2910
f 2895/1/2911 2894/1/2912 2893/1/2913
f 2904/1/2914 2903/1/2914 2902/1/2914
f 2776/1/56 2773/1/56 2772/1/56
f 2768/1/56 2774/1/56 2776/1/56
f 2773/1/56 2774/1/56 2768/1/56
f 2785/1/2915 2786/1/2915 2788/1/2915
f 2790/1/56 2785/1/56 2788/1/56
f 2789/1/56 2790/1/56 2788/1/56
f 2789/1/2916 2783/1/2916 2785/1/2916
f 2783/1/2917 2789/1/2917 2788/1/2917
f 2811/1/56 2805/1/56 2806/1/56
f 2809/1/56 2811/1/56 2806/1/56
f 2810/1/56 2805/1/56 2811/1/56
f 2813/1/2918 2811/1/2918 2809/1/2918
f 2810/1/2919 2813/1/2919 2809/1/2919
f 2833/1/56 2827/1/56 2828/1/56
f 2832/1/56 2833/1/56 2828/1/56
f 2826/1/56 2827/1/56 2833/1/56
f 2834/1/56 2826/1/56 2833/1/56
f 2830/1/56 2832/1/56 2828/1/56
f 2836/1/56 2832/1/56 2830/1/56
f 2836/1/56 2826/1/56 2834/1/56
f 2826/1/56 2836/1/56 2830/1/56
f 2842/1/56 2843/1/56 2845/1/56
f 2842/1/2920 2845/1/2920 2839/1/2920
f 2845/1/56 2843/1/56 2847/1/56
f 2843/1/2921 2837/1/2921 2847/1/2921
f 2839/1/2922 2847/1/2922 2837/1/2922
f 2855/1/2923 2854/1/2924 2853/1/2925
f 2851/1/2924 2852/1/2924 2855/1/2924
f 2862/1/56 2856/1/56 2858/1/56
f 2860/1/56 2862/1/56 2858/1/56
f 2861/1/56 2856/1/56 2862/1/56
f 2864/1/2926 2862/1/2926 2860/1/2926
f 2861/1/2927 2864/1/2927 2860/1/2927
f 2889/1/48 2885/1/48 2888/1/48
f 2889/1/48 2880/1/48 2885/1/48
f 2884/1/48 2888/1/48 2885/1/48
f 2880/1/48 2889/1/48 2882/1/48
f 2884/1/48 2882/1/48 2888/1/48
f 2887/1/56 2883/1/56 2886/1/56
f 2883/1/56 2887/1/56 2881/1/56
f 2916/1/2775 2915/1/2775 2914/1/2775
f 2919/1/2928 2917/1/2928 2918/1/2928
f 2922/1/2929 2920/1/2929 2921/1/2929
f 2925/1/2776 2923/1/2776 2924/1/2776
f 2933/1/2780 2930/1/2780 2929/1/2780
f 2933/1/2930 2927/1/2930 2930/1/2930
f 2934/1/2931 2930/1/2931 2927/1/2931
f 2926/1/2932 2934/1/2932 2927/1/2932
f 2928/1/2933 2926/1/2933 2927/1/2933
f 2926/1/2785 2928/1/2785 2931/1/2785
f 2930/1/2934 2931/1/2934 2928/1/2934
f 2928/1/2935 2929/1/2935 2930/1/2935
f 2927/1/2936 2931/1/2936 2929/1/2936
f 2931/1/2937 2927/1/2937 2932/1/2937
f 2927/1/2938 2933/1/2938 2932/1/2938
f 2934/1/2939 2932/1/2939 2933/1/2939
f 2929/1/2940 2934/1/2940 2933/1/2940
f 2934/1/2941 2929/1/2941 2931/1/2941
f 2935/1/2942 2937/1/2942 2936/1/2942
f 2942/1/2943 2941/1/2943 2954/1/2943
f 2943/1/2944 2941/1/2945 2942/1/2945
f 2942/1/2946 2949/1/2946 2943/1/2946
f 2949/1/2947 2952/1/2947 2943/1/2947
f 2944/1/2948 2943/1/2948 2952/1/2948
f 2952/1/2949 2945/1/2949 2944/1/2949
f 2949/1/2950 2947/1/2950 2941/1/2950
f 2941/1/2951 2947/1/2951 2948/1/2951
f 2954/1/2952 2948/1/2952 2947/1/2952
f 2944/1/2953 2948/1/2953 2954/1/2953
f 2954/1/2954 2949/1/2954 2944/1/2954
f 2941/1/2955 2944/1/2955 2949/1/2955
f 2950/1/2956 2952/1/2957 2946/1/2958
f 2951/1/2959 2946/1/2960 2952/1/2961
f 2951/1/2962 2952/1/2962 2953/1/2962
f 2952/1/2963 2954/1/2963 2953/1/2963
f 2950/1/2964 2946/1/2964 2954/1/2964
f 2953/1/2965 2954/1/2965 2946/1/2965
f 2959/1/2966 2962/1/2966 2955/1/2966
f 2956/1/2967 2955/1/2967 2962/1/2967
f 2955/1/2968 2956/1/2968 2960/1/2968
f 2957/1/2969 2960/1/2970 2956/1/2971
f 2956/1/2972 2958/1/2972 2957/1/2972
f 2959/1/2973 2957/1/2973 2958/1/2973
f 2957/1/2974 2959/1/2974 2963/1/2974
f 2955/1/2975 2963/1/2975 2959/1/2975
f 2958/1/2976 2962/1/2976 2960/1/2976
f 2960/1/2977 2962/1/2977 2961/1/2977
f 2963/1/2978 2961/1/2978 2962/1/2978
f 2962/1/2979 2964/1/2979 2963/1/2979
f 2958/1/2980 2963/1/2980 2964/1/2980
f 2960/1/2981 2963/1/2981 2958/1/2981
f 2967/1/2982 2966/1/2982 2965/1/2982
f 2968/1/2983 2970/1/2983 2969/1/2983
f 2974/1/2984 2978/1/2984 2971/1/2984
f 2972/1/2985 2971/1/2985 2978/1/2985
f 2971/1/2986 2972/1/2986 2976/1/2986
f 2973/1/2987 2976/1/2987 2972/1/2987
f 2972/1/2988 2979/1/2988 2973/1/2988
f 2974/1/2989 2973/1/2989 2979/1/2989
f 2973/1/2990 2974/1/2990 2975/1/2990
f 2971/1/2991 2975/1/2991 2974/1/2991
f 2979/1/2992 2977/1/2992 2976/1/2992
f 2978/1/2993 2976/1/2993 2977/1/2993
f 2975/1/2994 2976/1/2994 2978/1/2994
f 2978/1/2995 2979/1/2995 2975/1/2995
f 2975/1/2996 2979/1/2997 2980/1/2998
f 2976/1/2999 2980/1/2999 2979/1/2999
f 2982/1/3000 2984/1/3001 2983/1/3002
f 2985/1/3003 2983/1/3003 2984/1/3003
f 2986/1/3004 2987/1/3005 2984/1/3006
f 2985/1/3007 2984/1/3006 2987/1/3005
f 2986/1/3008 2981/1/3008 2987/1/3008
f 2990/1/3009 2982/1/3009 2985/1/3009
f 2989/1/3010 2985/1/3010 2982/1/3010
f 2988/1/84 2989/1/84 2982/1/84
f 2988/1/3011 2990/1/3011 2989/1/3011
f 2987/1/3012 2989/1/3012 2990/1/3012
f 2987/1/3013 2990/1/3013 2985/1/3013
f 2991/1/3014 2993/1/3014 2992/1/3014
f 2995/1/3015 2996/1/3015 2994/1/3015
f 2997/1/3016 3001/1/3016 3002/1/3016
f 2997/1/3017 2998/1/3017 3001/1/3017
f 3006/1/3018 3001/1/3019 2998/1/3020
f 2999/1/3021 3003/1/3021 2998/1/3021
f 3006/1/3022 2998/1/3022 3003/1/3022
f 2999/1/3023 3000/1/3023 3003/1/3023
f 3000/1/3024 3002/1/3024 3003/1/3024
f 3001/1/3025 3003/1/3025 3002/1/3025
f 3003/1/3026 3001/1/3026 3004/1/3026
f 3005/1/3027 3003/1/3027 3004/1/3027
f 3003/1/3028 3005/1/3029 3006/1/3030
f 3005/1/3031 3007/1/3031 3006/1/3031
f 3001/1/3032 3006/1/3033 3007/1/3034
f 3004/1/3035 3001/1/3035 3007/1/3035
f 3008/1/3036 3009/1/3036 3010/1/3036
f 3013/1/3037 3012/1/3037 3011/1/3037
f 3016/1/3038 3014/1/3038 3015/1/3038
f 3023/1/3039 3024/1/3039 3025/1/3039
f 3028/1/3040 3027/1/3040 3026/1/3040
f 2927/1/48 2929/1/48 2928/1/48
f 2940/1/3041 2939/1/3041 2938/1/3041
f 2947/1/2292 2942/1/48 2954/1/3042
f 2949/1/48 2942/1/48 2947/1/2292
f 2952/1/48 2949/1/48 2954/1/48
f 2952/1/3043 2950/1/3043 2945/1/3043
f 2954/1/3044 2941/1/3044 2950/1/3044
f 2950/1/3045 2941/1/3045 2945/1/3045
f 2945/1/3046 2941/1/3046 2946/1/3046
f 2964/1/48 2962/1/48 2959/1/48
f 2958/1/48 2956/1/48 2962/1/48
f 2958/1/48 2964/1/48 2959/1/48
f 2977/1/48 2972/1/48 2978/1/48
f 2979/1/48 2978/1/48 2974/1/48
f 2979/1/48 2972/1/48 2977/1/48
f 2990/1/48 2984/1/48 2982/1/48
f 2984/1/48 2990/1/48 2986/1/48
f 2990/1/48 2988/1/48 2986/1/48
f 2986/1/3047 2988/1/3047 2981/1/3047
f 2988/1/2906 2982/1/2906 2981/1/2906
f 2983/1/3048 2981/1/3048 2982/1/3048
f 2999/1/48 2998/1/48 3005/1/48
f 3005/1/48 3004/1/48 2999/1/48
f 2999/1/48 3004/1/48 3000/1/48
f 3005/1/48 2998/1/48 3007/1/48
f 2998/1/48 2997/1/48 3007/1/48
f 3000/1/48 3004/1/48 3002/1/48
f 3007/1/48 2997/1/48 3004/1/48
f 3004/1/48 2997/1/48 3002/1/48
f 3019/1/3049 3018/1/3049 3017/1/3049
f 3021/1/3050 3022/1/3050 3020/1/3050
f 2934/1/56 2931/1/56 2930/1/56
f 2926/1/56 2932/1/56 2934/1/56
f 2931/1/56 2932/1/56 2926/1/56
f 2951/1/3051 2945/1/3052 2946/1/3053
f 2944/1/3054 2945/1/3054 2951/1/3054
f 2953/1/56 2944/1/56 2951/1/56
f 2944/1/56 2953/1/56 2948/1/56
f 2946/1/3055 2948/1/3055 2953/1/3055
f 2948/1/3056 2946/1/3056 2941/1/3056
f 2944/1/3057 2941/1/3057 2943/1/3057
f 2961/1/56 2955/1/56 2960/1/56
f 2963/1/56 2955/1/56 2961/1/56
f 2963/1/56 2960/1/56 2957/1/56
f 2975/1/56 2971/1/56 2976/1/56
f 2980/1/56 2976/1/56 2973/1/56
f 2973/1/56 2975/1/56 2980/1/56
f 2989/1/3058 2983/1/3058 2985/1/3058
f 2987/1/3059 2981/1/3059 2989/1/3059
f 2983/1/3060 2989/1/3060 2981/1/3060
f 3036/1/3061 3029/1/3061 3034/1/3061
f 3036/1/2781 3030/1/2781 3029/1/2781
f 3037/1/3062 3029/1/3062 3030/1/3062
f 3031/1/3063 3037/1/3063 3030/1/3063
f 3032/1/3064 3031/1/3064 3030/1/3064
f 3031/1/2785 3032/1/2785 3033/1/2785
f 3029/1/2934 3033/1/2934 3032/1/2934
f 3032/1/3065 3034/1/3066 3029/1/3067
f 3030/1/3068 3033/1/3068 3034/1/3068
f 3033/1/3069 3030/1/3069 3035/1/3069
f 3030/1/3070 3036/1/3070 3035/1/3070
f 3037/1/3071 3035/1/3071 3036/1/3071
f 3034/1/3072 3037/1/3072 3036/1/3072
f 3037/1/2941 3034/1/2941 3033/1/2941
f 3039/1/3073 3040/1/3073 3038/1/3073
f 3041/1/3074 3042/1/3074 3043/1/3074
f 3051/1/3061 3044/1/3061 3048/1/3061
f 3051/1/2781 3046/1/2781 3044/1/2781
f 3052/1/2931 3044/1/2931 3046/1/2931
f 3045/1/2783 3052/1/2783 3046/1/2783
f 3047/1/3075 3045/1/3075 3046/1/3075
f 3045/1/2785 3047/1/2785 3049/1/2785
f 3044/1/3076 3049/1/3076 3047/1/3076
f 3047/1/2935 3048/1/2935 3044/1/2935
f 3046/1/2936 3049/1/2936 3048/1/2936
f 3049/1/3077 3046/1/3077 3050/1/3077
f 3046/1/3078 3051/1/3078 3050/1/3078
f 3052/1/3071 3050/1/3071 3051/1/3071
f 3048/1/3072 3052/1/3072 3051/1/3072
f 3052/1/2941 3048/1/2941 3049/1/2941
f 3061/1/3079 3053/1/3079 3054/1/3079
f 3055/1/3080 3054/1/3080 3053/1/3080
f 3056/1/3081 3055/1/3081 3053/1/3081
f 3055/1/3082 3056/1/3083 3057/1/3084
f 3058/1/3085 3057/1/3085 3056/1/3085
f 3056/1/3086 3059/1/3086 3058/1/3086
f 3058/1/3087 3059/1/3087 3053/1/3087
f 3060/1/3088 3062/1/3088 3056/1/3088
f 3054/1/3089 3062/1/3090 3060/1/3091
f 3054/1/3092 3060/1/3092 3061/1/3092
f 3059/1/3093 3061/1/3093 3060/1/3093
f 3056/1/3094 3061/1/3094 3059/1/3094
f 3061/1/3095 3056/1/3095 3062/1/3095
f 3070/1/3096 3065/1/3096 3064/1/3096
f 3066/1/3003 3064/1/3003 3065/1/3003
f 3071/1/3097 3067/1/3098 3065/1/3099
f 3066/1/3100 3065/1/3101 3067/1/3102
f 3071/1/3103 3063/1/3103 3067/1/3103
f 3068/1/3104 3070/1/3104 3066/1/3104
f 3069/1/3105 3066/1/3105 3070/1/3105
f 3070/1/3106 3071/1/3106 3069/1/3106
f 3072/1/3107 3069/1/3107 3071/1/3107
f 3072/1/3108 3071/1/3108 3066/1/3108
f 3068/1/3109 3066/1/3109 3071/1/3109
f 3078/1/3110 3080/1/3110 3076/1/3110
f 3077/1/3111 3081/1/3111 3076/1/3111
f 3076/1/3112 3084/1/3112 3077/1/3112
f 3078/1/3113 3077/1/3113 3084/1/3113
f 3077/1/3114 3078/1/3114 3079/1/3114
f 3076/1/3115 3079/1/3115 3078/1/3115
f 3084/1/3116 3080/1/3116 3081/1/3116
f 3079/1/3117 3081/1/3117 3080/1/3117
f 3080/1/3118 3083/1/3118 3079/1/3118
f 3079/1/3119 3083/1/3120 3082/1/3121
f 3084/1/3122 3082/1/3123 3083/1/3124
f 3081/1/3125 3082/1/3125 3084/1/3125
f 3087/1/3126 3086/1/3126 3085/1/3126
f 3091/1/3127 3093/1/3127 3092/1/3127
f 3095/1/3128 3094/1/3128 3102/1/3128
f 3096/1/3129 3095/1/3129 3102/1/3129
f 3095/1/3130 3096/1/3130 3098/1/3130
f 3096/1/3131 3097/1/3131 3098/1/3131
f 3101/1/3132 3098/1/3132 3097/1/3132
f 3101/1/3133 3097/1/3133 3094/1/3133
f 3097/1/3134 3102/1/3134 3094/1/3134
f 3099/1/3135 3096/1/3135 3100/1/3135
f 3102/1/3136 3100/1/3136 3096/1/3136
f 3101/1/3137 3100/1/3137 3102/1/3137
f 3099/1/3138 3101/1/3138 3102/1/3138
f 3108/1/3139 3107/1/3139 3106/1/3139
f 3110/1/3140 3116/1/3140 3109/1/3140
f 3110/1/3141 3113/1/3141 3116/1/3141
f 3111/1/3142 3116/1/3142 3113/1/3142
f 3112/1/3143 3118/1/3143 3113/1/3143
f 3111/1/3144 3113/1/3144 3118/1/3144
f 3112/1/3145 3109/1/3145 3118/1/3145
f 3116/1/3146 3118/1/3146 3109/1/3146
f 3113/1/3147 3114/1/3147 3115/1/3147
f 3116/1/3148 3115/1/3148 3114/1/3148
f 3114/1/3149 3117/1/3149 3116/1/3149
f 3118/1/3150 3116/1/3150 3117/1/3150
f 3118/1/3151 3117/1/3151 3115/1/3151
f 3113/1/3152 3115/1/3152 3117/1/3152
f 3123/1/3153 3124/1/3153 3122/1/3153
f 3126/1/3154 3125/1/3154 3127/1/3154
f 3129/1/3155 3128/1/3155 3130/1/3155
f 3132/1/3156 3133/1/3156 3131/1/3156
f 3137/1/3157 3139/1/3158 3138/1/3159
f 3140/1/3160 3141/1/3161 3142/1/3162
f 3148/1/3163 3147/1/3163 3146/1/3163
f 3151/1/3164 3149/1/3164 3150/1/3164
f 3152/1/2869 3154/1/2869 3153/1/2869
f 3030/1/48 3034/1/48 3032/1/48
f 3046/1/48 3048/1/48 3047/1/48
f 3060/1/3165 3056/1/3166 3053/1/3167
f 3059/1/3168 3060/1/3168 3053/1/3168
f 3071/1/48 3065/1/48 3068/1/48
f 3068/1/48 3065/1/48 3070/1/48
f 3071/1/3169 3070/1/3169 3063/1/3169
f 3064/1/3170 3063/1/3170 3070/1/3170
f 3073/1/3171 3075/1/3171 3074/1/3171
f 3078/1/48 3084/1/48 3083/1/48
f 3083/1/48 3080/1/48 3078/1/48
f 3084/1/3172 3076/1/3172 3080/1/3172
f 3088/1/3173 3090/1/3173 3089/1/3173
f 3099/1/3174 3097/1/3174 3096/1/3174
f 3102/1/3175 3097/1/3175 3099/1/3175
f 3104/1/3176 3103/1/3176 3105/1/3176
f 3121/1/3177 3120/1/3177 3119/1/3177
f 3135/1/3178 3134/1/3178 3136/1/3178
f 3145/1/2914 3144/1/2914 3143/1/2914
f 3037/1/56 3033/1/56 3029/1/56
f 3031/1/56 3035/1/56 3037/1/56
f 3033/1/56 3035/1/56 3031/1/56
f 3052/1/56 3049/1/56 3044/1/56
f 3045/1/56 3050/1/56 3052/1/56
f 3049/1/56 3050/1/56 3045/1/56
f 3062/1/56 3055/1/56 3057/1/3179
f 3061/1/3180 3062/1/56 3057/1/3179
f 3054/1/56 3055/1/56 3062/1/56
f 3058/1/3181 3061/1/3180 3057/1/3179
f 3053/1/3182 3061/1/3182 3058/1/3182
f 3066/1/56 3067/1/56 3072/1/56
f 3069/1/3058 3064/1/3058 3066/1/3058
f 3072/1/56 3067/1/56 3069/1/56
f 3067/1/3183 3063/1/3183 3069/1/3183
f 3064/1/3184 3069/1/3184 3063/1/3184
f 3079/1/3185 3076/1/3185 3081/1/3185
f 3082/1/56 3081/1/56 3077/1/56
f 3079/1/56 3082/1/56 3077/1/56
f 3100/1/56 3095/1/56 3098/1/56
f 3094/1/56 3095/1/56 3100/1/56
f 3101/1/56 3094/1/56 3100/1/56
f 3099/1/3186 3100/1/3186 3098/1/3186
f 3101/1/3187 3099/1/3187 3098/1/3187
f 3111/1/48 3115/1/48 3118/1/48
f 3111/1/48 3116/1/48 3115/1/48
f 3114/1/56 3110/1/56 3113/1/56
f 3112/1/56 3117/1/56 3113/1/56
f 3110/1/56 3114/1/56 3109/1/56
f 3112/1/56 3114/1/56 3117/1/56
f 3109/1/56 3114/1/56 3112/1/56
f 3163/1/2780 3155/1/2780 3161/1/2780
f 3163/1/3188 3158/1/3188 3155/1/3188
f 3156/1/2931 3155/1/2931 3158/1/2931
f 3157/1/3189 3156/1/3189 3158/1/3189
f 3159/1/2933 3157/1/2933 3158/1/2933
f 3157/1/2785 3159/1/2785 3160/1/2785
f 3155/1/3190 3160/1/3190 3159/1/3190
f 3159/1/3191 3161/1/3191 3155/1/3191
f 3158/1/3068 3160/1/3068 3161/1/3068
f 3160/1/2937 3158/1/2937 3162/1/2937
f 3158/1/3192 3163/1/3192 3162/1/3192
f 3156/1/2939 3162/1/2939 3163/1/2939
f 3161/1/2940 3156/1/2940 3163/1/2940
f 3156/1/2941 3161/1/2941 3160/1/2941
f 3164/1/3193 3167/1/3193 3165/1/3193
f 3166/1/3194 3170/1/3195 3167/1/3196
f 3168/1/3197 3167/1/3197 3170/1/3197
f 3165/1/3198 3166/1/3198 3168/1/3198
f 3165/1/3199 3169/1/3199 3166/1/3199
f 3170/1/3200 3166/1/3200 3169/1/3200
f 3170/1/3201 3169/1/3201 3164/1/3201
f 3168/1/3202 3164/1/3202 3169/1/3202
f 3164/1/3203 3168/1/3203 3166/1/3203
f 3171/1/3204 3172/1/3204 3173/1/3204
f 3176/1/3205 3174/1/3205 3175/1/3205
f 3182/1/3206 3178/1/3206 3183/1/3206
f 3183/1/3207 3178/1/3207 3177/1/3207
f 3181/1/3208 3177/1/3208 3178/1/3208
f 3178/1/3209 3179/1/3210 3181/1/3211
f 3180/1/3212 3181/1/3212 3183/1/3212
f 3182/1/3213 3183/1/3213 3181/1/3213
f 3179/1/3214 3180/1/3214 3182/1/3214
f 3177/1/3215 3180/1/3215 3179/1/3215
f 3184/1/3216 3177/1/3216 3179/1/3216
f 3180/1/3217 3184/1/3217 3182/1/3217
f 3186/1/3218 3187/1/3218 3185/1/3218
s 0
f 3188/1/56 3189/1/56 3190/1/56
f 3188/1/129 3190/1/129 3191/1/129
s 1
f 3190/1/3219 3192/1/3220 3189/1/3220
f 3188/1/3220 3192/1/3220 3191/1/3220
f 3195/1/3221 3194/1/3221 3193/1/3221
f 3197/1/3222 3196/1/3222 3198/1/3222
f 3197/1/3223 3198/1/3223 3199/1/3223
f 3198/1/3224 3202/1/3224 3199/1/3224
f 3202/1/3225 3204/1/3225 3199/1/3225
f 3200/1/3226 3199/1/3227 3204/1/3228
f 3200/1/3229 3204/1/3229 3196/1/3229
f 3204/1/3230 3198/1/3230 3196/1/3230
f 3204/1/3231 3202/1/3231 3201/1/3231
f 3198/1/3232 3201/1/3232 3202/1/3232
f 3201/1/3233 3198/1/3233 3203/1/3233
f 3205/1/3234 3203/1/3234 3198/1/3234
f 3198/1/3235 3204/1/3235 3205/1/3235
f 3201/1/3236 3205/1/3236 3204/1/3236
f 3208/1/3237 3206/1/3237 3207/1/3237
f 3209/1/3238 3211/1/3238 3210/1/3238
f 3221/1/3239 3218/1/3239 3223/1/3239
f 3223/1/3240 3218/1/3241 3222/1/3242
f 3219/1/3243 3222/1/3243 3218/1/3243
f 3218/1/3244 3220/1/3244 3219/1/3244
f 3221/1/3245 3219/1/3245 3220/1/3245
f 3223/1/3246 3219/1/3246 3221/1/3246
f 3220/1/3247 3224/1/3247 3222/1/3247
f 3222/1/3248 3224/1/3249 3223/1/3250
f 3225/1/3251 3223/1/3251 3224/1/3251
f 3224/1/3252 3221/1/3253 3225/1/3254
f 3220/1/3255 3225/1/3255 3221/1/3255
f 3222/1/3256 3225/1/3256 3220/1/3256
f 3228/1/3257 3231/1/3257 3226/1/3257
f 3227/1/3258 3226/1/3258 3231/1/3258
f 3226/1/3259 3227/1/3259 3230/1/3259
f 3228/1/3260 3230/1/3260 3227/1/3260
f 3227/1/3261 3233/1/3261 3228/1/3261
f 3226/1/3262 3232/1/3263 3228/1/3264
f 3233/1/3265 3229/1/3265 3230/1/3265
f 3232/1/3266 3229/1/3266 3231/1/3266
f 3231/1/3267 3233/1/3267 3232/1/3267
f 3230/1/3268 3232/1/3268 3233/1/3268
f 3235/1/3015 3236/1/3015 3234/1/3015
f 3237/1/3269 3241/1/3269 3242/1/3269
f 3237/1/3270 3238/1/3270 3241/1/3270
f 3246/1/3271 3241/1/3271 3238/1/3271
f 3239/1/3272 3243/1/3272 3238/1/3272
f 3246/1/3273 3238/1/3273 3243/1/3273
f 3239/1/3274 3240/1/3274 3243/1/3274
f 3240/1/3275 3242/1/3275 3243/1/3275
f 3241/1/3276 3243/1/3276 3242/1/3276
f 3243/1/3277 3241/1/3277 3244/1/3277
f 3245/1/3278 3243/1/3278 3244/1/3278
f 3243/1/3279 3245/1/3279 3246/1/3279
f 3245/1/3280 3247/1/3280 3246/1/3280
f 3241/1/3281 3246/1/3281 3247/1/3281
f 3244/1/3282 3241/1/3282 3247/1/3282
f 3248/1/3283 3249/1/3283 3250/1/3283
f 3252/1/3284 3251/1/3284 3253/1/3284
f 3256/1/3285 3254/1/3285 3255/1/3285
f 3262/1/3286 3261/1/3286 3260/1/3286
f 3263/1/3039 3264/1/3039 3265/1/3039
f 3268/1/3287 3266/1/3287 3267/1/3287
f 3158/1/48 3161/1/48 3159/1/48
f 3165/1/3288 3168/1/3288 3170/1/3288
f 3169/1/3289 3167/1/3289 3168/1/3289
f 3165/1/3290 3167/1/3290 3169/1/3290
f 3179/1/3291 3182/1/3291 3181/1/3291
f 3184/1/3292 3178/1/3292 3182/1/3292
f 3184/1/3293 3179/1/3293 3178/1/3293
f 3213/1/3294 3214/1/3295 3212/1/3294
f 3217/1/3296 3216/1/3296 3215/1/3296
f 3221/1/48 3224/1/48 3218/1/48
f 3220/1/48 3218/1/48 3224/1/48
f 3229/1/3297 3227/1/3297 3231/1/3297
f 3233/1/3298 3231/1/3298 3228/1/3298
f 3233/1/3299 3227/1/3299 3229/1/3299
f 3239/1/48 3238/1/48 3245/1/48
f 3245/1/48 3244/1/48 3239/1/48
f 3239/1/48 3244/1/48 3240/1/48
f 3245/1/48 3238/1/48 3247/1/48
f 3238/1/48 3237/1/48 3247/1/48
f 3240/1/48 3244/1/48 3242/1/48
f 3247/1/48 3237/1/48 3244/1/48
f 3244/1/48 3237/1/48 3242/1/48
f 3259/1/3049 3258/1/3049 3257/1/3049
f 3156/1/56 3160/1/56 3155/1/56
f 3157/1/56 3162/1/56 3156/1/56
f 3160/1/56 3162/1/56 3157/1/56
f 3164/1/3300 3165/1/3300 3170/1/3300
f 3164/1/3301 3166/1/3301 3167/1/3301
f 3177/1/3302 3184/1/3302 3183/1/3302
f 3184/1/3303 3180/1/3303 3183/1/3303
f 3177/1/3304 3181/1/3304 3180/1/3304
f 3190/1/3219 3191/1/3220 3192/1/3220
f 3188/1/3305 3189/1/3305 3192/1/3305
f 3200/1/56 3196/1/56 3205/1/56
f 3200/1/56 3205/1/56 3199/1/56
f 3205/1/56 3201/1/56 3199/1/56
f 3205/1/56 3196/1/56 3203/1/56
f 3196/1/56 3197/1/56 3203/1/56
f 3203/1/56 3197/1/56 3201/1/56
f 3201/1/56 3197/1/56 3199/1/56
f 3219/1/56 3223/1/3306 3225/1/3306
f 3225/1/3306 3222/1/56 3219/1/56
f 3229/1/3307 3226/1/3307 3230/1/3307
f 3232/1/3308 3226/1/3308 3229/1/3308
f 3232/1/3309 3230/1/3310 3228/1/3311
f 3276/1/3312 3269/1/3312 3274/1/3312
f 3276/1/2781 3270/1/2781 3269/1/2781
f 3277/1/3062 3269/1/3062 3270/1/3062
f 3271/1/2783 3277/1/2783 3270/1/2783
f 3272/1/2784 3271/1/2784 3270/1/2784
f 3271/1/3313 3272/1/3313 3273/1/3313
f 3269/1/3314 3273/1/3315 3272/1/3316
f 3272/1/2787 3274/1/2787 3269/1/2787
f 3270/1/2936 3273/1/2936 3274/1/2936
f 3273/1/2937 3270/1/2937 3275/1/2937
f 3270/1/3317 3276/1/3317 3275/1/3317
f 3277/1/3318 3275/1/3318 3276/1/3318
f 3274/1/3072 3277/1/3072 3276/1/3072
f 3277/1/3319 3274/1/3319 3273/1/3319
f 3284/1/3320 3280/1/3321 3278/1/3322
f 3279/1/3323 3283/1/3323 3280/1/3323
f 3281/1/3197 3280/1/3197 3283/1/3197
f 3278/1/3198 3279/1/3198 3281/1/3198
f 3278/1/3324 3282/1/3324 3279/1/3324
f 3283/1/3325 3279/1/3325 3282/1/3325
f 3283/1/3326 3282/1/3326 3284/1/3326
f 3281/1/3327 3284/1/3327 3282/1/3327
f 3284/1/3203 3281/1/3203 3279/1/3203
f 3287/1/3328 3286/1/3328 3285/1/3328
f 3290/1/3205 3288/1/3205 3289/1/3205
f 3297/1/3329 3295/1/3329 3291/1/3329
f 3293/1/3330 3296/1/3330 3292/1/3330
f 3294/1/3331 3292/1/3331 3296/1/3331
f 3294/1/3332 3296/1/3332 3297/1/3332
f 3295/1/3333 3297/1/3334 3296/1/3335
f 3296/1/3336 3293/1/3336 3299/1/3336
f 3291/1/3337 3299/1/3337 3293/1/3337
f 3291/1/3338 3293/1/3338 3297/1/3338
f 3298/1/3339 3297/1/3339 3293/1/3339
f 3296/1/3340 3299/1/3340 3298/1/3340
f 3297/1/3341 3298/1/3341 3299/1/3341
f 3301/1/2942 3302/1/2942 3300/1/2942
f 3307/1/3342 3306/1/3342 3313/1/3342
f 3306/1/3343 3307/1/3343 3312/1/3343
f 3308/1/3344 3312/1/3345 3307/1/3346
f 3307/1/3346 3311/1/3347 3308/1/3344
f 3308/1/3348 3311/1/3348 3316/1/3348
f 3311/1/3349 3309/1/3349 3316/1/3349
f 3313/1/3350 3306/1/3351 3310/1/3352
f 3311/1/3353 3313/1/3353 3312/1/3353
f 3312/1/3354 3313/1/3354 3317/1/3354
f 3308/1/3355 3317/1/3355 3313/1/3355
f 3313/1/3356 3314/1/3356 3308/1/3356
f 3312/1/3357 3314/1/3357 3311/1/3357
f 3315/1/3358 3314/1/3358 3306/1/3358
f 3316/1/3359 3306/1/3359 3314/1/3359
f 3314/1/3360 3318/1/3360 3316/1/3360
f 3317/1/3361 3316/1/3361 3318/1/3361
f 3315/1/3362 3306/1/3362 3318/1/3362
f 3317/1/3363 3318/1/3364 3306/1/3363
f 3324/1/3365 3327/1/3365 3319/1/3365
f 3320/1/3366 3319/1/3366 3327/1/3366
f 3319/1/3367 3320/1/3367 3325/1/3367
f 3322/1/3368 3325/1/3368 3320/1/3368
f 3320/1/3369 3321/1/3369 3322/1/3369
f 3324/1/3370 3322/1/3370 3321/1/3370
f 3322/1/3371 3324/1/3371 3323/1/3371
f 3319/1/3372 3323/1/3372 3324/1/3372
f 3321/1/2976 3327/1/2976 3325/1/2976
f 3325/1/3373 3327/1/3373 3326/1/3373
f 3323/1/3374 3326/1/3374 3327/1/3374
f 3327/1/3375 3328/1/3376 3323/1/3377
f 3321/1/3378 3323/1/3378 3328/1/3378
f 3325/1/3379 3323/1/3379 3321/1/3379
f 3330/1/3380 3331/1/3380 3329/1/3380
f 3332/1/3381 3334/1/3381 3333/1/3381
f 3340/1/3382 3335/1/3383 3336/1/3384
f 3337/1/3385 3336/1/3386 3335/1/3387
f 3336/1/3388 3337/1/3388 3341/1/3388
f 3338/1/3389 3341/1/3389 3337/1/3389
f 3337/1/3390 3343/1/3390 3338/1/3390
f 3340/1/3391 3338/1/3391 3343/1/3391
f 3338/1/3392 3340/1/3392 3339/1/3392
f 3336/1/3393 3339/1/3393 3340/1/3393
f 3343/1/3394 3342/1/3394 3341/1/3394
f 3335/1/3395 3341/1/3395 3342/1/3395
f 3339/1/3396 3341/1/3396 3335/1/3396
f 3335/1/3397 3343/1/3397 3339/1/3397
f 3339/1/3398 3343/1/3398 3344/1/3398
f 3341/1/3399 3344/1/3399 3343/1/3399
f 3347/1/3400 3348/1/3400 3346/1/3400
f 3347/1/3401 3349/1/3401 3348/1/3401
f 3355/1/3402 3348/1/3402 3349/1/3402
f 3351/1/3403 3350/1/3403 3349/1/3403
f 3351/1/3404 3345/1/3404 3350/1/3404
f 3351/1/3405 3352/1/3405 3355/1/3405
f 3348/1/3406 3355/1/3406 3352/1/3406
f 3353/1/84 3354/1/84 3352/1/84
f 3348/1/3407 3352/1/3407 3354/1/3407
f 3353/1/3408 3351/1/3408 3354/1/3408
f 3355/1/3409 3354/1/3409 3351/1/3409
f 3358/1/3014 3357/1/3014 3356/1/3014
f 3360/1/3015 3361/1/3015 3359/1/3015
f 3364/1/3410 3363/1/3410 3362/1/3410
f 3364/1/3270 3365/1/3270 3363/1/3270
f 3371/1/3411 3363/1/3411 3365/1/3411
f 3366/1/3412 3368/1/3412 3365/1/3412
f 3371/1/3413 3365/1/3413 3368/1/3413
f 3366/1/3274 3367/1/3274 3368/1/3274
f 3367/1/3414 3362/1/3414 3368/1/3414
f 3363/1/3276 3368/1/3276 3362/1/3276
f 3368/1/3415 3363/1/3415 3369/1/3415
f 3369/1/3416 3370/1/3416 3368/1/3416
f 3368/1/3417 3370/1/3417 3371/1/3417
f 3372/1/3418 3371/1/3419 3370/1/3420
f 3372/1/3421 3373/1/3421 3371/1/3421
f 3363/1/3422 3371/1/3422 3373/1/3422
f 3369/1/3423 3363/1/3423 3373/1/3423
f 3374/1/3036 3375/1/3036 3376/1/3036
f 3377/1/3424 3385/1/3424 3388/1/3424
f 3388/1/3425 3378/1/3425 3377/1/3425
f 3387/1/3426 3377/1/3426 3378/1/3426
f 3377/1/3427 3387/1/3427 3379/1/3427
f 3387/1/3428 3390/1/3428 3379/1/3428
f 3380/1/3429 3379/1/3429 3390/1/3429
f 3390/1/3430 3382/1/3430 3380/1/3430
f 3381/1/3431 3380/1/3432 3382/1/3433
f 3381/1/3434 3382/1/3434 3383/1/3434
f 3385/1/3435 3383/1/3435 3388/1/3435
f 3384/1/3436 3380/1/3436 3387/1/3436
f 3378/1/3437 3384/1/3437 3387/1/3437
f 3384/1/3438 3378/1/3438 3385/1/3438
f 3378/1/3439 3386/1/3439 3385/1/3439
f 3385/1/3440 3386/1/3440 3380/1/3440
f 3386/1/3441 3387/1/3441 3380/1/3441
f 3389/1/3442 3392/1/3442 3388/1/3442
f 3382/1/3443 3389/1/3443 3388/1/3443
f 3382/1/3444 3390/1/3444 3389/1/3444
f 3391/1/3445 3389/1/3445 3390/1/3445
f 3388/1/3446 3392/1/3446 3390/1/3446
f 3391/1/3447 3390/1/3447 3392/1/3447
f 3393/1/3448 3395/1/3448 3394/1/3448
f 3399/1/3449 3400/1/3449 3401/1/3449
f 3402/1/3450 3411/1/3450 3407/1/3450
f 3403/1/3451 3407/1/3451 3411/1/3451
f 3404/1/3452 3403/1/3452 3411/1/3452
f 3403/1/3453 3404/1/3453 3408/1/3453
f 3404/1/3454 3405/1/3454 3408/1/3454
f 3412/1/3455 3408/1/3455 3405/1/3455
f 3406/1/3456 3412/1/3457 3405/1/3458
f 3402/1/3459 3406/1/3459 3405/1/3459
f 3406/1/3460 3402/1/3460 3407/1/3460
f 3408/1/3461 3409/1/3461 3410/1/3461
f 3411/1/3462 3410/1/3462 3409/1/3462
f 3411/1/3463 3402/1/3463 3410/1/3463
f 3412/1/3464 3410/1/3464 3402/1/3464
f 3402/1/3465 3409/1/3465 3412/1/3465
f 3408/1/3466 3412/1/3466 3409/1/3466
f 3415/1/3467 3414/1/3467 3413/1/3467
f 3417/1/3468 3416/1/3468 3418/1/3468
f 3425/1/3039 3426/1/3039 3427/1/3039
f 3430/1/3040 3428/1/3040 3429/1/3040
f 3270/1/48 3274/1/48 3272/1/48
f 3278/1/3469 3281/1/3469 3283/1/3469
f 3282/1/3470 3280/1/3470 3281/1/3470
f 3278/1/3471 3280/1/3472 3282/1/3473
f 3295/1/3474 3296/1/3474 3298/1/3474
f 3293/1/3475 3295/1/3475 3298/1/3475
f 3292/1/3476 3295/1/3476 3293/1/3476
f 3291/1/3477 3295/1/3477 3292/1/3477
f 3305/1/3478 3304/1/3478 3303/1/3478
f 3311/1/48 3307/1/48 3313/1/48
f 3314/1/3479 3313/1/3479 3318/1/3479
f 3318/1/48 3313/1/48 3315/1/48
f 3311/1/3480 3314/1/3480 3309/1/3480
f 3314/1/3481 3315/1/3481 3309/1/3481
f 3313/1/3482 3310/1/3482 3315/1/3482
f 3315/1/3483 3310/1/3483 3309/1/3483
f 3328/1/48 3327/1/48 3324/1/48
f 3321/1/48 3320/1/48 3327/1/48
f 3321/1/48 3328/1/48 3324/1/48
f 3342/1/48 3337/1/48 3335/1/48
f 3343/1/48 3335/1/48 3340/1/48
f 3343/1/48 3337/1/48 3342/1/48
f 3351/1/3484 3349/1/3484 3352/1/3484
f 3347/1/3485 3352/1/3485 3349/1/3485
s 0
f 3352/1/56 3347/1/56 3353/1/56
s 1
f 3351/1/3486 3353/1/3486 3345/1/3486
s 0
f 3347/1/56 3346/1/56 3353/1/56
s 1
f 3353/1/3487 3346/1/3487 3345/1/3487
f 3348/1/3488 3345/1/3488 3346/1/3488
f 3366/1/48 3365/1/48 3370/1/48
f 3370/1/48 3365/1/48 3372/1/48
f 3366/1/48 3370/1/48 3367/1/48
f 3372/1/48 3365/1/48 3373/1/48
f 3370/1/48 3369/1/48 3367/1/48
f 3365/1/48 3364/1/48 3373/1/48
f 3367/1/48 3369/1/48 3362/1/48
f 3373/1/48 3364/1/48 3369/1/48
f 3369/1/48 3364/1/48 3362/1/48
f 3383/1/3489 3382/1/3489 3388/1/3489
f 3388/1/48 3390/1/48 3386/1/48
f 3386/1/48 3378/1/48 3388/1/48
f 3386/1/48 3390/1/48 3387/1/48
f 3398/1/3490 3397/1/3490 3396/1/3490
f 3409/1/3491 3404/1/48 3411/1/48
f 3405/1/48 3404/1/48 3409/1/3491
f 3402/1/48 3405/1/48 3409/1/3491
f 3419/1/3049 3421/1/3049 3420/1/3049
f 3424/1/3492 3423/1/3492 3422/1/3492
f 3277/1/56 3273/1/56 3269/1/56
f 3271/1/56 3275/1/56 3277/1/56
f 3273/1/56 3275/1/56 3271/1/56
f 3284/1/3493 3278/1/3494 3283/1/3495
f 3284/1/3301 3279/1/3301 3280/1/3301
f 3291/1/3496 3292/1/3496 3299/1/3496
f 3299/1/3497 3292/1/3497 3294/1/3497
f 3297/1/56 3299/1/56 3294/1/56
f 3306/1/3498 3309/1/3498 3310/1/3498
f 3316/1/3499 3309/1/3499 3306/1/3499
f 3316/1/56 3317/1/56 3308/1/56
f 3314/1/3500 3312/1/3501 3308/1/3502
f 3317/1/56 3306/1/56 3312/1/56
f 3326/1/56 3319/1/56 3325/1/56
f 3323/1/56 3319/1/56 3326/1/56
f 3323/1/56 3325/1/56 3322/1/56
f 3339/1/56 3336/1/56 3341/1/56
f 3344/1/56 3341/1/56 3338/1/56
f 3338/1/56 3339/1/56 3344/1/56
f 3349/1/3503 3350/1/3503 3355/1/3503
f 3355/1/56 3350/1/56 3354/1/56
f 3350/1/3504 3345/1/3504 3354/1/3504
f 3348/1/3505 3354/1/3505 3345/1/3505
f 3392/1/56 3380/1/56 3391/1/56
f 3381/1/56 3391/1/56 3380/1/56
f 3389/1/56 3391/1/56 3381/1/56
f 3381/1/3506 3383/1/3506 3389/1/3506
f 3389/1/3507 3383/1/3508 3392/1/3509
f 3383/1/3508 3385/1/3510 3392/1/3509
f 3392/1/56 3385/1/56 3380/1/56
f 3380/1/56 3384/1/56 3379/1/56
f 3385/1/56 3377/1/56 3384/1/56
f 3384/1/56 3377/1/56 3379/1/56
f 3410/1/56 3403/1/56 3408/1/56
f 3407/1/56 3403/1/56 3410/1/56
f 3412/1/56 3407/1/56 3410/1/56
f 3406/1/56 3407/1/56 3412/1/56
f 3435/1/3511 3439/1/3511 3432/1/3511
f 3434/1/3512 3438/1/3512 3433/1/3512
f 3435/1/3513 3438/1/3513 3434/1/3513
f 3434/1/3514 3439/1/3514 3435/1/3514
f 3434/1/3515 3436/1/3515 3439/1/3515
f 3434/1/3516 3437/1/3516 3436/1/3516
f 3438/1/3517 3436/1/3517 3437/1/3517
f 3432/1/3518 3438/1/3518 3437/1/3518
f 3432/1/3519 3439/1/3519 3438/1/3519
f 3433/1/3520 3438/1/3520 3439/1/3520
f 3433/1/3521 3439/1/3521 3436/1/3521
f 3445/1/3522 3450/1/3522 3444/1/3522
f 3450/1/3523 3445/1/3523 3448/1/3523
f 3445/1/3524 3440/1/3524 3448/1/3524
f 3440/1/3525 3449/1/3526 3441/1/3527
f 3449/1/3528 3446/1/3528 3441/1/3528
f 3442/1/3529 3441/1/3529 3446/1/3529
f 3446/1/3530 3443/1/3530 3442/1/3530
f 3442/1/3531 3443/1/3531 3444/1/3531
f 3445/1/3532 3444/1/3533 3443/1/3534
f 3446/1/3535 3447/1/3536 3443/1/3537
f 3450/1/3538 3443/1/3539 3447/1/3540
f 3446/1/3541 3449/1/3541 3447/1/3541
f 3447/1/3542 3449/1/3542 3448/1/3542
f 3450/1/3543 3448/1/3544 3449/1/3545
f 3449/1/3546 3443/1/3546 3450/1/3546
f 3451/1/3547 3453/1/3547 3452/1/3547
f 3456/1/3548 3455/1/3549 3454/1/3549
f 3465/1/2780 3460/1/2780 3462/1/2780
f 3465/1/3188 3463/1/3188 3460/1/3188
f 3457/1/3550 3460/1/3550 3463/1/3550
f 3458/1/3551 3457/1/3551 3463/1/3551
f 3459/1/3075 3458/1/3075 3463/1/3075
f 3458/1/2785 3459/1/2785 3461/1/2785
f 3460/1/3552 3461/1/3552 3459/1/3552
f 3459/1/3553 3462/1/3553 3460/1/3553
f 3463/1/3068 3461/1/3068 3462/1/3068
f 3461/1/2937 3463/1/2937 3464/1/2937
f 3463/1/3192 3465/1/3192 3464/1/3192
f 3457/1/3554 3464/1/3554 3465/1/3554
f 3462/1/3555 3457/1/3555 3465/1/3555
f 3457/1/2793 3462/1/2793 3461/1/2793
f 3467/1/3556 3466/1/3556 3468/1/3556
f 3470/1/2795 3469/1/3557 3471/1/3558
f 3472/1/3559 3474/1/3559 3473/1/3559
f 3475/1/3560 3473/1/3560 3474/1/3560
f 3476/1/3561 3477/1/3562 3475/1/3563
f 3477/1/3564 3476/1/3564 3472/1/3564
f 3473/1/3565 3478/1/3565 3479/1/3565
f 3476/1/3566 3479/1/3566 3478/1/3566
f 3474/1/3567 3480/1/3567 3476/1/3567
f 3479/1/3568 3476/1/3568 3480/1/3568
f 3474/1/3569 3478/1/3569 3480/1/3569
f 3473/1/3570 3480/1/3570 3478/1/3570
f 3482/1/3571 3481/1/3571 3431/1/3571
f 3483/1/3572 3484/1/3572 3485/1/3572
f 3488/1/2775 3487/1/2775 3486/1/2775
f 3495/1/3573 3494/1/3573 3489/1/3573
f 3491/1/3330 3492/1/3330 3490/1/3330
f 3493/1/3574 3490/1/3574 3492/1/3574
f 3493/1/3575 3492/1/3575 3495/1/3575
f 3494/1/3576 3495/1/3576 3492/1/3576
f 3492/1/3336 3491/1/3336 3497/1/3336
f 3489/1/3577 3497/1/3577 3491/1/3577
f 3489/1/3578 3491/1/3578 3495/1/3578
f 3496/1/3579 3495/1/3579 3491/1/3579
f 3492/1/3580 3497/1/3580 3496/1/3580
f 3495/1/3581 3496/1/3581 3497/1/3581
f 3500/1/2891 3498/1/2891 3499/1/2891
f 3502/1/2825 3503/1/2825 3501/1/2825
f 3506/1/3582 3505/1/3582 3504/1/3582
f 3510/1/3583 3516/1/3583 3514/1/3583
f 3516/1/3584 3512/1/3584 3514/1/3584
f 3511/1/3585 3510/1/3585 3513/1/3585
f 3511/1/3586 3515/1/3586 3514/1/3586
f 3516/1/3587 3517/1/3588 3515/1/3589
f 3513/1/3590 3515/1/3590 3517/1/3590
f 3511/1/3591 3514/1/3591 3517/1/3591
f 3513/1/3592 3517/1/3592 3514/1/3592
f 3518/1/3593 3519/1/3593 3520/1/3593
f 3521/1/2892 3522/1/2892 3523/1/2892
f 3525/1/2869 3526/1/2869 3524/1/2869
f 3434/1/3594 3433/1/3595 3437/1/3596
f 3437/1/3597 3433/1/3597 3432/1/3597
f 3449/1/48 3445/1/48 3443/1/48
f 3440/1/3598 3445/1/3598 3449/1/3598
f 3463/1/48 3462/1/48 3459/1/48
f 3474/1/3599 3476/1/3599 3475/1/3599
f 3478/1/3600 3474/1/3600 3472/1/3600
f 3472/1/3601 3476/1/3601 3478/1/3601
f 3494/1/3602 3492/1/3602 3496/1/3602
f 3491/1/3603 3494/1/3603 3496/1/3603
f 3490/1/3604 3494/1/3604 3491/1/3604
f 3489/1/3605 3494/1/3605 3490/1/3605
f 3507/1/3606 3509/1/3606 3508/1/3606
f 3517/1/3607 3510/1/3607 3511/1/3607
f 3516/1/3608 3510/1/3608 3517/1/3608
f 3515/1/3609 3511/1/3610 3512/1/3610
f 3516/1/3611 3515/1/3612 3512/1/3613
f 3512/1/3614 3511/1/3614 3513/1/3614
f 3436/1/3615 3435/1/3615 3432/1/3615
f 3433/1/3616 3436/1/3616 3432/1/3616
f 3438/1/56 3435/1/56 3436/1/56
f 3450/1/3617 3442/1/3617 3444/1/3617
f 3441/1/3618 3447/1/3618 3440/1/3618
f 3447/1/3619 3448/1/3620 3440/1/3621
f 3441/1/2309 3442/1/3622 3447/1/3306
f 3447/1/3306 3442/1/3622 3450/1/3622
f 3457/1/56 3461/1/56 3460/1/56
f 3458/1/56 3464/1/56 3457/1/56
f 3461/1/56 3464/1/56 3458/1/56
f 3480/1/3623 3475/1/3623 3477/1/3623
f 3475/1/3624 3480/1/3624 3473/1/3624
f 3479/1/56 3480/1/56 3477/1/56
f 3473/1/56 3479/1/56 3477/1/56
f 3472/1/3625 3473/1/3626 3477/1/3627
f 3489/1/3628 3490/1/3628 3497/1/3628
f 3497/1/3497 3490/1/3497 3493/1/3497
f 3495/1/56 3497/1/56 3493/1/56
f 3514/1/3629 3512/1/3629 3513/1/3629
f 3514/1/3630 3515/1/3630 3510/1/3630
f 3515/1/3631 3513/1/3631 3510/1/3631
f 3529/1/2259 3528/1/2259 3527/1/2259
f 3532/1/3632 3531/1/3632 3530/1/3632
f 3533/1/3633 3534/1/3633 3538/1/3633
f 3535/1/3634 3538/1/3634 3534/1/3634
f 3535/1/3635 3534/1/3635 3537/1/3635
f 3537/1/3636 3536/1/3636 3538/1/3636
f 3533/1/3637 3538/1/3637 3536/1/3637
f 3537/1/3638 3539/1/3638 3540/1/3638
f 3534/1/3639 3540/1/3639 3539/1/3639
f 3534/1/3640 3541/1/3640 3540/1/3640
f 3538/1/3641 3540/1/3641 3541/1/3641
f 3539/1/3642 3537/1/3642 3541/1/3642
f 3538/1/3643 3541/1/3643 3537/1/3643
f 3542/1/3644 3543/1/3644 3544/1/3644
f 3545/1/2177 3546/1/2177 3547/1/2177
f 3549/1/3645 3548/1/3645 3550/1/3645
f 3541/1/3646 3534/1/3646 3533/1/3646
f 3536/1/3647 3541/1/3647 3533/1/3647
f 3541/1/3648 3536/1/3648 3539/1/3648
f 3539/1/3649 3536/1/3649 3534/1/3649
f 3537/1/3650 3534/1/3650 3536/1/3650
f 3537/1/56 3540/1/56 3535/1/56
f 3540/1/3651 3538/1/3651 3535/1/3651
f 3553/1/3652 3552/1/3652 3551/1/3652
f 3559/1/3653 3557/1/3653 3558/1/3653
f 3560/1/3654 3565/1/3654 3561/1/3654
f 3560/1/3655 3561/1/3655 3562/1/3655
f 3561/1/3656 3566/1/3656 3562/1/3656
f 3566/1/3657 3563/1/3657 3562/1/3657
f 3564/1/3658 3562/1/3658 3563/1/3658
f 3564/1/3659 3563/1/3659 3565/1/3659
f 3563/1/3660 3561/1/3660 3565/1/3660
f 3563/1/3661 3566/1/3661 3567/1/3661
f 3561/1/3662 3567/1/3662 3566/1/3662
f 3568/1/3663 3567/1/3663 3561/1/3663
f 3561/1/3664 3563/1/3664 3568/1/3664
f 3568/1/3665 3563/1/3665 3569/1/3665
f 3567/1/3666 3569/1/3666 3563/1/3666
f 3572/1/3667 3570/1/3667 3571/1/3667
f 3573/1/3668 3575/1/3668 3574/1/3668
f 3577/1/3669 3576/1/3669 3578/1/3669
f 3587/1/3670 3589/1/3670 3582/1/3670
f 3588/1/3671 3582/1/3671 3589/1/3671
f 3583/1/3672 3582/1/3672 3588/1/3672
f 3588/1/3673 3585/1/3673 3583/1/3673
f 3583/1/3674 3585/1/3674 3584/1/3674
f 3589/1/3675 3584/1/3675 3585/1/3675
f 3587/1/3676 3584/1/3676 3589/1/3676
f 3585/1/3677 3588/1/3677 3586/1/3677
f 3586/1/3678 3588/1/3678 3587/1/3678
f 3590/1/3679 3587/1/3679 3588/1/3679
f 3588/1/3680 3589/1/3680 3590/1/3680
f 3585/1/3681 3590/1/3681 3589/1/3681
f 3586/1/3682 3590/1/3682 3585/1/3682
f 3595/1/3683 3598/1/3683 3591/1/3683
f 3592/1/3684 3591/1/3684 3598/1/3684
f 3591/1/3685 3592/1/3685 3596/1/3685
f 3595/1/3686 3596/1/3687 3592/1/3688
f 3592/1/3689 3593/1/3689 3595/1/3689
f 3591/1/3690 3594/1/3690 3595/1/3690
f 3593/1/3691 3597/1/3691 3596/1/3691
f 3594/1/3692 3597/1/3692 3598/1/3692
f 3598/1/3693 3593/1/3693 3594/1/3693
f 3596/1/3694 3594/1/3694 3593/1/3694
f 3601/1/3695 3599/1/3695 3600/1/3695
f 3603/1/3696 3602/1/3696 3607/1/3696
f 3603/1/3697 3604/1/3697 3602/1/3697
f 3612/1/3698 3602/1/3698 3604/1/3698
f 3605/1/3699 3609/1/3699 3604/1/3699
f 3612/1/3700 3604/1/3700 3609/1/3700
f 3605/1/3701 3606/1/3701 3609/1/3701
f 3606/1/3702 3607/1/3702 3609/1/3702
f 3602/1/3703 3609/1/3703 3607/1/3703
f 3609/1/3704 3602/1/3704 3608/1/3704
f 3608/1/3705 3610/1/3705 3609/1/3705
f 3609/1/3706 3610/1/3706 3612/1/3706
f 3611/1/3707 3612/1/3707 3610/1/3707
f 3611/1/3708 3613/1/3708 3612/1/3708
f 3602/1/3709 3612/1/3709 3613/1/3709
f 3608/1/3710 3602/1/3710 3613/1/3710
f 3615/1/3711 3614/1/3711 3616/1/3711
f 3581/1/3712 3580/1/3712 3579/1/3712
f 3597/1/3713 3592/1/3713 3598/1/3713
f 3593/1/3714 3598/1/3714 3595/1/3714
f 3593/1/3715 3592/1/3715 3597/1/3715
f 3605/1/48 3604/1/48 3610/1/48
f 3610/1/48 3604/1/48 3611/1/48
f 3605/1/48 3610/1/48 3606/1/48
f 3611/1/48 3604/1/48 3613/1/48
f 3610/1/48 3608/1/48 3606/1/48
f 3604/1/48 3603/1/48 3613/1/48
f 3606/1/48 3608/1/48 3607/1/48
f 3613/1/48 3603/1/48 3608/1/48
f 3608/1/48 3603/1/48 3607/1/48
f 3556/1/3716 3554/1/3716 3555/1/3717
f 3564/1/56 3565/1/56 3568/1/3306
f 3568/1/3306 3569/1/56 3564/1/56
f 3564/1/56 3569/1/56 3562/1/56
f 3569/1/56 3567/1/2131 3562/1/56
f 3568/1/3306 3565/1/56 3567/1/2131
f 3565/1/56 3560/1/56 3567/1/2131
f 3567/1/2131 3560/1/56 3562/1/56
f 3586/1/56 3587/1/56 3582/1/56
f 3583/1/56 3586/1/56 3582/1/56
f 3584/1/56 3587/1/56 3590/1/2131
f 3590/1/2131 3586/1/56 3583/1/56
f 3583/1/56 3584/1/56 3590/1/2131
f 3597/1/3718 3591/1/3718 3596/1/3718
f 3594/1/3719 3591/1/3719 3597/1/3719
f 3594/1/3720 3596/1/3720 3595/1/3720
f 3618/1/3721 3619/1/3721 3617/1/3721
f 3623/1/3722 3626/1/3723 3633/1/3724
f 3626/1/3725 3623/1/3725 3628/1/3725
f 3623/1/3726 3627/1/3726 3624/1/3726
f 3624/1/3727 3627/1/3727 3632/1/3727
f 3627/1/3728 3625/1/3728 3632/1/3728
f 3633/1/3729 3626/1/3729 3630/1/3729
f 3627/1/3730 3633/1/3730 3628/1/3730
f 3624/1/3731 3628/1/3731 3633/1/3731
f 3633/1/3732 3629/1/3733 3624/1/3734
f 3628/1/3735 3629/1/3735 3627/1/3735
f 3630/1/3736 3629/1/3736 3631/1/3736
f 3632/1/3737 3631/1/3738 3629/1/3739
f 3629/1/3740 3633/1/3740 3632/1/3740
f 3634/1/3741 3632/1/3741 3633/1/3741
f 3630/1/3742 3631/1/3742 3633/1/3742
f 3634/1/3743 3633/1/3743 3631/1/3743
f 3639/1/3744 3641/1/3744 3635/1/3744
f 3636/1/3745 3635/1/3745 3641/1/3745
f 3635/1/3746 3636/1/3746 3640/1/3746
f 3637/1/3747 3640/1/3747 3636/1/3747
f 3636/1/3748 3638/1/3748 3637/1/3748
f 3639/1/3749 3637/1/3749 3638/1/3749
f 3637/1/3750 3639/1/3750 3644/1/3750
f 3635/1/3751 3644/1/3751 3639/1/3751
f 3638/1/3752 3641/1/3752 3640/1/3752
f 3640/1/3753 3641/1/3753 3642/1/3753
f 3644/1/3754 3642/1/3755 3641/1/3756
f 3641/1/3756 3643/1/3757 3644/1/3754
f 3638/1/3758 3644/1/3759 3643/1/3760
f 3640/1/3761 3644/1/3761 3638/1/3761
f 3646/1/3762 3645/1/3762 3647/1/3762
f 3649/1/3763 3650/1/3763 3648/1/3763
f 3656/1/3764 3659/1/3764 3651/1/3764
f 3652/1/3765 3651/1/3765 3659/1/3765
f 3651/1/3766 3652/1/3766 3657/1/3766
f 3653/1/3767 3657/1/3767 3652/1/3767
f 3652/1/3768 3654/1/3768 3653/1/3768
f 3656/1/3769 3653/1/3769 3654/1/3769
f 3653/1/3770 3656/1/3770 3655/1/3770
f 3651/1/3771 3655/1/3771 3656/1/3771
f 3654/1/3772 3658/1/3772 3657/1/3772
f 3659/1/3773 3657/1/3773 3658/1/3773
f 3655/1/3774 3657/1/3774 3659/1/3774
f 3659/1/3775 3654/1/3775 3655/1/3775
f 3655/1/3776 3654/1/3777 3660/1/3778
f 3657/1/3779 3660/1/3779 3654/1/3779
f 3668/1/3780 3661/1/3780 3662/1/3780
f 3663/1/3781 3665/1/3781 3662/1/3781
f 3664/1/3782 3662/1/3782 3665/1/3782
f 3669/1/3783 3666/1/3783 3665/1/3783
f 3664/1/3784 3665/1/3784 3666/1/3784
f 3669/1/3785 3661/1/3785 3666/1/3785
f 3668/1/3786 3666/1/3786 3661/1/3786
f 3665/1/3787 3663/1/3787 3667/1/3787
f 3668/1/3788 3667/1/3788 3663/1/3788
f 3663/1/3789 3669/1/3789 3668/1/3789
f 3670/1/3790 3668/1/3790 3669/1/3790
f 3670/1/2460 3669/1/2460 3667/1/2460
f 3665/1/2460 3667/1/2460 3669/1/2460
f 3676/1/3695 3674/1/3695 3675/1/3695
f 3679/1/3791 3677/1/3791 3678/1/3791
f 3679/1/3792 3680/1/3792 3677/1/3792
f 3686/1/3793 3677/1/3793 3680/1/3793
f 3681/1/3794 3684/1/3794 3680/1/3794
f 3686/1/3795 3680/1/3795 3684/1/3795
f 3681/1/3796 3682/1/3796 3684/1/3796
f 3682/1/3797 3678/1/3797 3684/1/3797
f 3677/1/3798 3684/1/3798 3678/1/3798
f 3684/1/3799 3677/1/3799 3683/1/3799
f 3685/1/3800 3684/1/3800 3683/1/3800
f 3684/1/3801 3685/1/3801 3686/1/3801
f 3685/1/3802 3687/1/3802 3686/1/3802
f 3677/1/3803 3686/1/3803 3687/1/3803
f 3683/1/3804 3677/1/3804 3687/1/3804
f 3689/1/3805 3688/1/3805 3690/1/3805
f 3622/1/3806 3621/1/3806 3620/1/3806
f 3627/1/3807 3623/1/3807 3633/1/3807
f 3627/1/3808 3629/1/3808 3625/1/3808
f 3629/1/3809 3630/1/3809 3625/1/3809
f 3625/1/3810 3630/1/3810 3626/1/3810
f 3643/1/48 3641/1/48 3639/1/48
f 3638/1/48 3636/1/48 3641/1/48
f 3638/1/48 3643/1/48 3639/1/48
f 3658/1/48 3652/1/48 3659/1/48
f 3654/1/48 3659/1/48 3656/1/48
f 3654/1/48 3652/1/48 3658/1/48
f 3669/1/48 3663/1/48 3661/1/48
f 3662/1/3811 3661/1/3811 3663/1/3811
f 3671/1/2589 3672/1/2589 3673/1/2589
f 3681/1/48 3680/1/48 3685/1/48
f 3685/1/48 3683/1/48 3681/1/48
f 3681/1/48 3683/1/48 3682/1/48
f 3685/1/48 3680/1/48 3687/1/48
f 3680/1/48 3679/1/48 3687/1/48
f 3682/1/48 3683/1/48 3678/1/48
f 3687/1/48 3679/1/48 3683/1/48
f 3683/1/48 3679/1/48 3678/1/48
f 3631/1/3812 3625/1/3813 3626/1/3814
f 3632/1/3815 3625/1/3815 3631/1/3815
f 3632/1/56 3634/1/56 3624/1/56
f 3624/1/56 3634/1/56 3628/1/56
f 3631/1/56 3628/1/56 3634/1/56
f 3628/1/3816 3631/1/3817 3626/1/3818
f 3624/1/3819 3629/1/3819 3623/1/3819
f 3629/1/3820 3628/1/3820 3623/1/3820
f 3642/1/56 3635/1/56 3640/1/56
f 3644/1/56 3635/1/56 3642/1/56
f 3644/1/56 3640/1/56 3637/1/56
f 3655/1/56 3651/1/56 3657/1/56
f 3660/1/56 3657/1/56 3653/1/56
f 3653/1/56 3655/1/56 3660/1/56
f 3664/1/56 3666/1/3821 3667/1/56
f 3664/1/3822 3667/1/3822 3662/1/3822
f 3667/1/56 3666/1/3821 3670/1/3823
f 3668/1/3824 3662/1/3824 3667/1/3824
f 3670/1/3823 3666/1/3821 3668/1/3825
f 3698/1/3826 3691/1/3827 3692/1/3828
f 3699/1/3829 3693/1/3829 3692/1/3829
f 3694/1/3830 3692/1/3830 3693/1/3830
f 3695/1/3831 3696/1/3831 3693/1/3831
f 3694/1/3832 3693/1/3832 3696/1/3832
f 3695/1/2365 3691/1/2365 3696/1/2365
f 3698/1/3833 3696/1/3833 3691/1/3833
f 3693/1/3834 3699/1/3834 3697/1/3834
f 3698/1/3835 3697/1/3835 3699/1/3835
f 3699/1/3836 3700/1/3836 3698/1/3836
f 3696/1/3837 3698/1/3837 3700/1/3837
f 3696/1/3838 3700/1/3839 3697/1/3840
f 3693/1/3841 3697/1/3842 3700/1/3843
f 3708/1/3844 3704/1/3844 3705/1/3844
f 3706/1/2462 3709/1/2462 3705/1/2462
f 3705/1/3845 3712/1/3845 3706/1/3845
f 3708/1/3846 3706/1/3846 3712/1/3846
f 3706/1/3847 3708/1/3848 3707/1/2465
f 3705/1/3849 3707/1/3849 3708/1/3849
f 3712/1/3850 3704/1/3851 3709/1/3852
f 3707/1/3853 3709/1/3853 3704/1/3853
f 3704/1/3854 3710/1/3854 3707/1/3854
f 3707/1/3855 3710/1/3855 3711/1/3855
f 3712/1/3856 3711/1/3856 3710/1/3856
f 3709/1/3857 3711/1/3857 3712/1/3857
f 3714/1/3858 3713/1/3858 3715/1/3858
f 3720/1/3859 3719/1/3859 3721/1/3859
f 3723/1/3860 3722/1/3860 3730/1/3860
f 3724/1/3861 3723/1/3861 3730/1/3861
f 3723/1/3862 3724/1/3862 3726/1/3862
f 3724/1/3863 3725/1/3863 3726/1/3863
f 3727/1/3864 3726/1/3864 3725/1/3864
f 3727/1/3865 3725/1/3865 3722/1/3865
f 3725/1/3866 3730/1/3867 3722/1/3868
f 3728/1/3869 3724/1/3870 3729/1/3871
f 3730/1/3872 3729/1/3872 3724/1/3872
f 3727/1/3873 3729/1/3873 3730/1/3873
f 3728/1/3874 3727/1/3874 3730/1/3874
f 3736/1/1891 3734/1/1891 3735/1/1891
f 3741/1/3875 3740/1/3875 3737/1/3875
f 3738/1/3876 3737/1/3876 3740/1/3876
f 3739/1/3877 3745/1/3877 3740/1/3877
f 3738/1/1896 3740/1/1896 3745/1/1896
f 3739/1/3878 3737/1/3878 3745/1/3878
f 3743/1/3879 3745/1/3879 3737/1/3879
f 3740/1/3880 3741/1/3880 3742/1/3880
f 3743/1/3881 3742/1/3881 3741/1/3881
f 3741/1/3882 3744/1/3882 3743/1/3882
f 3745/1/3883 3743/1/3883 3744/1/3883
f 3745/1/3884 3744/1/3884 3742/1/3884
f 3740/1/3885 3742/1/3885 3744/1/3885
f 3751/1/2158 3749/1/2158 3750/1/2158
f 3753/1/3886 3752/1/3887 3754/1/3888
f 3756/1/3889 3755/1/3889 3757/1/3889
f 3758/1/1907 3760/1/1907 3759/1/1907
s 0
f 3761/1/129 3762/1/129 3763/1/129
f 3761/1/84 3763/1/84 3764/1/84
s 1
f 3763/1/3890 3765/1/3891 3762/1/3892
f 3761/1/3893 3765/1/3891 3764/1/3894
f 3767/1/3895 3766/1/3895 3768/1/3895
f 3769/1/3896 3770/1/3896 3771/1/3896
f 3777/1/1984 3775/1/1984 3776/1/1984
f 3779/1/2177 3780/1/2177 3778/1/2177
f 3783/1/3645 3782/1/3645 3781/1/3645
f 3693/1/48 3700/1/48 3695/1/48
f 3700/1/48 3699/1/48 3695/1/48
f 3695/1/48 3699/1/48 3691/1/48
f 3692/1/3897 3691/1/3897 3699/1/3897
f 3702/1/2589 3701/1/2589 3703/1/2589
f 3708/1/48 3712/1/48 3710/1/48
f 3710/1/48 3704/1/48 3708/1/48
f 3712/1/3898 3705/1/3898 3704/1/3898
f 3716/1/3899 3718/1/3899 3717/1/3899
f 3728/1/3900 3725/1/3900 3724/1/3901
f 3730/1/3902 3725/1/3902 3728/1/3902
f 3732/1/3903 3733/1/3903 3731/1/3903
f 3746/1/1951 3748/1/1951 3747/1/1951
f 3774/1/3904 3773/1/3904 3772/1/3904
f 3694/1/56 3696/1/56 3697/1/56
f 3694/1/3905 3697/1/3905 3692/1/3905
f 3698/1/3906 3692/1/3906 3697/1/3906
f 3707/1/3907 3705/1/3907 3709/1/3907
f 3711/1/56 3709/1/56 3706/1/56
f 3707/1/56 3711/1/56 3706/1/56
f 3729/1/56 3723/1/56 3726/1/56
f 3722/1/56 3723/1/56 3729/1/56
f 3727/1/56 3722/1/56 3729/1/56
f 3728/1/3908 3729/1/3909 3726/1/3910
f 3727/1/3911 3728/1/3911 3726/1/3911
f 3763/1/3890 3764/1/3894 3765/1/3891
f 3761/1/3912 3762/1/3913 3765/1/3914
f 3738/1/48 3742/1/48 3745/1/48
f 3738/1/48 3743/1/48 3742/1/48
f 3737/1/3915 3743/1/3915 3738/1/3915
f 3739/1/56 3744/1/56 3740/1/56
f 3739/1/56 3741/1/56 3744/1/56
f 3737/1/3916 3741/1/3916 3739/1/3916
f 95/2/3917 94/3/3917 96/4/3917
f 98/5/3918 97/6/3918 99/7/3918
s 0
f 103/8/129 104/9/129 105/10/129
f 103/8/84 105/10/84 106/11/84
s 1
f 105/12/1167 91/13/1167 104/14/1167
f 103/15/133 107/16/133 106/17/133
f 107/18/3919 108/19/3919 106/20/3919
f 105/21/3920 108/22/3920 91/23/3920
f 115/24/3921 111/25/3921 109/26/3921
f 109/27/3922 111/28/3922 110/29/3922
f 111/30/3923 113/31/3923 110/32/3923
f 112/33/3924 110/32/3924 113/31/3924
f 114/34/3925 112/35/3925 113/36/3925
f 109/37/726 114/38/726 115/39/726
f 121/20/3926 119/40/3926 120/41/3926
f 122/42/84 123/43/84 120/44/84
f 121/45/84 120/44/84 123/43/84
f 122/46/3927 119/47/3927 123/21/3927
f 125/48/3928 124/49/3928 126/50/3928
f 126/51/3929 127/52/3929 125/53/3929
f 136/54/3930 135/55/3930 134/56/3930
s 0
f 137/57/84 138/58/84 139/59/84
f 137/57/56 139/59/56 140/60/56
s 1
f 139/61/3931 141/62/3931 138/63/3931
f 137/15/3931 141/64/3931 140/65/3931
f 148/66/3932 149/67/3932 147/68/3932
f 148/69/3933 145/70/3934 149/71/3935
f 155/72/3936 151/73/3936 150/74/3936
f 150/75/3937 151/76/3937 152/77/3937
f 151/78/3938 153/79/3938 152/80/3938
f 154/81/3939 152/82/3939 153/83/3939
f 153/84/3940 155/85/3940 154/86/3940
f 150/87/3941 154/88/3941 155/89/3941
f 158/90/3942 153/91/3942 157/92/3942
f 156/66/3943 157/93/3943 153/94/3943
f 165/95/748 163/96/748 164/97/748
f 166/98/84 167/99/84 164/100/84
f 165/101/84 164/100/84 167/99/84
f 166/102/221 162/103/221 167/104/221
f 170/105/1502 171/106/1502 169/107/1502
f 168/108/1503 169/107/1503 171/106/1503
f 177/109/3944 176/110/3944 175/111/3944
f 93/112/3945 92/113/3945 187/114/3945
f 189/115/3946 190/116/3946 188/117/3946
f 194/118/3947 196/119/3947 193/120/3947
f 195/121/3948 193/120/3948 196/119/3948
f 191/122/3949 195/123/3949 196/124/3949
f 196/125/3950 192/126/3950 191/127/3950
f 199/128/3951 198/129/3951 194/130/3951
f 192/131/3952 199/132/3952 194/133/3952
f 192/134/3953 197/135/3953 199/136/3953
f 203/137/3954 202/138/3954 201/139/3954
f 205/140/3955 201/141/3955 202/142/3955
f 200/143/3956 205/144/3956 202/145/3956
f 203/146/3957 204/147/3957 207/148/3957
f 205/149/3958 207/150/3958 204/151/3958
f 206/152/3959 205/153/3959 204/154/3959
f 207/155/3960 206/156/3960 203/157/3960
f 218/158/3961 217/159/3961 219/160/3961
f 222/161/3962 220/162/3962 221/163/3962
f 223/164/3963 222/165/3963 221/166/3963
f 222/167/3964 223/168/3964 224/169/3964
f 223/170/3965 225/171/3965 224/172/3965
f 226/173/3966 220/174/3966 228/175/3966
f 233/176/3967 231/177/3967 232/178/3967
f 233/179/3968 234/180/3968 235/181/3968
f 234/182/3969 230/183/3969 235/184/3969
f 229/185/3970 235/184/3970 230/183/3970
f 237/186/84 236/187/84 229/188/84
f 236/189/3971 238/190/3971 229/191/3971
f 237/185/3972 239/192/3973 236/193/3974
f 248/194/3975 244/195/3975 240/196/3975
f 242/197/3976 241/198/3976 243/199/3976
f 242/200/3977 243/201/3978 244/202/3979
f 240/203/3980 244/204/3980 243/205/3980
f 248/206/3981 246/207/3981 247/208/3981
f 247/209/3982 245/210/3982 248/211/3982
f 251/212/3983 249/213/3983 250/214/3983
f 250/215/3984 252/216/3984 251/217/3984
f 251/218/3985 252/219/3985 253/220/3985
f 253/221/3986 255/222/3986 254/223/3986
f 256/224/3987 254/223/3987 255/222/3987
f 249/225/3988 256/226/3988 255/227/3988
f 265/228/3989 261/229/3989 262/230/3989
f 263/231/3990 265/232/3990 262/233/3990
f 264/234/3991 263/235/3991 260/236/3991
f 267/237/3992 262/238/3993 264/239/3994
f 262/240/3995 266/241/3995 264/242/3995
f 265/243/3996 264/244/3996 266/245/3996
f 267/246/3997 265/247/3997 266/248/3997
f 279/249/3975 275/250/3975 271/251/3975
f 273/252/3976 272/253/3976 274/254/3976
f 273/255/3998 274/256/3998 275/257/3998
f 271/258/3999 275/259/3999 274/260/3999
f 279/261/3981 277/262/4000 278/263/4001
f 278/264/3982 276/265/3982 279/266/3982
f 284/267/3918 283/268/3918 285/269/3918
f 102/270/4002 101/271/4003 100/272/4004
f 108/273/4005 91/274/4005 107/275/4005
f 114/276/862 113/277/862 115/278/862
f 115/278/4006 113/277/4006 117/279/4006
f 117/279/4007 113/277/4007 118/280/4007
f 117/279/865 116/281/865 115/278/865
f 115/278/4008 116/281/4008 111/282/4008
f 118/280/4009 113/277/4009 116/281/4009
f 113/277/4010 111/282/4010 116/281/4010
f 129/283/1637 128/284/1637 130/285/1637
f 131/286/4011 133/287/4011 132/288/4011
f 142/289/4012 144/290/4012 143/291/4012
f 145/292/4013 151/293/4013 146/294/4013
f 155/295/4014 146/294/4014 151/293/4014
f 147/296/4015 146/294/4015 155/295/4015
f 147/296/4016 155/295/4016 148/297/4016
f 155/295/4017 156/298/4017 148/297/4017
f 156/298/4018 155/295/4018 158/299/4018
f 155/295/4019 153/300/4019 158/299/4019
f 153/300/4020 151/293/4021 156/298/4021
f 151/293/4022 145/292/4023 156/298/4024
f 156/298/4024 145/292/4023 148/297/4025
f 161/301/811 160/302/811 159/303/811
f 173/304/4026 172/305/4026 174/306/4026
f 180/307/459 179/308/459 178/309/459
f 183/310/48 182/311/48 181/312/48
f 185/313/4027 184/314/4027 186/315/4027
f 192/316/4028 196/317/4028 197/318/4028
f 193/319/4029 192/316/4029 194/320/4029
f 194/321/4030 198/322/4031 196/317/4032
f 197/318/4033 196/317/4033 198/322/4033
f 203/323/4034 201/324/4034 200/325/4034
f 204/326/4035 203/323/4035 200/325/4035
f 206/327/4036 202/328/4037 203/323/4038
f 206/327/4039 204/326/4039 200/325/4039
f 200/325/4040 202/328/4040 206/327/4040
f 210/329/4041 209/330/4041 208/331/4041
f 212/332/4042 211/333/4043 213/334/4044
f 214/335/4045 216/336/4045 215/337/4045
f 226/338/4046 225/339/4046 227/340/4046
f 225/339/4047 223/341/4047 227/340/4047
f 227/340/4048 223/341/4048 228/342/4048
f 228/342/4049 223/341/4050 221/343/4051
f 226/338/4052 228/342/4053 221/343/4054
f 221/343/4055 225/339/4055 226/338/4055
f 233/344/4056 232/345/4056 234/346/4056
f 234/346/4057 232/345/4057 238/347/4057
f 238/347/4058 232/345/4058 239/348/4058
f 234/346/4059 238/347/4059 230/349/4059
f 236/350/4060 230/349/4060 238/347/4060
f 239/348/4061 232/345/4061 236/350/4061
f 232/345/4062 231/351/4062 236/350/4062
f 230/349/4063 236/350/4063 231/351/4063
f 243/352/4064 245/353/4064 240/354/4064
f 245/353/4065 243/352/4065 246/355/4065
f 246/355/4066 243/352/4066 247/356/4066
f 243/352/4067 241/357/4067 247/356/4067
f 247/356/4068 240/354/4068 245/353/4068
f 247/356/4069 241/357/4069 240/354/4069
f 240/354/4070 241/357/4070 248/358/4070
f 253/359/4071 252/360/4071 258/361/4071
f 258/361/4072 257/362/4072 253/359/4072
f 252/360/4073 250/363/4073 258/361/4073
f 258/361/4074 250/363/4074 259/364/4074
f 253/359/4075 257/362/4075 255/365/4075
f 257/362/4076 259/364/4076 255/365/4076
f 259/364/4077 250/363/4077 255/365/4077
f 250/363/4078 249/366/4078 255/365/4078
f 261/367/4079 260/368/4079 262/369/4079
f 266/370/4080 262/369/4080 260/368/4080
f 263/371/4081 266/370/4081 260/368/4081
f 267/372/4082 266/370/4082 263/371/4082
f 263/371/4083 262/369/4083 267/372/4083
f 270/373/4041 269/374/4041 268/375/4041
f 274/376/4084 276/377/4084 271/378/4084
f 276/377/4085 274/376/4085 277/379/4085
f 277/379/4086 274/376/4086 278/380/4086
f 274/376/4067 272/381/4067 278/380/4067
f 278/380/4068 271/378/4068 276/377/4068
f 278/380/4087 272/381/4087 271/378/4087
f 271/378/4070 272/381/4070 279/382/4070
f 282/383/48 281/384/48 280/385/48
f 108/386/460 106/11/460 105/10/460
f 91/387/4088 107/388/4089 104/9/4090
f 103/8/464 104/9/464 107/388/464
f 116/389/1011 109/390/1011 110/391/1011
f 117/392/4091 109/390/4091 116/389/4091
f 112/393/1013 116/389/1013 110/391/1013
f 118/394/4092 116/389/4092 112/393/4092
f 114/395/4093 109/390/4093 117/392/4093
f 118/394/1016 114/395/1016 117/392/1016
f 114/395/4094 118/394/4094 112/393/4094
f 141/396/4095 140/60/4095 139/59/4095
f 137/57/4095 138/58/4095 141/397/4095
f 157/398/4096 149/399/4096 145/400/4096
f 146/401/4097 157/398/4097 145/400/4097
f 156/402/4098 149/399/4098 157/398/4098
f 158/403/4099 149/399/4099 156/402/4099
f 152/404/4100 157/398/4101 146/401/4102
f 154/405/56 157/398/56 152/404/56
f 158/403/4103 157/398/4103 154/405/4103
f 154/405/4104 149/399/4104 158/403/4104
f 149/399/4105 154/405/4105 147/406/4105
f 147/406/4106 154/405/4106 146/401/4106
f 154/405/4107 150/407/4108 146/401/4108
f 150/407/4109 152/404/4109 146/401/4109
f 191/408/4110 193/409/4110 199/410/4110
f 199/410/4111 197/411/4111 191/408/4111
f 199/410/4112 193/412/4113 198/413/4114
f 193/412/4115 195/414/4115 198/413/4115
f 198/413/4116 195/414/4116 197/411/4116
f 191/408/4117 197/411/4117 195/414/4117
f 192/415/4118 193/409/4118 191/408/4118
f 207/416/4119 200/417/4119 201/418/4119
f 205/419/4120 200/417/4120 207/416/4120
f 206/420/4121 207/416/4121 201/418/4121
f 205/419/4122 206/420/4122 201/418/4122
f 220/421/4123 222/422/4124 228/423/4125
f 228/423/4126 222/422/4126 227/424/4126
f 227/424/4127 222/422/4127 224/425/4127
f 226/426/4128 227/424/4128 224/425/4128
f 220/421/4129 226/426/4129 224/425/4129
f 225/427/4130 220/421/4130 224/425/4130
f 221/428/4131 220/421/4131 225/427/4131
f 229/429/4132 235/430/4132 238/431/4132
f 238/431/4133 235/430/4134 239/432/4135
f 233/433/4136 239/432/4136 235/430/4136
f 231/434/4137 239/432/4138 233/433/4139
f 231/434/4140 237/435/4141 239/432/4141
f 231/434/4142 229/429/4142 237/435/4142
f 229/429/4143 231/434/4143 230/436/4143
f 242/437/4144 244/438/4145 245/439/4146
f 245/439/4146 246/440/4147 242/437/4144
f 242/437/4148 246/440/4148 241/441/4148
f 245/439/4149 244/438/4149 248/442/4149
f 246/440/4150 248/442/4150 241/441/4150
f 259/443/4151 256/444/4151 249/445/4151
f 257/446/4152 256/444/4152 259/443/4152
f 251/447/4153 259/443/4153 249/445/4153
f 254/448/4154 256/444/4154 257/446/4154
f 258/449/4155 259/443/4155 251/447/4155
f 257/446/4156 258/449/4156 251/447/4156
f 254/448/4157 257/446/4157 251/447/4157
f 253/450/4158 254/448/4158 251/447/4158
f 267/451/4159 260/452/4159 261/453/4159
f 264/454/4160 260/452/4160 267/451/4160
f 265/455/4161 263/456/4161 264/454/4161
f 265/455/4162 267/451/4162 261/453/4162
f 273/457/4163 275/458/4145 276/459/4146
f 276/459/4146 277/460/4164 273/457/4163
f 273/457/4148 277/460/4148 272/461/4148
f 276/459/4149 275/458/4149 279/462/4149
f 277/460/4150 279/462/4150 272/461/4150
f 171/463/4165 167/464/4165 170/465/4165
f 170/465/1757 167/464/1757 168/466/1757
f 171/463/4166 162/467/4166 167/464/4166
f 165/468/1759 168/466/1759 167/464/1759
f 162/467/1760 171/463/1760 163/469/1760
f 168/466/1761 163/469/1761 171/463/1761
f 163/469/1762 168/466/1762 165/468/1762
f 125/470/4167 123/471/4167 127/472/4167
f 127/472/4168 123/471/4168 124/473/4168
f 125/470/4169 119/474/4170 123/471/4171
f 121/475/642 124/473/642 123/471/642
f 121/475/4172 125/470/4172 124/473/4172
f 119/474/4173 125/470/4173 121/475/4173
f 169/476/1768 164/477/1768 168/478/1768
f 168/478/1769 164/477/1769 170/479/1769
f 169/476/1770 163/480/1770 164/477/1770
f 166/481/1771 170/479/1771 164/477/1771
f 163/480/1772 169/476/1772 162/482/1772
f 170/479/1773 162/482/1773 169/476/1773
f 162/482/1774 170/479/1774 166/481/1774
f 126/483/4174 120/484/4174 124/485/4174
f 124/485/4175 120/484/4175 127/486/4175
f 126/483/4176 119/487/4176 120/484/4176
f 122/488/654 127/486/654 120/484/654
f 122/488/4177 126/483/4177 127/486/4177
f 119/487/4178 126/483/4178 122/488/4178
f 3794/489/4179 3796/490/4179 3790/491/4179
f 3791/492/4180 3790/493/4180 3792/494/4180
f 3793/495/4181 3791/496/4181 3792/497/4181
f 3790/498/4182 3793/499/4182 3794/500/4182
f 3798/501/4183 3796/502/4183 3795/503/4183
f 3797/504/4184 3795/505/4184 3796/506/4184
f 3801/507/3926 3799/508/3926 3800/509/3926
f 3802/510/84 3803/511/84 3800/512/84
f 3801/513/84 3800/512/84 3803/511/84
f 3802/514/3927 3799/515/3927 3803/516/3927
f 3806/517/4185 3804/518/4185 3805/519/4185
f 3805/520/4186 3807/521/4186 3806/522/4186
f 3824/523/4187 3823/524/4187 3825/525/4187
f 3826/526/4188 3825/525/4188 3823/524/4188
f 3828/527/4189 3825/528/4189 3826/529/4189
f 3826/530/4190 3827/531/4190 3828/532/4190
f 3827/533/4191 3829/534/4191 3833/535/4191
f 3830/536/4192 3835/537/4192 3825/538/4192
f 3833/539/4193 3825/540/4193 3835/541/4193
f 3835/542/4194 3831/543/4194 3833/544/4194
f 3833/545/4195 3824/546/4195 3832/547/4195
f 3833/523/4196 3832/524/4196 3834/548/4196
f 3832/549/4197 3824/550/4197 3835/551/4197
f 3834/552/4198 3835/551/4198 3824/550/4198
f 3842/553/748 3840/554/748 3841/555/748
f 3843/556/84 3844/557/84 3841/558/84
f 3842/559/84 3841/558/84 3844/557/84
f 3843/560/221 3839/561/221 3844/562/221
f 3848/563/4199 3847/564/4199 3845/565/4199
f 3846/566/4200 3845/565/4200 3847/564/4200
s 0
f 3849/567/84 3850/568/84 3851/569/84
f 3849/567/56 3851/569/56 3852/570/56
s 1
f 3851/571/4201 3853/572/4201 3850/573/4201
f 3849/574/4201 3853/575/4201 3852/576/4201
f 3855/577/4202 3856/578/4202 3854/579/4202
f 3857/580/4203 3858/581/4203 3859/582/4203
f 3862/583/4204 3861/584/4204 3860/585/4204
f 3788/586/4205 3787/587/4205 3786/588/4205
f 3785/589/4206 3784/590/4206 3789/591/4206
f 3793/592/4207 3792/593/4207 3794/594/4207
f 3794/594/4208 3792/593/4209 3797/595/4210
f 3797/595/4211 3792/593/4211 3798/596/4211
f 3797/595/4212 3796/597/4212 3794/594/4212
f 3798/596/4213 3792/593/4213 3796/597/4213
f 3792/593/4214 3790/598/4214 3796/597/4214
f 3809/599/4215 3808/600/4215 3810/601/4215
f 3815/602/4216 3814/603/4216 3816/604/4216
f 3818/605/4217 3817/606/4217 3819/607/4217
f 3822/608/4218 3821/609/4218 3820/610/4218
f 3823/611/4219 3830/612/4219 3826/613/4219
f 3831/614/4220 3826/613/4220 3830/612/4220
f 3827/615/4221 3826/613/4221 3831/614/4221
f 3831/614/4222 3832/616/4222 3827/615/4222
f 3832/616/4223 3831/614/4223 3834/617/4223
f 3831/614/4224 3835/618/4224 3834/617/4224
f 3835/618/4225 3830/612/4225 3832/616/4225
f 3827/615/4226 3832/616/4226 3829/619/4226
f 3830/612/4227 3823/611/4227 3832/616/4227
f 3832/616/4228 3823/611/4228 3829/619/4228
f 3838/620/4229 3837/621/4229 3836/622/4229
f 3865/623/4230 3864/624/4230 3863/625/4230
f 3797/626/4231 3790/627/4231 3795/628/4231
f 3791/629/4232 3795/628/4233 3790/627/4234
f 3798/630/4235 3795/628/4235 3791/629/4235
f 3793/631/4236 3790/627/4237 3797/626/4238
f 3798/630/4239 3793/631/4239 3797/626/4239
f 3793/631/4240 3798/630/4240 3791/629/4240
f 3812/632/4241 3813/633/4241 3811/634/4241
f 3824/635/4242 3829/636/4242 3823/637/4242
f 3833/638/4243 3829/636/4243 3824/635/4243
f 3824/635/4244 3825/639/4244 3834/640/4244
f 3833/638/4245 3834/640/4245 3825/639/4245
f 3827/641/4246 3833/638/4246 3828/642/4246
f 3833/638/4247 3831/643/4247 3828/642/4247
f 3831/643/4248 3830/644/4248 3828/642/4248
f 3828/642/4249 3830/644/4249 3825/639/4249
f 3851/569/4201 3852/570/4201 3853/645/4201
f 3849/567/4250 3850/568/4250 3853/646/4250
f 3847/647/4251 3844/648/4251 3848/649/4251
f 3848/649/4252 3844/648/4252 3846/650/4252
f 3847/647/4253 3839/651/4253 3844/648/4253
f 3842/652/4254 3846/650/4254 3844/648/4254
f 3839/651/4255 3847/647/4255 3840/653/4255
f 3846/650/4256 3840/653/4256 3847/647/4256
f 3840/653/4257 3846/650/4257 3842/652/4257
f 3806/654/4258 3803/655/4258 3807/656/4258
f 3807/656/4259 3803/655/4259 3804/657/4259
f 3806/654/4260 3799/658/4260 3803/655/4260
f 3801/659/4261 3804/657/4261 3803/655/4261
f 3801/659/4262 3806/654/4262 3804/657/4262
f 3799/658/4263 3806/654/4263 3801/659/4263
f 3845/660/4264 3841/661/4264 3846/662/4264
f 3846/662/4265 3841/661/4265 3848/663/4265
f 3845/660/4266 3840/664/4266 3841/661/4266
f 3843/665/4267 3848/663/4267 3841/661/4267
f 3840/664/4268 3845/660/4268 3839/666/4268
f 3848/663/4269 3839/666/4269 3845/660/4269
f 3839/666/4270 3848/663/4270 3843/665/4270
f 3805/667/4271 3800/668/4271 3804/669/4271
f 3804/669/4272 3800/668/4272 3807/670/4272
f 3805/667/4273 3799/671/4273 3800/668/4273
f 3802/672/4274 3807/670/4274 3800/668/4274
f 3802/672/4275 3805/667/4275 3807/670/4275
f 3799/671/4276 3805/667/4276 3802/672/4276
